INFO [9sSL6FQV] c.m.s.c.CheckoutShippingController : Shipping calculation requested
INFO [9sSL6FQV] c.m.s.service.LoyaltyShippingService : Calculating shipping for country=US, zip=10001, cartTotal=20.0
INFO [9sSL6FQV] c.m.s.service.LoyaltyShippingService : Using database rate baseRate=10.00, regionalSurcharge=2.50
INFO [9sSL6FQV] c.m.s.service.LoyaltyShippingService : Applied tier=STANDARD discount=0.0
INFO [9sSL6FQV] c.m.s.service.PromoEvaluatorService : No promo code supplied
INFO [9sSL6FQV] c.m.s.service.LoyaltyShippingService : Applied promo discount=0
INFO [9sSL6FQV] c.m.s.service.LoyaltyShippingService : Discount total=0.0 capped=false netFreight=12.50
INFO [9sSL6FQV] c.m.s.service.LoyaltyShippingService : Shipping calculation result grossFreight=12.50, totalSurcharges=0, finalFee=12.50
INFO [9sSL6FQV] c.m.s.c.CheckoutShippingController : Shipping calculation completed with final fee 12.50
INFO [C6CPLgW7] c.m.s.c.CheckoutShippingController : Shipping calculation requested
INFO [C6CPLgW7] c.m.s.service.LoyaltyShippingService : Calculating shipping for country=US, zip=10001, cartTotal=40.0
INFO [C6CPLgW7] c.m.s.service.LoyaltyShippingService : Using database rate baseRate=10.00, regionalSurcharge=2.50
INFO [C6CPLgW7] c.m.s.service.LoyaltyShippingService : Applied tier=STANDARD discount=0.0
INFO [C6CPLgW7] c.m.s.service.PromoEvaluatorService : Promo code SUMMER5 applied flat discount 5.0000
INFO [C6CPLgW7] c.m.s.service.LoyaltyShippingService : Applied promo discount=5.0000
INFO [C6CPLgW7] c.m.s.service.LoyaltyShippingService : Discount total=5.0000 capped=false netFreight=7.5000
INFO [C6CPLgW7] c.m.s.service.LoyaltyShippingService : Shipping calculation result grossFreight=12.50, totalSurcharges=0, finalFee=7.5000
INFO [C6CPLgW7] c.m.s.c.CheckoutShippingController : Shipping calculation completed with final fee 7.50
INFO [cmV6GcNf] c.m.s.c.CheckoutShippingController : Shipping calculation requested
INFO [cmV6GcNf] c.m.s.service.LoyaltyShippingService : Calculating shipping for country=US, zip=10001, cartTotal=30.0
INFO [cmV6GcNf] c.m.s.service.LoyaltyShippingService : Using database rate baseRate=10.00, regionalSurcharge=2.50
INFO [cmV6GcNf] c.m.s.service.LoyaltyShippingService : Applied tier=STANDARD discount=0.0
INFO [cmV6GcNf] c.m.s.service.PromoEvaluatorService : Promo code WELCOME10 applied percentage discount
INFO [cmV6GcNf] c.m.s.service.LoyaltyShippingService : Applied promo discount=1.250000
INFO [cmV6GcNf] c.m.s.service.LoyaltyShippingService : Discount total=1.250000 capped=false netFreight=11.250000
INFO [cmV6GcNf] c.m.s.service.LoyaltyShippingService : Shipping calculation result grossFreight=12.50, totalSurcharges=0, finalFee=11.250000
INFO [cmV6GcNf] c.m.s.c.CheckoutShippingController : Shipping calculation completed with final fee 11.25
INFO [ojXlYc9E] c.m.s.c.CheckoutShippingController : Shipping calculation requested
INFO [ojXlYc9E] c.m.s.service.LoyaltyShippingService : Calculating shipping for country=US, zip=10001, cartTotal=100.0
INFO [ojXlYc9E] c.m.s.service.LoyaltyShippingService : Using database rate baseRate=10.00, regionalSurcharge=2.50
INFO [ojXlYc9E] c.m.s.service.LoyaltyShippingService : Applied tier=STANDARD discount=0.0
INFO [ojXlYc9E] c.m.s.service.PromoEvaluatorService : Promo code VIP20 applied percentage discount
INFO [ojXlYc9E] c.m.s.service.LoyaltyShippingService : Applied promo discount=2.500000
INFO [ojXlYc9E] c.m.s.service.LoyaltyShippingService : Discount total=2.500000 capped=false netFreight=10.000000
INFO [ojXlYc9E] c.m.s.service.LoyaltyShippingService : Shipping calculation result grossFreight=12.50, totalSurcharges=0, finalFee=10.000000
INFO [ojXlYc9E] c.m.s.c.CheckoutShippingController : Shipping calculation completed with final fee 10.00
INFO [SjuV22gG] c.m.s.c.CheckoutShippingController : Shipping calculation requested
INFO [SjuV22gG] c.m.s.service.LoyaltyShippingService : Calculating shipping for country=US, zip=10001, cartTotal=40.0
INFO [SjuV22gG] c.m.s.service.LoyaltyShippingService : Using database rate baseRate=10.00, regionalSurcharge=2.50
INFO [SjuV22gG] c.m.s.service.LoyaltyShippingService : Applied tier=STANDARD discount=0.0
INFO [SjuV22gG] c.m.s.service.PromoEvaluatorService : Promo code VIP20 rejected below cart minimum 50.00
INFO [SjuV22gG] c.m.s.service.LoyaltyShippingService : Applied promo discount=0
INFO [SjuV22gG] c.m.s.service.LoyaltyShippingService : Discount total=0.0 capped=false netFreight=12.50
INFO [SjuV22gG] c.m.s.service.LoyaltyShippingService : Shipping calculation result grossFreight=12.50, totalSurcharges=0, finalFee=12.50
INFO [SjuV22gG] c.m.s.c.CheckoutShippingController : Shipping calculation completed with final fee 12.50
INFO [buLz4V9T] c.m.s.c.CheckoutShippingController : Shipping calculation requested
INFO [buLz4V9T] c.m.s.service.LoyaltyShippingService : Calculating shipping for country=US, zip=10001, cartTotal=100.0
INFO [buLz4V9T] c.m.s.service.LoyaltyShippingService : Using database rate baseRate=10.00, regionalSurcharge=2.50
INFO [buLz4V9T] c.m.s.service.LoyaltyShippingService : Applied tier=STANDARD discount=0.0
INFO [buLz4V9T] c.m.s.service.PromoEvaluatorService : Promo code FREESHIP10 applied flat discount 10.0000
INFO [buLz4V9T] c.m.s.service.LoyaltyShippingService : Applied promo discount=10.0000
INFO [buLz4V9T] c.m.s.service.LoyaltyShippingService : Discount total=10.0000 capped=false netFreight=2.5000
INFO [buLz4V9T] c.m.s.service.LoyaltyShippingService : Shipping calculation result grossFreight=12.50, totalSurcharges=0, finalFee=2.5000
INFO [buLz4V9T] c.m.s.c.CheckoutShippingController : Shipping calculation completed with final fee 2.50
INFO [0jVfqMKU] c.m.s.c.CheckoutShippingController : Shipping calculation requested
INFO [0jVfqMKU] c.m.s.service.LoyaltyShippingService : Calculating shipping for country=US, zip=10001, cartTotal=40.0
INFO [0jVfqMKU] c.m.s.service.LoyaltyShippingService : Using database rate baseRate=10.00, regionalSurcharge=2.50
INFO [0jVfqMKU] c.m.s.service.LoyaltyShippingService : Applied tier=STANDARD discount=0.0
INFO [0jVfqMKU] c.m.s.service.PromoEvaluatorService : Promo code EARLYBIRD5 applied flat discount 5.0000
INFO [0jVfqMKU] c.m.s.service.LoyaltyShippingService : Applied promo discount=5.0000
INFO [0jVfqMKU] c.m.s.service.LoyaltyShippingService : Discount total=5.0000 capped=false netFreight=7.5000
INFO [0jVfqMKU] c.m.s.service.LoyaltyShippingService : Shipping calculation result grossFreight=12.50, totalSurcharges=0, finalFee=7.5000
INFO [0jVfqMKU] c.m.s.c.CheckoutShippingController : Shipping calculation completed with final fee 7.50
INFO [Jy4rPePp] c.m.s.c.CheckoutShippingController : Shipping calculation requested
INFO [Jy4rPePp] c.m.s.service.LoyaltyShippingService : Calculating shipping for country=US, zip=10001, cartTotal=30.0
INFO [Jy4rPePp] c.m.s.service.LoyaltyShippingService : Using database rate baseRate=10.00, regionalSurcharge=2.50
INFO [Jy4rPePp] c.m.s.service.LoyaltyShippingService : Applied tier=STANDARD discount=0.0
INFO [Jy4rPePp] c.m.s.service.PromoEvaluatorService : Promo code EARLYBIRD5 rejected outside time window
INFO [Jy4rPePp] c.m.s.service.LoyaltyShippingService : Applied promo discount=0
INFO [Jy4rPePp] c.m.s.service.LoyaltyShippingService : Discount total=0.0 capped=false netFreight=12.50
INFO [Jy4rPePp] c.m.s.service.LoyaltyShippingService : Shipping calculation result grossFreight=12.50, totalSurcharges=0, finalFee=12.50
INFO [Jy4rPePp] c.m.s.c.CheckoutShippingController : Shipping calculation completed with final fee 12.50
INFO [fGlsrKVR] c.m.s.c.CheckoutShippingController : Shipping calculation requested
INFO [fGlsrKVR] c.m.s.service.LoyaltyShippingService : Calculating shipping for country=US, zip=10001, cartTotal=20.0
INFO [fGlsrKVR] c.m.s.service.LoyaltyShippingService : Using database rate baseRate=10.00, regionalSurcharge=2.50
INFO [fGlsrKVR] c.m.s.service.LoyaltyShippingService : Applied tier=STANDARD discount=0.0
INFO [fGlsrKVR] c.m.s.service.PromoEvaluatorService : Promo code NIGHTOWL10 applied remaining-fee percentage discount
INFO [fGlsrKVR] c.m.s.service.LoyaltyShippingService : Applied promo discount=1.250000
INFO [fGlsrKVR] c.m.s.service.LoyaltyShippingService : Discount total=1.250000 capped=false netFreight=11.250000
INFO [fGlsrKVR] c.m.s.service.LoyaltyShippingService : Shipping calculation result grossFreight=12.50, totalSurcharges=0, finalFee=11.250000
INFO [fGlsrKVR] c.m.s.c.CheckoutShippingController : Shipping calculation completed with final fee 11.25
INFO [JZGKQN6f] c.m.s.c.CheckoutShippingController : Shipping calculation requested
INFO [JZGKQN6f] c.m.s.service.LoyaltyShippingService : Calculating shipping for country=US, zip=10001, cartTotal=20.0
INFO [JZGKQN6f] c.m.s.service.LoyaltyShippingService : Using database rate baseRate=10.00, regionalSurcharge=2.50
INFO [JZGKQN6f] c.m.s.service.LoyaltyShippingService : Applied tier=STANDARD discount=0.0
INFO [JZGKQN6f] c.m.s.service.PromoEvaluatorService : Promo code NIGHTOWL10 rejected outside time window
INFO [JZGKQN6f] c.m.s.service.LoyaltyShippingService : Applied promo discount=0
INFO [JZGKQN6f] c.m.s.service.LoyaltyShippingService : Discount total=0.0 capped=false netFreight=12.50
INFO [JZGKQN6f] c.m.s.service.LoyaltyShippingService : Shipping calculation result grossFreight=12.50, totalSurcharges=0, finalFee=12.50
INFO [JZGKQN6f] c.m.s.c.CheckoutShippingController : Shipping calculation completed with final fee 12.50
INFO [Zl5FkSoZ] c.m.s.c.CheckoutShippingController : Shipping calculation requested
INFO [Zl5FkSoZ] c.m.s.service.LoyaltyShippingService : Calculating shipping for country=US, zip=10001, cartTotal=100.0
INFO [Zl5FkSoZ] c.m.s.service.LoyaltyShippingService : Using database rate baseRate=10.00, regionalSurcharge=2.50
INFO [Zl5FkSoZ] c.m.s.service.LoyaltyShippingService : Applied tier=STANDARD discount=0.0
WARN [Zl5FkSoZ] c.m.s.service.PromoEvaluatorService : Promo code EXPIRED10 was not found or is inactive
INFO [Zl5FkSoZ] c.m.s.service.LoyaltyShippingService : Applied promo discount=0
INFO [Zl5FkSoZ] c.m.s.service.LoyaltyShippingService : Discount total=0.0 capped=false netFreight=12.50
INFO [Zl5FkSoZ] c.m.s.service.LoyaltyShippingService : Shipping calculation result grossFreight=12.50, totalSurcharges=0, finalFee=12.50
INFO [Zl5FkSoZ] c.m.s.c.CheckoutShippingController : Shipping calculation completed with final fee 12.50
INFO [IOiW5kd0] c.m.s.c.CheckoutShippingController : Shipping calculation requested
INFO [IOiW5kd0] c.m.s.service.LoyaltyShippingService : Calculating shipping for country=US, zip=10001, cartTotal=20.0
INFO [IOiW5kd0] c.m.s.service.LoyaltyShippingService : Using database rate baseRate=10.00, regionalSurcharge=2.50
INFO [IOiW5kd0] c.m.s.service.LoyaltyShippingService : Applied tier=SILVER discount=2.000
INFO [IOiW5kd0] c.m.s.service.PromoEvaluatorService : No promo code supplied
INFO [IOiW5kd0] c.m.s.service.LoyaltyShippingService : Applied promo discount=0
INFO [IOiW5kd0] c.m.s.service.LoyaltyShippingService : Discount total=2.000 capped=false netFreight=10.500
INFO [IOiW5kd0] c.m.s.service.LoyaltyShippingService : Shipping calculation result grossFreight=12.50, totalSurcharges=0, finalFee=10.500
INFO [IOiW5kd0] c.m.s.c.CheckoutShippingController : Shipping calculation completed with final fee 10.50
INFO [45dBjXqn] c.m.s.c.CheckoutShippingController : Shipping calculation requested
INFO [45dBjXqn] c.m.s.service.LoyaltyShippingService : Calculating shipping for country=US, zip=10001, cartTotal=40.0
INFO [45dBjXqn] c.m.s.service.LoyaltyShippingService : Using database rate baseRate=10.00, regionalSurcharge=2.50
INFO [45dBjXqn] c.m.s.service.LoyaltyShippingService : Applied tier=SILVER discount=4.000
INFO [45dBjXqn] c.m.s.service.PromoEvaluatorService : Promo code SUMMER5 applied flat discount 5.0000
INFO [45dBjXqn] c.m.s.service.LoyaltyShippingService : Applied promo discount=5.0000
INFO [45dBjXqn] c.m.s.service.LoyaltyShippingService : Discount total=9.0000 capped=false netFreight=3.5000
INFO [45dBjXqn] c.m.s.service.LoyaltyShippingService : Shipping calculation result grossFreight=12.50, totalSurcharges=0, finalFee=3.5000
INFO [45dBjXqn] c.m.s.c.CheckoutShippingController : Shipping calculation completed with final fee 3.50
INFO [uyT1RlOs] c.m.s.c.CheckoutShippingController : Shipping calculation requested
INFO [uyT1RlOs] c.m.s.service.LoyaltyShippingService : Calculating shipping for country=US, zip=10001, cartTotal=30.0
INFO [uyT1RlOs] c.m.s.service.LoyaltyShippingService : Using database rate baseRate=10.00, regionalSurcharge=2.50
INFO [uyT1RlOs] c.m.s.service.LoyaltyShippingService : Applied tier=SILVER discount=3.000
INFO [uyT1RlOs] c.m.s.service.PromoEvaluatorService : Promo code WELCOME10 applied percentage discount
INFO [uyT1RlOs] c.m.s.service.LoyaltyShippingService : Applied promo discount=1.250000
INFO [uyT1RlOs] c.m.s.service.LoyaltyShippingService : Discount total=4.250000 capped=false netFreight=8.250000
INFO [uyT1RlOs] c.m.s.service.LoyaltyShippingService : Shipping calculation result grossFreight=12.50, totalSurcharges=0, finalFee=8.250000
INFO [uyT1RlOs] c.m.s.c.CheckoutShippingController : Shipping calculation completed with final fee 8.25
INFO [ozVL1x7C] c.m.s.c.CheckoutShippingController : Shipping calculation requested
INFO [ozVL1x7C] c.m.s.service.LoyaltyShippingService : Calculating shipping for country=US, zip=10001, cartTotal=100.0
INFO [ozVL1x7C] c.m.s.service.LoyaltyShippingService : Using database rate baseRate=10.00, regionalSurcharge=2.50
INFO [ozVL1x7C] c.m.s.service.LoyaltyShippingService : Applied tier=SILVER discount=10.000
INFO [ozVL1x7C] c.m.s.service.PromoEvaluatorService : Promo code VIP20 applied percentage discount
INFO [ozVL1x7C] c.m.s.service.LoyaltyShippingService : Applied promo discount=2.500000
INFO [ozVL1x7C] c.m.s.service.LoyaltyShippingService : Discount total=12.500000 capped=false netFreight=0.000000
INFO [ozVL1x7C] c.m.s.service.LoyaltyShippingService : Shipping calculation result grossFreight=12.50, totalSurcharges=0, finalFee=0.000000
INFO [ozVL1x7C] c.m.s.c.CheckoutShippingController : Shipping calculation completed with final fee 0.00
INFO [sSK487gf] c.m.s.c.CheckoutShippingController : Shipping calculation requested
INFO [sSK487gf] c.m.s.service.LoyaltyShippingService : Calculating shipping for country=US, zip=10001, cartTotal=40.0
INFO [sSK487gf] c.m.s.service.LoyaltyShippingService : Using database rate baseRate=10.00, regionalSurcharge=2.50
INFO [sSK487gf] c.m.s.service.LoyaltyShippingService : Applied tier=SILVER discount=4.000
INFO [sSK487gf] c.m.s.service.PromoEvaluatorService : Promo code VIP20 rejected below cart minimum 50.00
INFO [sSK487gf] c.m.s.service.LoyaltyShippingService : Applied promo discount=0
INFO [sSK487gf] c.m.s.service.LoyaltyShippingService : Discount total=4.000 capped=false netFreight=8.500
INFO [sSK487gf] c.m.s.service.LoyaltyShippingService : Shipping calculation result grossFreight=12.50, totalSurcharges=0, finalFee=8.500
INFO [sSK487gf] c.m.s.c.CheckoutShippingController : Shipping calculation completed with final fee 8.50
INFO [PQElpMaI] c.m.s.c.CheckoutShippingController : Shipping calculation requested
INFO [PQElpMaI] c.m.s.service.LoyaltyShippingService : Calculating shipping for country=US, zip=10001, cartTotal=100.0
INFO [PQElpMaI] c.m.s.service.LoyaltyShippingService : Using database rate baseRate=10.00, regionalSurcharge=2.50
INFO [PQElpMaI] c.m.s.service.LoyaltyShippingService : Applied tier=SILVER discount=10.000
INFO [PQElpMaI] c.m.s.service.PromoEvaluatorService : Promo code FREESHIP10 applied flat discount 10.0000
INFO [PQElpMaI] c.m.s.service.LoyaltyShippingService : Applied promo discount=10.0000
INFO [PQElpMaI] c.m.s.service.LoyaltyShippingService : Discount total=20.0000 capped=false netFreight=0
INFO [PQElpMaI] c.m.s.service.LoyaltyShippingService : Shipping calculation result grossFreight=12.50, totalSurcharges=0, finalFee=0
INFO [PQElpMaI] c.m.s.c.CheckoutShippingController : Shipping calculation completed with final fee 0.00
INFO [QXx5MCXf] c.m.s.c.CheckoutShippingController : Shipping calculation requested
INFO [QXx5MCXf] c.m.s.service.LoyaltyShippingService : Calculating shipping for country=US, zip=10001, cartTotal=40.0
INFO [QXx5MCXf] c.m.s.service.LoyaltyShippingService : Using database rate baseRate=10.00, regionalSurcharge=2.50
INFO [QXx5MCXf] c.m.s.service.LoyaltyShippingService : Applied tier=SILVER discount=4.000
INFO [QXx5MCXf] c.m.s.service.PromoEvaluatorService : Promo code EARLYBIRD5 applied flat discount 5.0000
INFO [QXx5MCXf] c.m.s.service.LoyaltyShippingService : Applied promo discount=5.0000
INFO [QXx5MCXf] c.m.s.service.LoyaltyShippingService : Discount total=9.0000 capped=false netFreight=3.5000
INFO [QXx5MCXf] c.m.s.service.LoyaltyShippingService : Shipping calculation result grossFreight=12.50, totalSurcharges=0, finalFee=3.5000
INFO [QXx5MCXf] c.m.s.c.CheckoutShippingController : Shipping calculation completed with final fee 3.50
INFO [qffrvPBs] c.m.s.c.CheckoutShippingController : Shipping calculation requested
INFO [qffrvPBs] c.m.s.service.LoyaltyShippingService : Calculating shipping for country=US, zip=10001, cartTotal=30.0
INFO [qffrvPBs] c.m.s.service.LoyaltyShippingService : Using database rate baseRate=10.00, regionalSurcharge=2.50
INFO [qffrvPBs] c.m.s.service.LoyaltyShippingService : Applied tier=SILVER discount=3.000
INFO [qffrvPBs] c.m.s.service.PromoEvaluatorService : Promo code EARLYBIRD5 rejected outside time window
INFO [qffrvPBs] c.m.s.service.LoyaltyShippingService : Applied promo discount=0
INFO [qffrvPBs] c.m.s.service.LoyaltyShippingService : Discount total=3.000 capped=false netFreight=9.500
INFO [qffrvPBs] c.m.s.service.LoyaltyShippingService : Shipping calculation result grossFreight=12.50, totalSurcharges=0, finalFee=9.500
INFO [qffrvPBs] c.m.s.c.CheckoutShippingController : Shipping calculation completed with final fee 9.50
INFO [Jm0eeOBJ] c.m.s.c.CheckoutShippingController : Shipping calculation requested
INFO [Jm0eeOBJ] c.m.s.service.LoyaltyShippingService : Calculating shipping for country=US, zip=10001, cartTotal=20.0
INFO [Jm0eeOBJ] c.m.s.service.LoyaltyShippingService : Using database rate baseRate=10.00, regionalSurcharge=2.50
INFO [Jm0eeOBJ] c.m.s.service.LoyaltyShippingService : Applied tier=SILVER discount=2.000
INFO [Jm0eeOBJ] c.m.s.service.PromoEvaluatorService : Promo code NIGHTOWL10 applied remaining-fee percentage discount
INFO [Jm0eeOBJ] c.m.s.service.LoyaltyShippingService : Applied promo discount=1.0500000
INFO [Jm0eeOBJ] c.m.s.service.LoyaltyShippingService : Discount total=3.0500000 capped=false netFreight=9.4500000
INFO [Jm0eeOBJ] c.m.s.service.LoyaltyShippingService : Shipping calculation result grossFreight=12.50, totalSurcharges=0, finalFee=9.4500000
INFO [Jm0eeOBJ] c.m.s.c.CheckoutShippingController : Shipping calculation completed with final fee 9.45
INFO [Ndxtvoo0] c.m.s.c.CheckoutShippingController : Shipping calculation requested
INFO [Ndxtvoo0] c.m.s.service.LoyaltyShippingService : Calculating shipping for country=US, zip=10001, cartTotal=20.0
INFO [Ndxtvoo0] c.m.s.service.LoyaltyShippingService : Using database rate baseRate=10.00, regionalSurcharge=2.50
INFO [Ndxtvoo0] c.m.s.service.LoyaltyShippingService : Applied tier=SILVER discount=2.000
INFO [Ndxtvoo0] c.m.s.service.PromoEvaluatorService : Promo code NIGHTOWL10 rejected outside time window
INFO [Ndxtvoo0] c.m.s.service.LoyaltyShippingService : Applied promo discount=0
INFO [Ndxtvoo0] c.m.s.service.LoyaltyShippingService : Discount total=2.000 capped=false netFreight=10.500
INFO [Ndxtvoo0] c.m.s.service.LoyaltyShippingService : Shipping calculation result grossFreight=12.50, totalSurcharges=0, finalFee=10.500
INFO [Ndxtvoo0] c.m.s.c.CheckoutShippingController : Shipping calculation completed with final fee 10.50
INFO [qpHz08Os] c.m.s.c.CheckoutShippingController : Shipping calculation requested
INFO [qpHz08Os] c.m.s.service.LoyaltyShippingService : Calculating shipping for country=US, zip=10001, cartTotal=100.0
INFO [qpHz08Os] c.m.s.service.LoyaltyShippingService : Using database rate baseRate=10.00, regionalSurcharge=2.50
INFO [qpHz08Os] c.m.s.service.LoyaltyShippingService : Applied tier=SILVER discount=10.000
WARN [qpHz08Os] c.m.s.service.PromoEvaluatorService : Promo code EXPIRED10 was not found or is inactive
INFO [qpHz08Os] c.m.s.service.LoyaltyShippingService : Applied promo discount=0
INFO [qpHz08Os] c.m.s.service.LoyaltyShippingService : Discount total=10.000 capped=false netFreight=2.500
INFO [qpHz08Os] c.m.s.service.LoyaltyShippingService : Shipping calculation result grossFreight=12.50, totalSurcharges=0, finalFee=2.500
INFO [qpHz08Os] c.m.s.c.CheckoutShippingController : Shipping calculation completed with final fee 2.50
INFO [CebClsGp] c.m.s.c.CheckoutShippingController : Shipping calculation requested
INFO [CebClsGp] c.m.s.service.LoyaltyShippingService : Calculating shipping for country=US, zip=10001, cartTotal=20.0
INFO [CebClsGp] c.m.s.service.LoyaltyShippingService : Using database rate baseRate=10.00, regionalSurcharge=2.50
INFO [CebClsGp] c.m.s.service.LoyaltyShippingService : Applied tier=GOLD discount=4.000
INFO [CebClsGp] c.m.s.service.PromoEvaluatorService : No promo code supplied
INFO [CebClsGp] c.m.s.service.LoyaltyShippingService : Applied promo discount=0
INFO [CebClsGp] c.m.s.service.LoyaltyShippingService : Discount total=4.000 capped=false netFreight=8.500
INFO [CebClsGp] c.m.s.service.LoyaltyShippingService : Shipping calculation result grossFreight=12.50, totalSurcharges=0, finalFee=8.500
INFO [CebClsGp] c.m.s.c.CheckoutShippingController : Shipping calculation completed with final fee 8.50
INFO [jsDyjF21] c.m.s.c.CheckoutShippingController : Shipping calculation requested
INFO [jsDyjF21] c.m.s.service.LoyaltyShippingService : Calculating shipping for country=US, zip=10001, cartTotal=40.0
INFO [jsDyjF21] c.m.s.service.LoyaltyShippingService : Using database rate baseRate=10.00, regionalSurcharge=2.50
INFO [jsDyjF21] c.m.s.service.LoyaltyShippingService : Applied tier=GOLD discount=8.000
INFO [jsDyjF21] c.m.s.service.PromoEvaluatorService : Promo code SUMMER5 applied flat discount 5.0000
INFO [jsDyjF21] c.m.s.service.LoyaltyShippingService : Applied promo discount=5.0000
INFO [jsDyjF21] c.m.s.service.LoyaltyShippingService : Discount total=13.0000 capped=false netFreight=0
INFO [jsDyjF21] c.m.s.service.LoyaltyShippingService : Shipping calculation result grossFreight=12.50, totalSurcharges=0, finalFee=0
INFO [jsDyjF21] c.m.s.c.CheckoutShippingController : Shipping calculation completed with final fee 0.00
INFO [saixSCcj] c.m.s.c.CheckoutShippingController : Shipping calculation requested
INFO [saixSCcj] c.m.s.service.LoyaltyShippingService : Calculating shipping for country=US, zip=10001, cartTotal=30.0
INFO [saixSCcj] c.m.s.service.LoyaltyShippingService : Using database rate baseRate=10.00, regionalSurcharge=2.50
INFO [saixSCcj] c.m.s.service.LoyaltyShippingService : Applied tier=GOLD discount=6.000
INFO [saixSCcj] c.m.s.service.PromoEvaluatorService : Promo code WELCOME10 applied percentage discount
INFO [saixSCcj] c.m.s.service.LoyaltyShippingService : Applied promo discount=1.250000
INFO [saixSCcj] c.m.s.service.LoyaltyShippingService : Discount total=7.250000 capped=false netFreight=5.250000
INFO [saixSCcj] c.m.s.service.LoyaltyShippingService : Shipping calculation result grossFreight=12.50, totalSurcharges=0, finalFee=5.250000
INFO [saixSCcj] c.m.s.c.CheckoutShippingController : Shipping calculation completed with final fee 5.25
INFO [J07HG6mn] c.m.s.c.CheckoutShippingController : Shipping calculation requested
INFO [J07HG6mn] c.m.s.service.LoyaltyShippingService : Calculating shipping for country=US, zip=10001, cartTotal=100.0
INFO [J07HG6mn] c.m.s.service.LoyaltyShippingService : Using database rate baseRate=10.00, regionalSurcharge=2.50
INFO [J07HG6mn] c.m.s.service.LoyaltyShippingService : Applied tier=GOLD discount=20.000
INFO [J07HG6mn] c.m.s.service.PromoEvaluatorService : Promo code VIP20 applied percentage discount
INFO [J07HG6mn] c.m.s.service.LoyaltyShippingService : Applied promo discount=2.500000
INFO [J07HG6mn] c.m.s.service.LoyaltyShippingService : Discount total=22.500000 capped=false netFreight=0
INFO [J07HG6mn] c.m.s.service.LoyaltyShippingService : Shipping calculation result grossFreight=12.50, totalSurcharges=0, finalFee=0
INFO [J07HG6mn] c.m.s.c.CheckoutShippingController : Shipping calculation completed with final fee 0.00
INFO [hDBV8BpH] c.m.s.c.CheckoutShippingController : Shipping calculation requested
INFO [hDBV8BpH] c.m.s.service.LoyaltyShippingService : Calculating shipping for country=US, zip=10001, cartTotal=40.0
INFO [hDBV8BpH] c.m.s.service.LoyaltyShippingService : Using database rate baseRate=10.00, regionalSurcharge=2.50
INFO [hDBV8BpH] c.m.s.service.LoyaltyShippingService : Applied tier=GOLD discount=8.000
INFO [hDBV8BpH] c.m.s.service.PromoEvaluatorService : Promo code VIP20 rejected below cart minimum 50.00
INFO [hDBV8BpH] c.m.s.service.LoyaltyShippingService : Applied promo discount=0
INFO [hDBV8BpH] c.m.s.service.LoyaltyShippingService : Discount total=8.000 capped=false netFreight=4.500
INFO [hDBV8BpH] c.m.s.service.LoyaltyShippingService : Shipping calculation result grossFreight=12.50, totalSurcharges=0, finalFee=4.500
INFO [hDBV8BpH] c.m.s.c.CheckoutShippingController : Shipping calculation completed with final fee 4.50
INFO [4A7IKUBB] c.m.s.c.CheckoutShippingController : Shipping calculation requested
INFO [4A7IKUBB] c.m.s.service.LoyaltyShippingService : Calculating shipping for country=US, zip=10001, cartTotal=100.0
INFO [4A7IKUBB] c.m.s.service.LoyaltyShippingService : Using database rate baseRate=10.00, regionalSurcharge=2.50
INFO [4A7IKUBB] c.m.s.service.LoyaltyShippingService : Applied tier=GOLD discount=20.000
INFO [4A7IKUBB] c.m.s.service.PromoEvaluatorService : Promo code FREESHIP10 applied flat discount 10.0000
INFO [4A7IKUBB] c.m.s.service.LoyaltyShippingService : Applied promo discount=10.0000
INFO [4A7IKUBB] c.m.s.service.LoyaltyShippingService : Discount total=30.0000 capped=false netFreight=0
INFO [4A7IKUBB] c.m.s.service.LoyaltyShippingService : Shipping calculation result grossFreight=12.50, totalSurcharges=0, finalFee=0
INFO [4A7IKUBB] c.m.s.c.CheckoutShippingController : Shipping calculation completed with final fee 0.00
INFO [DQbxDr1O] c.m.s.c.CheckoutShippingController : Shipping calculation requested
INFO [DQbxDr1O] c.m.s.service.LoyaltyShippingService : Calculating shipping for country=US, zip=10001, cartTotal=40.0
INFO [DQbxDr1O] c.m.s.service.LoyaltyShippingService : Using database rate baseRate=10.00, regionalSurcharge=2.50
INFO [DQbxDr1O] c.m.s.service.LoyaltyShippingService : Applied tier=GOLD discount=8.000
INFO [DQbxDr1O] c.m.s.service.PromoEvaluatorService : Promo code EARLYBIRD5 applied flat discount 5.0000
INFO [DQbxDr1O] c.m.s.service.LoyaltyShippingService : Applied promo discount=5.0000
INFO [DQbxDr1O] c.m.s.service.LoyaltyShippingService : Discount total=13.0000 capped=false netFreight=0
INFO [DQbxDr1O] c.m.s.service.LoyaltyShippingService : Shipping calculation result grossFreight=12.50, totalSurcharges=0, finalFee=0
INFO [DQbxDr1O] c.m.s.c.CheckoutShippingController : Shipping calculation completed with final fee 0.00
INFO [jHuYCaFR] c.m.s.c.CheckoutShippingController : Shipping calculation requested
INFO [jHuYCaFR] c.m.s.service.LoyaltyShippingService : Calculating shipping for country=US, zip=10001, cartTotal=30.0
INFO [jHuYCaFR] c.m.s.service.LoyaltyShippingService : Using database rate baseRate=10.00, regionalSurcharge=2.50
INFO [jHuYCaFR] c.m.s.service.LoyaltyShippingService : Applied tier=GOLD discount=6.000
INFO [jHuYCaFR] c.m.s.service.PromoEvaluatorService : Promo code EARLYBIRD5 rejected outside time window
INFO [jHuYCaFR] c.m.s.service.LoyaltyShippingService : Applied promo discount=0
INFO [jHuYCaFR] c.m.s.service.LoyaltyShippingService : Discount total=6.000 capped=false netFreight=6.500
INFO [jHuYCaFR] c.m.s.service.LoyaltyShippingService : Shipping calculation result grossFreight=12.50, totalSurcharges=0, finalFee=6.500
INFO [jHuYCaFR] c.m.s.c.CheckoutShippingController : Shipping calculation completed with final fee 6.50
INFO [Ukz1atXf] c.m.s.c.CheckoutShippingController : Shipping calculation requested
INFO [Ukz1atXf] c.m.s.service.LoyaltyShippingService : Calculating shipping for country=US, zip=10001, cartTotal=20.0
INFO [Ukz1atXf] c.m.s.service.LoyaltyShippingService : Using database rate baseRate=10.00, regionalSurcharge=2.50
INFO [Ukz1atXf] c.m.s.service.LoyaltyShippingService : Applied tier=GOLD discount=4.000
INFO [Ukz1atXf] c.m.s.service.PromoEvaluatorService : Promo code NIGHTOWL10 applied remaining-fee percentage discount
INFO [Ukz1atXf] c.m.s.service.LoyaltyShippingService : Applied promo discount=0.8500000
INFO [Ukz1atXf] c.m.s.service.LoyaltyShippingService : Discount total=4.8500000 capped=false netFreight=7.6500000
INFO [Ukz1atXf] c.m.s.service.LoyaltyShippingService : Shipping calculation result grossFreight=12.50, totalSurcharges=0, finalFee=7.6500000
INFO [Ukz1atXf] c.m.s.c.CheckoutShippingController : Shipping calculation completed with final fee 7.65
INFO [EbOTZwhD] c.m.s.c.CheckoutShippingController : Shipping calculation requested
INFO [EbOTZwhD] c.m.s.service.LoyaltyShippingService : Calculating shipping for country=US, zip=10001, cartTotal=20.0
INFO [EbOTZwhD] c.m.s.service.LoyaltyShippingService : Using database rate baseRate=10.00, regionalSurcharge=2.50
INFO [EbOTZwhD] c.m.s.service.LoyaltyShippingService : Applied tier=GOLD discount=4.000
INFO [EbOTZwhD] c.m.s.service.PromoEvaluatorService : Promo code NIGHTOWL10 rejected outside time window
INFO [EbOTZwhD] c.m.s.service.LoyaltyShippingService : Applied promo discount=0
INFO [EbOTZwhD] c.m.s.service.LoyaltyShippingService : Discount total=4.000 capped=false netFreight=8.500
INFO [EbOTZwhD] c.m.s.service.LoyaltyShippingService : Shipping calculation result grossFreight=12.50, totalSurcharges=0, finalFee=8.500
INFO [EbOTZwhD] c.m.s.c.CheckoutShippingController : Shipping calculation completed with final fee 8.50
INFO [06HRetkj] c.m.s.c.CheckoutShippingController : Shipping calculation requested
INFO [06HRetkj] c.m.s.service.LoyaltyShippingService : Calculating shipping for country=US, zip=10001, cartTotal=100.0
INFO [06HRetkj] c.m.s.service.LoyaltyShippingService : Using database rate baseRate=10.00, regionalSurcharge=2.50
INFO [06HRetkj] c.m.s.service.LoyaltyShippingService : Applied tier=GOLD discount=20.000
WARN [06HRetkj] c.m.s.service.PromoEvaluatorService : Promo code EXPIRED10 was not found or is inactive
INFO [06HRetkj] c.m.s.service.LoyaltyShippingService : Applied promo discount=0
INFO [06HRetkj] c.m.s.service.LoyaltyShippingService : Discount total=20.000 capped=false netFreight=0
INFO [06HRetkj] c.m.s.service.LoyaltyShippingService : Shipping calculation result grossFreight=12.50, totalSurcharges=0, finalFee=0
INFO [06HRetkj] c.m.s.c.CheckoutShippingController : Shipping calculation completed with final fee 0.00
INFO [9u18FgJt] c.m.s.c.CheckoutShippingController : Shipping calculation requested
INFO [9u18FgJt] c.m.s.service.LoyaltyShippingService : Calculating shipping for country=US, zip=10001, cartTotal=20.0
INFO [9u18FgJt] c.m.s.service.LoyaltyShippingService : Using database rate baseRate=10.00, regionalSurcharge=2.50
INFO [9u18FgJt] c.m.s.service.LoyaltyShippingService : Applied tier=VIP discount=6.000
INFO [9u18FgJt] c.m.s.service.PromoEvaluatorService : No promo code supplied
INFO [9u18FgJt] c.m.s.service.LoyaltyShippingService : Applied promo discount=0
INFO [9u18FgJt] c.m.s.service.LoyaltyShippingService : Discount total=6.000 capped=false netFreight=6.500
INFO [9u18FgJt] c.m.s.service.LoyaltyShippingService : Shipping calculation result grossFreight=12.50, totalSurcharges=0, finalFee=6.500
INFO [9u18FgJt] c.m.s.c.CheckoutShippingController : Shipping calculation completed with final fee 6.50
INFO [jvHF2yHG] c.m.s.c.CheckoutShippingController : Shipping calculation requested
INFO [jvHF2yHG] c.m.s.service.LoyaltyShippingService : Calculating shipping for country=US, zip=10001, cartTotal=40.0
INFO [jvHF2yHG] c.m.s.service.LoyaltyShippingService : Using database rate baseRate=10.00, regionalSurcharge=2.50
INFO [jvHF2yHG] c.m.s.service.LoyaltyShippingService : Applied tier=VIP discount=12.000
INFO [jvHF2yHG] c.m.s.service.PromoEvaluatorService : Promo code SUMMER5 applied flat discount 5.0000
INFO [jvHF2yHG] c.m.s.service.LoyaltyShippingService : Applied promo discount=5.0000
INFO [jvHF2yHG] c.m.s.service.LoyaltyShippingService : Discount total=17.0000 capped=false netFreight=0
INFO [jvHF2yHG] c.m.s.service.LoyaltyShippingService : Shipping calculation result grossFreight=12.50, totalSurcharges=0, finalFee=0
INFO [jvHF2yHG] c.m.s.c.CheckoutShippingController : Shipping calculation completed with final fee 0.00
INFO [f4Uvyz93] c.m.s.c.CheckoutShippingController : Shipping calculation requested
INFO [f4Uvyz93] c.m.s.service.LoyaltyShippingService : Calculating shipping for country=US, zip=10001, cartTotal=30.0
INFO [f4Uvyz93] c.m.s.service.LoyaltyShippingService : Using database rate baseRate=10.00, regionalSurcharge=2.50
INFO [f4Uvyz93] c.m.s.service.LoyaltyShippingService : Applied tier=VIP discount=9.000
INFO [f4Uvyz93] c.m.s.service.PromoEvaluatorService : Promo code WELCOME10 applied percentage discount
INFO [f4Uvyz93] c.m.s.service.LoyaltyShippingService : Applied promo discount=1.250000
INFO [f4Uvyz93] c.m.s.service.LoyaltyShippingService : Discount total=10.250000 capped=false netFreight=2.250000
INFO [f4Uvyz93] c.m.s.service.LoyaltyShippingService : Shipping calculation result grossFreight=12.50, totalSurcharges=0, finalFee=2.250000
INFO [f4Uvyz93] c.m.s.c.CheckoutShippingController : Shipping calculation completed with final fee 2.25
INFO [Gar9L5hG] c.m.s.c.CheckoutShippingController : Shipping calculation requested
INFO [Gar9L5hG] c.m.s.service.LoyaltyShippingService : Calculating shipping for country=US, zip=10001, cartTotal=100.0
INFO [Gar9L5hG] c.m.s.service.LoyaltyShippingService : Using database rate baseRate=10.00, regionalSurcharge=2.50
INFO [Gar9L5hG] c.m.s.service.LoyaltyShippingService : Applied tier=VIP discount=30.000
INFO [Gar9L5hG] c.m.s.service.PromoEvaluatorService : Promo code VIP20 applied percentage discount
INFO [Gar9L5hG] c.m.s.service.LoyaltyShippingService : Applied promo discount=2.500000
INFO [Gar9L5hG] c.m.s.service.LoyaltyShippingService : Discount total=32.500000 capped=false netFreight=0
INFO [Gar9L5hG] c.m.s.service.LoyaltyShippingService : Shipping calculation result grossFreight=12.50, totalSurcharges=0, finalFee=0
INFO [Gar9L5hG] c.m.s.c.CheckoutShippingController : Shipping calculation completed with final fee 0.00
INFO [hYLR3YUf] c.m.s.c.CheckoutShippingController : Shipping calculation requested
INFO [hYLR3YUf] c.m.s.service.LoyaltyShippingService : Calculating shipping for country=US, zip=10001, cartTotal=40.0
INFO [hYLR3YUf] c.m.s.service.LoyaltyShippingService : Using database rate baseRate=10.00, regionalSurcharge=2.50
INFO [hYLR3YUf] c.m.s.service.LoyaltyShippingService : Applied tier=VIP discount=12.000
INFO [hYLR3YUf] c.m.s.service.PromoEvaluatorService : Promo code VIP20 rejected below cart minimum 50.00
INFO [hYLR3YUf] c.m.s.service.LoyaltyShippingService : Applied promo discount=0
INFO [hYLR3YUf] c.m.s.service.LoyaltyShippingService : Discount total=12.000 capped=false netFreight=0.500
INFO [hYLR3YUf] c.m.s.service.LoyaltyShippingService : Shipping calculation result grossFreight=12.50, totalSurcharges=0, finalFee=0.500
INFO [hYLR3YUf] c.m.s.c.CheckoutShippingController : Shipping calculation completed with final fee 0.50
INFO [R65vRWaM] c.m.s.c.CheckoutShippingController : Shipping calculation requested
INFO [R65vRWaM] c.m.s.service.LoyaltyShippingService : Calculating shipping for country=US, zip=10001, cartTotal=100.0
INFO [R65vRWaM] c.m.s.service.LoyaltyShippingService : Using database rate baseRate=10.00, regionalSurcharge=2.50
INFO [R65vRWaM] c.m.s.service.LoyaltyShippingService : Applied tier=VIP discount=30.000
INFO [R65vRWaM] c.m.s.service.PromoEvaluatorService : Promo code FREESHIP10 applied flat discount 10.0000
INFO [R65vRWaM] c.m.s.service.LoyaltyShippingService : Applied promo discount=10.0000
INFO [R65vRWaM] c.m.s.service.LoyaltyShippingService : Discount total=40.0000 capped=false netFreight=0
INFO [R65vRWaM] c.m.s.service.LoyaltyShippingService : Shipping calculation result grossFreight=12.50, totalSurcharges=0, finalFee=0
INFO [R65vRWaM] c.m.s.c.CheckoutShippingController : Shipping calculation completed with final fee 0.00
INFO [OjL6CZjK] c.m.s.c.CheckoutShippingController : Shipping calculation requested
INFO [OjL6CZjK] c.m.s.service.LoyaltyShippingService : Calculating shipping for country=US, zip=10001, cartTotal=40.0
INFO [OjL6CZjK] c.m.s.service.LoyaltyShippingService : Using database rate baseRate=10.00, regionalSurcharge=2.50
INFO [OjL6CZjK] c.m.s.service.LoyaltyShippingService : Applied tier=VIP discount=12.000
INFO [OjL6CZjK] c.m.s.service.PromoEvaluatorService : Promo code EARLYBIRD5 applied flat discount 5.0000
INFO [OjL6CZjK] c.m.s.service.LoyaltyShippingService : Applied promo discount=5.0000
INFO [OjL6CZjK] c.m.s.service.LoyaltyShippingService : Discount total=17.0000 capped=false netFreight=0
INFO [OjL6CZjK] c.m.s.service.LoyaltyShippingService : Shipping calculation result grossFreight=12.50, totalSurcharges=0, finalFee=0
INFO [OjL6CZjK] c.m.s.c.CheckoutShippingController : Shipping calculation completed with final fee 0.00
INFO [YoEowV3C] c.m.s.c.CheckoutShippingController : Shipping calculation requested
INFO [YoEowV3C] c.m.s.service.LoyaltyShippingService : Calculating shipping for country=US, zip=10001, cartTotal=30.0
INFO [YoEowV3C] c.m.s.service.LoyaltyShippingService : Using database rate baseRate=10.00, regionalSurcharge=2.50
INFO [YoEowV3C] c.m.s.service.LoyaltyShippingService : Applied tier=VIP discount=9.000
INFO [YoEowV3C] c.m.s.service.PromoEvaluatorService : Promo code EARLYBIRD5 rejected outside time window
INFO [YoEowV3C] c.m.s.service.LoyaltyShippingService : Applied promo discount=0
INFO [YoEowV3C] c.m.s.service.LoyaltyShippingService : Discount total=9.000 capped=false netFreight=3.500
INFO [YoEowV3C] c.m.s.service.LoyaltyShippingService : Shipping calculation result grossFreight=12.50, totalSurcharges=0, finalFee=3.500
INFO [YoEowV3C] c.m.s.c.CheckoutShippingController : Shipping calculation completed with final fee 3.50
INFO [wxPceyzX] c.m.s.c.CheckoutShippingController : Shipping calculation requested
INFO [wxPceyzX] c.m.s.service.LoyaltyShippingService : Calculating shipping for country=US, zip=10001, cartTotal=20.0
INFO [wxPceyzX] c.m.s.service.LoyaltyShippingService : Using database rate baseRate=10.00, regionalSurcharge=2.50
INFO [wxPceyzX] c.m.s.service.LoyaltyShippingService : Applied tier=VIP discount=6.000
INFO [wxPceyzX] c.m.s.service.PromoEvaluatorService : Promo code NIGHTOWL10 applied remaining-fee percentage discount
INFO [wxPceyzX] c.m.s.service.LoyaltyShippingService : Applied promo discount=0.6500000
INFO [wxPceyzX] c.m.s.service.LoyaltyShippingService : Discount total=6.6500000 capped=false netFreight=5.8500000
INFO [wxPceyzX] c.m.s.service.LoyaltyShippingService : Shipping calculation result grossFreight=12.50, totalSurcharges=0, finalFee=5.8500000
INFO [wxPceyzX] c.m.s.c.CheckoutShippingController : Shipping calculation completed with final fee 5.85
INFO [8OocYaXJ] c.m.s.c.CheckoutShippingController : Shipping calculation requested
INFO [8OocYaXJ] c.m.s.service.LoyaltyShippingService : Calculating shipping for country=US, zip=10001, cartTotal=20.0
INFO [8OocYaXJ] c.m.s.service.LoyaltyShippingService : Using database rate baseRate=10.00, regionalSurcharge=2.50
INFO [8OocYaXJ] c.m.s.service.LoyaltyShippingService : Applied tier=VIP discount=6.000
INFO [8OocYaXJ] c.m.s.service.PromoEvaluatorService : Promo code NIGHTOWL10 rejected outside time window
INFO [8OocYaXJ] c.m.s.service.LoyaltyShippingService : Applied promo discount=0
INFO [8OocYaXJ] c.m.s.service.LoyaltyShippingService : Discount total=6.000 capped=false netFreight=6.500
INFO [8OocYaXJ] c.m.s.service.LoyaltyShippingService : Shipping calculation result grossFreight=12.50, totalSurcharges=0, finalFee=6.500
INFO [8OocYaXJ] c.m.s.c.CheckoutShippingController : Shipping calculation completed with final fee 6.50
INFO [GKcqCw4u] c.m.s.c.CheckoutShippingController : Shipping calculation requested
INFO [GKcqCw4u] c.m.s.service.LoyaltyShippingService : Calculating shipping for country=US, zip=10001, cartTotal=100.0
INFO [GKcqCw4u] c.m.s.service.LoyaltyShippingService : Using database rate baseRate=10.00, regionalSurcharge=2.50
INFO [GKcqCw4u] c.m.s.service.LoyaltyShippingService : Applied tier=VIP discount=30.000
WARN [GKcqCw4u] c.m.s.service.PromoEvaluatorService : Promo code EXPIRED10 was not found or is inactive
INFO [GKcqCw4u] c.m.s.service.LoyaltyShippingService : Applied promo discount=0
INFO [GKcqCw4u] c.m.s.service.LoyaltyShippingService : Discount total=30.000 capped=false netFreight=0
INFO [GKcqCw4u] c.m.s.service.LoyaltyShippingService : Shipping calculation result grossFreight=12.50, totalSurcharges=0, finalFee=0
INFO [GKcqCw4u] c.m.s.c.CheckoutShippingController : Shipping calculation completed with final fee 0.00
INFO [9VBjNEbX] c.m.s.c.CheckoutShippingController : Shipping calculation requested
INFO [9VBjNEbX] c.m.s.service.LoyaltyShippingService : Calculating shipping for country=US, zip=30001, cartTotal=20.0
INFO [9VBjNEbX] c.m.s.service.LoyaltyShippingService : Using database rate baseRate=12.50, regionalSurcharge=3.25
INFO [9VBjNEbX] c.m.s.service.LoyaltyShippingService : Applied tier=STANDARD discount=0.0
INFO [9VBjNEbX] c.m.s.service.PromoEvaluatorService : No promo code supplied
INFO [9VBjNEbX] c.m.s.service.LoyaltyShippingService : Applied promo discount=0
INFO [9VBjNEbX] c.m.s.service.LoyaltyShippingService : Discount total=0.0 capped=false netFreight=15.75
INFO [9VBjNEbX] c.m.s.service.LoyaltyShippingService : Shipping calculation result grossFreight=15.75, totalSurcharges=0, finalFee=15.75
INFO [9VBjNEbX] c.m.s.c.CheckoutShippingController : Shipping calculation completed with final fee 15.75
INFO [Z6EcKYXI] c.m.s.c.CheckoutShippingController : Shipping calculation requested
INFO [Z6EcKYXI] c.m.s.service.LoyaltyShippingService : Calculating shipping for country=US, zip=30001, cartTotal=40.0
INFO [Z6EcKYXI] c.m.s.service.LoyaltyShippingService : Using database rate baseRate=12.50, regionalSurcharge=3.25
INFO [Z6EcKYXI] c.m.s.service.LoyaltyShippingService : Applied tier=STANDARD discount=0.0
INFO [Z6EcKYXI] c.m.s.service.PromoEvaluatorService : Promo code SUMMER5 applied flat discount 5.0000
INFO [Z6EcKYXI] c.m.s.service.LoyaltyShippingService : Applied promo discount=5.0000
INFO [Z6EcKYXI] c.m.s.service.LoyaltyShippingService : Discount total=5.0000 capped=false netFreight=10.7500
INFO [Z6EcKYXI] c.m.s.service.LoyaltyShippingService : Shipping calculation result grossFreight=15.75, totalSurcharges=0, finalFee=10.7500
INFO [Z6EcKYXI] c.m.s.c.CheckoutShippingController : Shipping calculation completed with final fee 10.75
INFO [nNHHG5I4] c.m.s.c.CheckoutShippingController : Shipping calculation requested
INFO [nNHHG5I4] c.m.s.service.LoyaltyShippingService : Calculating shipping for country=US, zip=30001, cartTotal=30.0
INFO [nNHHG5I4] c.m.s.service.LoyaltyShippingService : Using database rate baseRate=12.50, regionalSurcharge=3.25
INFO [nNHHG5I4] c.m.s.service.LoyaltyShippingService : Applied tier=STANDARD discount=0.0
INFO [nNHHG5I4] c.m.s.service.PromoEvaluatorService : Promo code WELCOME10 applied percentage discount
INFO [nNHHG5I4] c.m.s.service.LoyaltyShippingService : Applied promo discount=1.575000
INFO [nNHHG5I4] c.m.s.service.LoyaltyShippingService : Discount total=1.575000 capped=false netFreight=14.175000
INFO [nNHHG5I4] c.m.s.service.LoyaltyShippingService : Shipping calculation result grossFreight=15.75, totalSurcharges=0, finalFee=14.175000
INFO [nNHHG5I4] c.m.s.c.CheckoutShippingController : Shipping calculation completed with final fee 14.18
INFO [QkrlW4XC] c.m.s.c.CheckoutShippingController : Shipping calculation requested
INFO [QkrlW4XC] c.m.s.service.LoyaltyShippingService : Calculating shipping for country=US, zip=30001, cartTotal=100.0
INFO [QkrlW4XC] c.m.s.service.LoyaltyShippingService : Using database rate baseRate=12.50, regionalSurcharge=3.25
INFO [QkrlW4XC] c.m.s.service.LoyaltyShippingService : Applied tier=STANDARD discount=0.0
INFO [QkrlW4XC] c.m.s.service.PromoEvaluatorService : Promo code VIP20 applied percentage discount
INFO [QkrlW4XC] c.m.s.service.LoyaltyShippingService : Applied promo discount=3.150000
INFO [QkrlW4XC] c.m.s.service.LoyaltyShippingService : Discount total=3.150000 capped=false netFreight=12.600000
INFO [QkrlW4XC] c.m.s.service.LoyaltyShippingService : Shipping calculation result grossFreight=15.75, totalSurcharges=0, finalFee=12.600000
INFO [QkrlW4XC] c.m.s.c.CheckoutShippingController : Shipping calculation completed with final fee 12.60
INFO [SkHKbCYw] c.m.s.c.CheckoutShippingController : Shipping calculation requested
INFO [SkHKbCYw] c.m.s.service.LoyaltyShippingService : Calculating shipping for country=US, zip=30001, cartTotal=40.0
INFO [SkHKbCYw] c.m.s.service.LoyaltyShippingService : Using database rate baseRate=12.50, regionalSurcharge=3.25
INFO [SkHKbCYw] c.m.s.service.LoyaltyShippingService : Applied tier=STANDARD discount=0.0
INFO [SkHKbCYw] c.m.s.service.PromoEvaluatorService : Promo code VIP20 rejected below cart minimum 50.00
INFO [SkHKbCYw] c.m.s.service.LoyaltyShippingService : Applied promo discount=0
INFO [SkHKbCYw] c.m.s.service.LoyaltyShippingService : Discount total=0.0 capped=false netFreight=15.75
INFO [SkHKbCYw] c.m.s.service.LoyaltyShippingService : Shipping calculation result grossFreight=15.75, totalSurcharges=0, finalFee=15.75
INFO [SkHKbCYw] c.m.s.c.CheckoutShippingController : Shipping calculation completed with final fee 15.75
INFO [wOlg4eIz] c.m.s.c.CheckoutShippingController : Shipping calculation requested
INFO [wOlg4eIz] c.m.s.service.LoyaltyShippingService : Calculating shipping for country=US, zip=30001, cartTotal=100.0
INFO [wOlg4eIz] c.m.s.service.LoyaltyShippingService : Using database rate baseRate=12.50, regionalSurcharge=3.25
INFO [wOlg4eIz] c.m.s.service.LoyaltyShippingService : Applied tier=STANDARD discount=0.0
INFO [wOlg4eIz] c.m.s.service.PromoEvaluatorService : Promo code FREESHIP10 applied flat discount 10.0000
INFO [wOlg4eIz] c.m.s.service.LoyaltyShippingService : Applied promo discount=10.0000
INFO [wOlg4eIz] c.m.s.service.LoyaltyShippingService : Discount total=10.0000 capped=false netFreight=5.7500
INFO [wOlg4eIz] c.m.s.service.LoyaltyShippingService : Shipping calculation result grossFreight=15.75, totalSurcharges=0, finalFee=5.7500
INFO [wOlg4eIz] c.m.s.c.CheckoutShippingController : Shipping calculation completed with final fee 5.75
INFO [USFmi97O] c.m.s.c.CheckoutShippingController : Shipping calculation requested
INFO [USFmi97O] c.m.s.service.LoyaltyShippingService : Calculating shipping for country=US, zip=30001, cartTotal=40.0
INFO [USFmi97O] c.m.s.service.LoyaltyShippingService : Using database rate baseRate=12.50, regionalSurcharge=3.25
INFO [USFmi97O] c.m.s.service.LoyaltyShippingService : Applied tier=STANDARD discount=0.0
INFO [USFmi97O] c.m.s.service.PromoEvaluatorService : Promo code EARLYBIRD5 applied flat discount 5.0000
INFO [USFmi97O] c.m.s.service.LoyaltyShippingService : Applied promo discount=5.0000
INFO [USFmi97O] c.m.s.service.LoyaltyShippingService : Discount total=5.0000 capped=false netFreight=10.7500
INFO [USFmi97O] c.m.s.service.LoyaltyShippingService : Shipping calculation result grossFreight=15.75, totalSurcharges=0, finalFee=10.7500
INFO [USFmi97O] c.m.s.c.CheckoutShippingController : Shipping calculation completed with final fee 10.75
INFO [533FZnLu] c.m.s.c.CheckoutShippingController : Shipping calculation requested
INFO [533FZnLu] c.m.s.service.LoyaltyShippingService : Calculating shipping for country=US, zip=30001, cartTotal=30.0
INFO [533FZnLu] c.m.s.service.LoyaltyShippingService : Using database rate baseRate=12.50, regionalSurcharge=3.25
INFO [533FZnLu] c.m.s.service.LoyaltyShippingService : Applied tier=STANDARD discount=0.0
INFO [533FZnLu] c.m.s.service.PromoEvaluatorService : Promo code EARLYBIRD5 rejected outside time window
INFO [533FZnLu] c.m.s.service.LoyaltyShippingService : Applied promo discount=0
INFO [533FZnLu] c.m.s.service.LoyaltyShippingService : Discount total=0.0 capped=false netFreight=15.75
INFO [533FZnLu] c.m.s.service.LoyaltyShippingService : Shipping calculation result grossFreight=15.75, totalSurcharges=0, finalFee=15.75
INFO [533FZnLu] c.m.s.c.CheckoutShippingController : Shipping calculation completed with final fee 15.75
INFO [j0Ux0YU7] c.m.s.c.CheckoutShippingController : Shipping calculation requested
INFO [j0Ux0YU7] c.m.s.service.LoyaltyShippingService : Calculating shipping for country=US, zip=30001, cartTotal=20.0
INFO [j0Ux0YU7] c.m.s.service.LoyaltyShippingService : Using database rate baseRate=12.50, regionalSurcharge=3.25
INFO [j0Ux0YU7] c.m.s.service.LoyaltyShippingService : Applied tier=STANDARD discount=0.0
INFO [j0Ux0YU7] c.m.s.service.PromoEvaluatorService : Promo code NIGHTOWL10 applied remaining-fee percentage discount
INFO [j0Ux0YU7] c.m.s.service.LoyaltyShippingService : Applied promo discount=1.575000
INFO [j0Ux0YU7] c.m.s.service.LoyaltyShippingService : Discount total=1.575000 capped=false netFreight=14.175000
INFO [j0Ux0YU7] c.m.s.service.LoyaltyShippingService : Shipping calculation result grossFreight=15.75, totalSurcharges=0, finalFee=14.175000
INFO [j0Ux0YU7] c.m.s.c.CheckoutShippingController : Shipping calculation completed with final fee 14.18
INFO [rPWdWPYv] c.m.s.c.CheckoutShippingController : Shipping calculation requested
INFO [rPWdWPYv] c.m.s.service.LoyaltyShippingService : Calculating shipping for country=US, zip=30001, cartTotal=20.0
INFO [rPWdWPYv] c.m.s.service.LoyaltyShippingService : Using database rate baseRate=12.50, regionalSurcharge=3.25
INFO [rPWdWPYv] c.m.s.service.LoyaltyShippingService : Applied tier=STANDARD discount=0.0
INFO [rPWdWPYv] c.m.s.service.PromoEvaluatorService : Promo code NIGHTOWL10 rejected outside time window
INFO [rPWdWPYv] c.m.s.service.LoyaltyShippingService : Applied promo discount=0
INFO [rPWdWPYv] c.m.s.service.LoyaltyShippingService : Discount total=0.0 capped=false netFreight=15.75
INFO [rPWdWPYv] c.m.s.service.LoyaltyShippingService : Shipping calculation result grossFreight=15.75, totalSurcharges=0, finalFee=15.75
INFO [rPWdWPYv] c.m.s.c.CheckoutShippingController : Shipping calculation completed with final fee 15.75
INFO [d7n7EQ2Y] c.m.s.c.CheckoutShippingController : Shipping calculation requested
INFO [d7n7EQ2Y] c.m.s.service.LoyaltyShippingService : Calculating shipping for country=US, zip=30001, cartTotal=100.0
INFO [d7n7EQ2Y] c.m.s.service.LoyaltyShippingService : Using database rate baseRate=12.50, regionalSurcharge=3.25
INFO [d7n7EQ2Y] c.m.s.service.LoyaltyShippingService : Applied tier=STANDARD discount=0.0
WARN [d7n7EQ2Y] c.m.s.service.PromoEvaluatorService : Promo code EXPIRED10 was not found or is inactive
INFO [d7n7EQ2Y] c.m.s.service.LoyaltyShippingService : Applied promo discount=0
INFO [d7n7EQ2Y] c.m.s.service.LoyaltyShippingService : Discount total=0.0 capped=false netFreight=15.75
INFO [d7n7EQ2Y] c.m.s.service.LoyaltyShippingService : Shipping calculation result grossFreight=15.75, totalSurcharges=0, finalFee=15.75
INFO [d7n7EQ2Y] c.m.s.c.CheckoutShippingController : Shipping calculation completed with final fee 15.75
INFO [pNmCHzT7] c.m.s.c.CheckoutShippingController : Shipping calculation requested
INFO [pNmCHzT7] c.m.s.service.LoyaltyShippingService : Calculating shipping for country=US, zip=30001, cartTotal=20.0
INFO [pNmCHzT7] c.m.s.service.LoyaltyShippingService : Using database rate baseRate=12.50, regionalSurcharge=3.25
INFO [pNmCHzT7] c.m.s.service.LoyaltyShippingService : Applied tier=SILVER discount=2.000
INFO [pNmCHzT7] c.m.s.service.PromoEvaluatorService : No promo code supplied
INFO [pNmCHzT7] c.m.s.service.LoyaltyShippingService : Applied promo discount=0
INFO [pNmCHzT7] c.m.s.service.LoyaltyShippingService : Discount total=2.000 capped=false netFreight=13.750
INFO [pNmCHzT7] c.m.s.service.LoyaltyShippingService : Shipping calculation result grossFreight=15.75, totalSurcharges=0, finalFee=13.750
INFO [pNmCHzT7] c.m.s.c.CheckoutShippingController : Shipping calculation completed with final fee 13.75
INFO [zkHlZwbP] c.m.s.c.CheckoutShippingController : Shipping calculation requested
INFO [zkHlZwbP] c.m.s.service.LoyaltyShippingService : Calculating shipping for country=US, zip=30001, cartTotal=40.0
INFO [zkHlZwbP] c.m.s.service.LoyaltyShippingService : Using database rate baseRate=12.50, regionalSurcharge=3.25
INFO [zkHlZwbP] c.m.s.service.LoyaltyShippingService : Applied tier=SILVER discount=4.000
INFO [zkHlZwbP] c.m.s.service.PromoEvaluatorService : Promo code SUMMER5 applied flat discount 5.0000
INFO [zkHlZwbP] c.m.s.service.LoyaltyShippingService : Applied promo discount=5.0000
INFO [zkHlZwbP] c.m.s.service.LoyaltyShippingService : Discount total=9.0000 capped=false netFreight=6.7500
INFO [zkHlZwbP] c.m.s.service.LoyaltyShippingService : Shipping calculation result grossFreight=15.75, totalSurcharges=0, finalFee=6.7500
INFO [zkHlZwbP] c.m.s.c.CheckoutShippingController : Shipping calculation completed with final fee 6.75
INFO [sDCGPcVL] c.m.s.c.CheckoutShippingController : Shipping calculation requested
INFO [sDCGPcVL] c.m.s.service.LoyaltyShippingService : Calculating shipping for country=US, zip=30001, cartTotal=30.0
INFO [sDCGPcVL] c.m.s.service.LoyaltyShippingService : Using database rate baseRate=12.50, regionalSurcharge=3.25
INFO [sDCGPcVL] c.m.s.service.LoyaltyShippingService : Applied tier=SILVER discount=3.000
INFO [sDCGPcVL] c.m.s.service.PromoEvaluatorService : Promo code WELCOME10 applied percentage discount
INFO [sDCGPcVL] c.m.s.service.LoyaltyShippingService : Applied promo discount=1.575000
INFO [sDCGPcVL] c.m.s.service.LoyaltyShippingService : Discount total=4.575000 capped=false netFreight=11.175000
INFO [sDCGPcVL] c.m.s.service.LoyaltyShippingService : Shipping calculation result grossFreight=15.75, totalSurcharges=0, finalFee=11.175000
INFO [sDCGPcVL] c.m.s.c.CheckoutShippingController : Shipping calculation completed with final fee 11.18
INFO [1lYiu7gk] c.m.s.c.CheckoutShippingController : Shipping calculation requested
INFO [1lYiu7gk] c.m.s.service.LoyaltyShippingService : Calculating shipping for country=US, zip=30001, cartTotal=100.0
INFO [1lYiu7gk] c.m.s.service.LoyaltyShippingService : Using database rate baseRate=12.50, regionalSurcharge=3.25
INFO [1lYiu7gk] c.m.s.service.LoyaltyShippingService : Applied tier=SILVER discount=10.000
INFO [1lYiu7gk] c.m.s.service.PromoEvaluatorService : Promo code VIP20 applied percentage discount
INFO [1lYiu7gk] c.m.s.service.LoyaltyShippingService : Applied promo discount=3.150000
INFO [1lYiu7gk] c.m.s.service.LoyaltyShippingService : Discount total=13.150000 capped=false netFreight=2.600000
INFO [1lYiu7gk] c.m.s.service.LoyaltyShippingService : Shipping calculation result grossFreight=15.75, totalSurcharges=0, finalFee=2.600000
INFO [1lYiu7gk] c.m.s.c.CheckoutShippingController : Shipping calculation completed with final fee 2.60
INFO [1yQDe47S] c.m.s.c.CheckoutShippingController : Shipping calculation requested
INFO [1yQDe47S] c.m.s.service.LoyaltyShippingService : Calculating shipping for country=US, zip=30001, cartTotal=40.0
INFO [1yQDe47S] c.m.s.service.LoyaltyShippingService : Using database rate baseRate=12.50, regionalSurcharge=3.25
INFO [1yQDe47S] c.m.s.service.LoyaltyShippingService : Applied tier=SILVER discount=4.000
INFO [1yQDe47S] c.m.s.service.PromoEvaluatorService : Promo code VIP20 rejected below cart minimum 50.00
INFO [1yQDe47S] c.m.s.service.LoyaltyShippingService : Applied promo discount=0
INFO [1yQDe47S] c.m.s.service.LoyaltyShippingService : Discount total=4.000 capped=false netFreight=11.750
INFO [1yQDe47S] c.m.s.service.LoyaltyShippingService : Shipping calculation result grossFreight=15.75, totalSurcharges=0, finalFee=11.750
INFO [1yQDe47S] c.m.s.c.CheckoutShippingController : Shipping calculation completed with final fee 11.75
INFO [YJqQ1q8Z] c.m.s.c.CheckoutShippingController : Shipping calculation requested
INFO [YJqQ1q8Z] c.m.s.service.LoyaltyShippingService : Calculating shipping for country=US, zip=30001, cartTotal=100.0
INFO [YJqQ1q8Z] c.m.s.service.LoyaltyShippingService : Using database rate baseRate=12.50, regionalSurcharge=3.25
INFO [YJqQ1q8Z] c.m.s.service.LoyaltyShippingService : Applied tier=SILVER discount=10.000
INFO [YJqQ1q8Z] c.m.s.service.PromoEvaluatorService : Promo code FREESHIP10 applied flat discount 10.0000
INFO [YJqQ1q8Z] c.m.s.service.LoyaltyShippingService : Applied promo discount=10.0000
INFO [YJqQ1q8Z] c.m.s.service.LoyaltyShippingService : Discount total=20.0000 capped=false netFreight=0
INFO [YJqQ1q8Z] c.m.s.service.LoyaltyShippingService : Shipping calculation result grossFreight=15.75, totalSurcharges=0, finalFee=0
INFO [YJqQ1q8Z] c.m.s.c.CheckoutShippingController : Shipping calculation completed with final fee 0.00
INFO [HuBbCmf5] c.m.s.c.CheckoutShippingController : Shipping calculation requested
INFO [HuBbCmf5] c.m.s.service.LoyaltyShippingService : Calculating shipping for country=US, zip=30001, cartTotal=40.0
INFO [HuBbCmf5] c.m.s.service.LoyaltyShippingService : Using database rate baseRate=12.50, regionalSurcharge=3.25
INFO [HuBbCmf5] c.m.s.service.LoyaltyShippingService : Applied tier=SILVER discount=4.000
INFO [HuBbCmf5] c.m.s.service.PromoEvaluatorService : Promo code EARLYBIRD5 applied flat discount 5.0000
INFO [HuBbCmf5] c.m.s.service.LoyaltyShippingService : Applied promo discount=5.0000
INFO [HuBbCmf5] c.m.s.service.LoyaltyShippingService : Discount total=9.0000 capped=false netFreight=6.7500
INFO [HuBbCmf5] c.m.s.service.LoyaltyShippingService : Shipping calculation result grossFreight=15.75, totalSurcharges=0, finalFee=6.7500
INFO [HuBbCmf5] c.m.s.c.CheckoutShippingController : Shipping calculation completed with final fee 6.75
INFO [Bhe8BJsT] c.m.s.c.CheckoutShippingController : Shipping calculation requested
INFO [Bhe8BJsT] c.m.s.service.LoyaltyShippingService : Calculating shipping for country=US, zip=30001, cartTotal=30.0
INFO [Bhe8BJsT] c.m.s.service.LoyaltyShippingService : Using database rate baseRate=12.50, regionalSurcharge=3.25
INFO [Bhe8BJsT] c.m.s.service.LoyaltyShippingService : Applied tier=SILVER discount=3.000
INFO [Bhe8BJsT] c.m.s.service.PromoEvaluatorService : Promo code EARLYBIRD5 rejected outside time window
INFO [Bhe8BJsT] c.m.s.service.LoyaltyShippingService : Applied promo discount=0
INFO [Bhe8BJsT] c.m.s.service.LoyaltyShippingService : Discount total=3.000 capped=false netFreight=12.750
INFO [Bhe8BJsT] c.m.s.service.LoyaltyShippingService : Shipping calculation result grossFreight=15.75, totalSurcharges=0, finalFee=12.750
INFO [Bhe8BJsT] c.m.s.c.CheckoutShippingController : Shipping calculation completed with final fee 12.75
INFO [rFrUGXkk] c.m.s.c.CheckoutShippingController : Shipping calculation requested
INFO [rFrUGXkk] c.m.s.service.LoyaltyShippingService : Calculating shipping for country=US, zip=30001, cartTotal=20.0
INFO [rFrUGXkk] c.m.s.service.LoyaltyShippingService : Using database rate baseRate=12.50, regionalSurcharge=3.25
INFO [rFrUGXkk] c.m.s.service.LoyaltyShippingService : Applied tier=SILVER discount=2.000
INFO [rFrUGXkk] c.m.s.service.PromoEvaluatorService : Promo code NIGHTOWL10 applied remaining-fee percentage discount
INFO [rFrUGXkk] c.m.s.service.LoyaltyShippingService : Applied promo discount=1.3750000
INFO [rFrUGXkk] c.m.s.service.LoyaltyShippingService : Discount total=3.3750000 capped=false netFreight=12.3750000
INFO [rFrUGXkk] c.m.s.service.LoyaltyShippingService : Shipping calculation result grossFreight=15.75, totalSurcharges=0, finalFee=12.3750000
INFO [rFrUGXkk] c.m.s.c.CheckoutShippingController : Shipping calculation completed with final fee 12.38
INFO [Ss7cTIXE] c.m.s.c.CheckoutShippingController : Shipping calculation requested
INFO [Ss7cTIXE] c.m.s.service.LoyaltyShippingService : Calculating shipping for country=US, zip=30001, cartTotal=20.0
INFO [Ss7cTIXE] c.m.s.service.LoyaltyShippingService : Using database rate baseRate=12.50, regionalSurcharge=3.25
INFO [Ss7cTIXE] c.m.s.service.LoyaltyShippingService : Applied tier=SILVER discount=2.000
INFO [Ss7cTIXE] c.m.s.service.PromoEvaluatorService : Promo code NIGHTOWL10 rejected outside time window
INFO [Ss7cTIXE] c.m.s.service.LoyaltyShippingService : Applied promo discount=0
INFO [Ss7cTIXE] c.m.s.service.LoyaltyShippingService : Discount total=2.000 capped=false netFreight=13.750
INFO [Ss7cTIXE] c.m.s.service.LoyaltyShippingService : Shipping calculation result grossFreight=15.75, totalSurcharges=0, finalFee=13.750
INFO [Ss7cTIXE] c.m.s.c.CheckoutShippingController : Shipping calculation completed with final fee 13.75
INFO [l7yz0O8F] c.m.s.c.CheckoutShippingController : Shipping calculation requested
INFO [l7yz0O8F] c.m.s.service.LoyaltyShippingService : Calculating shipping for country=US, zip=30001, cartTotal=100.0
INFO [l7yz0O8F] c.m.s.service.LoyaltyShippingService : Using database rate baseRate=12.50, regionalSurcharge=3.25
INFO [l7yz0O8F] c.m.s.service.LoyaltyShippingService : Applied tier=SILVER discount=10.000
WARN [l7yz0O8F] c.m.s.service.PromoEvaluatorService : Promo code EXPIRED10 was not found or is inactive
INFO [l7yz0O8F] c.m.s.service.LoyaltyShippingService : Applied promo discount=0
INFO [l7yz0O8F] c.m.s.service.LoyaltyShippingService : Discount total=10.000 capped=false netFreight=5.750
INFO [l7yz0O8F] c.m.s.service.LoyaltyShippingService : Shipping calculation result grossFreight=15.75, totalSurcharges=0, finalFee=5.750
INFO [l7yz0O8F] c.m.s.c.CheckoutShippingController : Shipping calculation completed with final fee 5.75
INFO [7I1N8A24] c.m.s.c.CheckoutShippingController : Shipping calculation requested
INFO [7I1N8A24] c.m.s.service.LoyaltyShippingService : Calculating shipping for country=US, zip=30001, cartTotal=20.0
INFO [7I1N8A24] c.m.s.service.LoyaltyShippingService : Using database rate baseRate=12.50, regionalSurcharge=3.25
INFO [7I1N8A24] c.m.s.service.LoyaltyShippingService : Applied tier=GOLD discount=4.000
INFO [7I1N8A24] c.m.s.service.PromoEvaluatorService : No promo code supplied
INFO [7I1N8A24] c.m.s.service.LoyaltyShippingService : Applied promo discount=0
INFO [7I1N8A24] c.m.s.service.LoyaltyShippingService : Discount total=4.000 capped=false netFreight=11.750
INFO [7I1N8A24] c.m.s.service.LoyaltyShippingService : Shipping calculation result grossFreight=15.75, totalSurcharges=0, finalFee=11.750
INFO [7I1N8A24] c.m.s.c.CheckoutShippingController : Shipping calculation completed with final fee 11.75
INFO [RMHQmrOs] c.m.s.c.CheckoutShippingController : Shipping calculation requested
INFO [RMHQmrOs] c.m.s.service.LoyaltyShippingService : Calculating shipping for country=US, zip=30001, cartTotal=40.0
INFO [RMHQmrOs] c.m.s.service.LoyaltyShippingService : Using database rate baseRate=12.50, regionalSurcharge=3.25
INFO [RMHQmrOs] c.m.s.service.LoyaltyShippingService : Applied tier=GOLD discount=8.000
INFO [RMHQmrOs] c.m.s.service.PromoEvaluatorService : Promo code SUMMER5 applied flat discount 5.0000
INFO [RMHQmrOs] c.m.s.service.LoyaltyShippingService : Applied promo discount=5.0000
INFO [RMHQmrOs] c.m.s.service.LoyaltyShippingService : Discount total=13.0000 capped=false netFreight=2.7500
INFO [RMHQmrOs] c.m.s.service.LoyaltyShippingService : Shipping calculation result grossFreight=15.75, totalSurcharges=0, finalFee=2.7500
INFO [RMHQmrOs] c.m.s.c.CheckoutShippingController : Shipping calculation completed with final fee 2.75
INFO [AafBjrV3] c.m.s.c.CheckoutShippingController : Shipping calculation requested
INFO [AafBjrV3] c.m.s.service.LoyaltyShippingService : Calculating shipping for country=US, zip=30001, cartTotal=30.0
INFO [AafBjrV3] c.m.s.service.LoyaltyShippingService : Using database rate baseRate=12.50, regionalSurcharge=3.25
INFO [AafBjrV3] c.m.s.service.LoyaltyShippingService : Applied tier=GOLD discount=6.000
INFO [AafBjrV3] c.m.s.service.PromoEvaluatorService : Promo code WELCOME10 applied percentage discount
INFO [AafBjrV3] c.m.s.service.LoyaltyShippingService : Applied promo discount=1.575000
INFO [AafBjrV3] c.m.s.service.LoyaltyShippingService : Discount total=7.575000 capped=false netFreight=8.175000
INFO [AafBjrV3] c.m.s.service.LoyaltyShippingService : Shipping calculation result grossFreight=15.75, totalSurcharges=0, finalFee=8.175000
INFO [AafBjrV3] c.m.s.c.CheckoutShippingController : Shipping calculation completed with final fee 8.18
INFO [o8NvAmnG] c.m.s.c.CheckoutShippingController : Shipping calculation requested
INFO [o8NvAmnG] c.m.s.service.LoyaltyShippingService : Calculating shipping for country=US, zip=30001, cartTotal=100.0
INFO [o8NvAmnG] c.m.s.service.LoyaltyShippingService : Using database rate baseRate=12.50, regionalSurcharge=3.25
INFO [o8NvAmnG] c.m.s.service.LoyaltyShippingService : Applied tier=GOLD discount=20.000
INFO [o8NvAmnG] c.m.s.service.PromoEvaluatorService : Promo code VIP20 applied percentage discount
INFO [o8NvAmnG] c.m.s.service.LoyaltyShippingService : Applied promo discount=3.150000
INFO [o8NvAmnG] c.m.s.service.LoyaltyShippingService : Discount total=23.150000 capped=false netFreight=0
INFO [o8NvAmnG] c.m.s.service.LoyaltyShippingService : Shipping calculation result grossFreight=15.75, totalSurcharges=0, finalFee=0
INFO [o8NvAmnG] c.m.s.c.CheckoutShippingController : Shipping calculation completed with final fee 0.00
INFO [cJyRVTjk] c.m.s.c.CheckoutShippingController : Shipping calculation requested
INFO [cJyRVTjk] c.m.s.service.LoyaltyShippingService : Calculating shipping for country=US, zip=30001, cartTotal=40.0
INFO [cJyRVTjk] c.m.s.service.LoyaltyShippingService : Using database rate baseRate=12.50, regionalSurcharge=3.25
INFO [cJyRVTjk] c.m.s.service.LoyaltyShippingService : Applied tier=GOLD discount=8.000
INFO [cJyRVTjk] c.m.s.service.PromoEvaluatorService : Promo code VIP20 rejected below cart minimum 50.00
INFO [cJyRVTjk] c.m.s.service.LoyaltyShippingService : Applied promo discount=0
INFO [cJyRVTjk] c.m.s.service.LoyaltyShippingService : Discount total=8.000 capped=false netFreight=7.750
INFO [cJyRVTjk] c.m.s.service.LoyaltyShippingService : Shipping calculation result grossFreight=15.75, totalSurcharges=0, finalFee=7.750
INFO [cJyRVTjk] c.m.s.c.CheckoutShippingController : Shipping calculation completed with final fee 7.75
INFO [bWp0AMIm] c.m.s.c.CheckoutShippingController : Shipping calculation requested
INFO [bWp0AMIm] c.m.s.service.LoyaltyShippingService : Calculating shipping for country=US, zip=30001, cartTotal=100.0
INFO [bWp0AMIm] c.m.s.service.LoyaltyShippingService : Using database rate baseRate=12.50, regionalSurcharge=3.25
INFO [bWp0AMIm] c.m.s.service.LoyaltyShippingService : Applied tier=GOLD discount=20.000
INFO [bWp0AMIm] c.m.s.service.PromoEvaluatorService : Promo code FREESHIP10 applied flat discount 10.0000
INFO [bWp0AMIm] c.m.s.service.LoyaltyShippingService : Applied promo discount=10.0000
INFO [bWp0AMIm] c.m.s.service.LoyaltyShippingService : Discount total=30.0000 capped=false netFreight=0
INFO [bWp0AMIm] c.m.s.service.LoyaltyShippingService : Shipping calculation result grossFreight=15.75, totalSurcharges=0, finalFee=0
INFO [bWp0AMIm] c.m.s.c.CheckoutShippingController : Shipping calculation completed with final fee 0.00
INFO [Ud7L8aly] c.m.s.c.CheckoutShippingController : Shipping calculation requested
INFO [Ud7L8aly] c.m.s.service.LoyaltyShippingService : Calculating shipping for country=US, zip=30001, cartTotal=40.0
INFO [Ud7L8aly] c.m.s.service.LoyaltyShippingService : Using database rate baseRate=12.50, regionalSurcharge=3.25
INFO [Ud7L8aly] c.m.s.service.LoyaltyShippingService : Applied tier=GOLD discount=8.000
INFO [Ud7L8aly] c.m.s.service.PromoEvaluatorService : Promo code EARLYBIRD5 applied flat discount 5.0000
INFO [Ud7L8aly] c.m.s.service.LoyaltyShippingService : Applied promo discount=5.0000
INFO [Ud7L8aly] c.m.s.service.LoyaltyShippingService : Discount total=13.0000 capped=false netFreight=2.7500
INFO [Ud7L8aly] c.m.s.service.LoyaltyShippingService : Shipping calculation result grossFreight=15.75, totalSurcharges=0, finalFee=2.7500
INFO [Ud7L8aly] c.m.s.c.CheckoutShippingController : Shipping calculation completed with final fee 2.75
INFO [nzM5mTe8] c.m.s.c.CheckoutShippingController : Shipping calculation requested
INFO [nzM5mTe8] c.m.s.service.LoyaltyShippingService : Calculating shipping for country=US, zip=30001, cartTotal=30.0
INFO [nzM5mTe8] c.m.s.service.LoyaltyShippingService : Using database rate baseRate=12.50, regionalSurcharge=3.25
INFO [nzM5mTe8] c.m.s.service.LoyaltyShippingService : Applied tier=GOLD discount=6.000
INFO [nzM5mTe8] c.m.s.service.PromoEvaluatorService : Promo code EARLYBIRD5 rejected outside time window
INFO [nzM5mTe8] c.m.s.service.LoyaltyShippingService : Applied promo discount=0
INFO [nzM5mTe8] c.m.s.service.LoyaltyShippingService : Discount total=6.000 capped=false netFreight=9.750
INFO [nzM5mTe8] c.m.s.service.LoyaltyShippingService : Shipping calculation result grossFreight=15.75, totalSurcharges=0, finalFee=9.750
INFO [nzM5mTe8] c.m.s.c.CheckoutShippingController : Shipping calculation completed with final fee 9.75
INFO [vQI4Y2Y2] c.m.s.c.CheckoutShippingController : Shipping calculation requested
INFO [vQI4Y2Y2] c.m.s.service.LoyaltyShippingService : Calculating shipping for country=US, zip=30001, cartTotal=20.0
INFO [vQI4Y2Y2] c.m.s.service.LoyaltyShippingService : Using database rate baseRate=12.50, regionalSurcharge=3.25
INFO [vQI4Y2Y2] c.m.s.service.LoyaltyShippingService : Applied tier=GOLD discount=4.000
INFO [vQI4Y2Y2] c.m.s.service.PromoEvaluatorService : Promo code NIGHTOWL10 applied remaining-fee percentage discount
INFO [vQI4Y2Y2] c.m.s.service.LoyaltyShippingService : Applied promo discount=1.1750000
INFO [vQI4Y2Y2] c.m.s.service.LoyaltyShippingService : Discount total=5.1750000 capped=false netFreight=10.5750000
INFO [vQI4Y2Y2] c.m.s.service.LoyaltyShippingService : Shipping calculation result grossFreight=15.75, totalSurcharges=0, finalFee=10.5750000
INFO [vQI4Y2Y2] c.m.s.c.CheckoutShippingController : Shipping calculation completed with final fee 10.58
INFO [YOmBPS3i] c.m.s.c.CheckoutShippingController : Shipping calculation requested
INFO [YOmBPS3i] c.m.s.service.LoyaltyShippingService : Calculating shipping for country=US, zip=30001, cartTotal=20.0
INFO [YOmBPS3i] c.m.s.service.LoyaltyShippingService : Using database rate baseRate=12.50, regionalSurcharge=3.25
INFO [YOmBPS3i] c.m.s.service.LoyaltyShippingService : Applied tier=GOLD discount=4.000
INFO [YOmBPS3i] c.m.s.service.PromoEvaluatorService : Promo code NIGHTOWL10 rejected outside time window
INFO [YOmBPS3i] c.m.s.service.LoyaltyShippingService : Applied promo discount=0
INFO [YOmBPS3i] c.m.s.service.LoyaltyShippingService : Discount total=4.000 capped=false netFreight=11.750
INFO [YOmBPS3i] c.m.s.service.LoyaltyShippingService : Shipping calculation result grossFreight=15.75, totalSurcharges=0, finalFee=11.750
INFO [YOmBPS3i] c.m.s.c.CheckoutShippingController : Shipping calculation completed with final fee 11.75
INFO [jrRxTWY9] c.m.s.c.CheckoutShippingController : Shipping calculation requested
INFO [jrRxTWY9] c.m.s.service.LoyaltyShippingService : Calculating shipping for country=US, zip=30001, cartTotal=100.0
INFO [jrRxTWY9] c.m.s.service.LoyaltyShippingService : Using database rate baseRate=12.50, regionalSurcharge=3.25
INFO [jrRxTWY9] c.m.s.service.LoyaltyShippingService : Applied tier=GOLD discount=20.000
WARN [jrRxTWY9] c.m.s.service.PromoEvaluatorService : Promo code EXPIRED10 was not found or is inactive
INFO [jrRxTWY9] c.m.s.service.LoyaltyShippingService : Applied promo discount=0
INFO [jrRxTWY9] c.m.s.service.LoyaltyShippingService : Discount total=20.000 capped=false netFreight=0
INFO [jrRxTWY9] c.m.s.service.LoyaltyShippingService : Shipping calculation result grossFreight=15.75, totalSurcharges=0, finalFee=0
INFO [jrRxTWY9] c.m.s.c.CheckoutShippingController : Shipping calculation completed with final fee 0.00
INFO [Z9QWESLB] c.m.s.c.CheckoutShippingController : Shipping calculation requested
INFO [Z9QWESLB] c.m.s.service.LoyaltyShippingService : Calculating shipping for country=US, zip=30001, cartTotal=20.0
INFO [Z9QWESLB] c.m.s.service.LoyaltyShippingService : Using database rate baseRate=12.50, regionalSurcharge=3.25
INFO [Z9QWESLB] c.m.s.service.LoyaltyShippingService : Applied tier=VIP discount=6.000
INFO [Z9QWESLB] c.m.s.service.PromoEvaluatorService : No promo code supplied
INFO [Z9QWESLB] c.m.s.service.LoyaltyShippingService : Applied promo discount=0
INFO [Z9QWESLB] c.m.s.service.LoyaltyShippingService : Discount total=6.000 capped=false netFreight=9.750
INFO [Z9QWESLB] c.m.s.service.LoyaltyShippingService : Shipping calculation result grossFreight=15.75, totalSurcharges=0, finalFee=9.750
INFO [Z9QWESLB] c.m.s.c.CheckoutShippingController : Shipping calculation completed with final fee 9.75
INFO [27fVysyW] c.m.s.c.CheckoutShippingController : Shipping calculation requested
INFO [27fVysyW] c.m.s.service.LoyaltyShippingService : Calculating shipping for country=US, zip=30001, cartTotal=40.0
INFO [27fVysyW] c.m.s.service.LoyaltyShippingService : Using database rate baseRate=12.50, regionalSurcharge=3.25
INFO [27fVysyW] c.m.s.service.LoyaltyShippingService : Applied tier=VIP discount=12.000
INFO [27fVysyW] c.m.s.service.PromoEvaluatorService : Promo code SUMMER5 applied flat discount 5.0000
INFO [27fVysyW] c.m.s.service.LoyaltyShippingService : Applied promo discount=5.0000
INFO [27fVysyW] c.m.s.service.LoyaltyShippingService : Discount total=17.0000 capped=false netFreight=0
INFO [27fVysyW] c.m.s.service.LoyaltyShippingService : Shipping calculation result grossFreight=15.75, totalSurcharges=0, finalFee=0
INFO [27fVysyW] c.m.s.c.CheckoutShippingController : Shipping calculation completed with final fee 0.00
INFO [vfvWOlsI] c.m.s.c.CheckoutShippingController : Shipping calculation requested
INFO [vfvWOlsI] c.m.s.service.LoyaltyShippingService : Calculating shipping for country=US, zip=30001, cartTotal=30.0
INFO [vfvWOlsI] c.m.s.service.LoyaltyShippingService : Using database rate baseRate=12.50, regionalSurcharge=3.25
INFO [vfvWOlsI] c.m.s.service.LoyaltyShippingService : Applied tier=VIP discount=9.000
INFO [vfvWOlsI] c.m.s.service.PromoEvaluatorService : Promo code WELCOME10 applied percentage discount
INFO [vfvWOlsI] c.m.s.service.LoyaltyShippingService : Applied promo discount=1.575000
INFO [vfvWOlsI] c.m.s.service.LoyaltyShippingService : Discount total=10.575000 capped=false netFreight=5.175000
INFO [vfvWOlsI] c.m.s.service.LoyaltyShippingService : Shipping calculation result grossFreight=15.75, totalSurcharges=0, finalFee=5.175000
INFO [vfvWOlsI] c.m.s.c.CheckoutShippingController : Shipping calculation completed with final fee 5.18
INFO [wfw7qIxo] c.m.s.c.CheckoutShippingController : Shipping calculation requested
INFO [wfw7qIxo] c.m.s.service.LoyaltyShippingService : Calculating shipping for country=US, zip=30001, cartTotal=100.0
INFO [wfw7qIxo] c.m.s.service.LoyaltyShippingService : Using database rate baseRate=12.50, regionalSurcharge=3.25
INFO [wfw7qIxo] c.m.s.service.LoyaltyShippingService : Applied tier=VIP discount=30.000
INFO [wfw7qIxo] c.m.s.service.PromoEvaluatorService : Promo code VIP20 applied percentage discount
INFO [wfw7qIxo] c.m.s.service.LoyaltyShippingService : Applied promo discount=3.150000
INFO [wfw7qIxo] c.m.s.service.LoyaltyShippingService : Discount total=33.150000 capped=false netFreight=0
INFO [wfw7qIxo] c.m.s.service.LoyaltyShippingService : Shipping calculation result grossFreight=15.75, totalSurcharges=0, finalFee=0
INFO [wfw7qIxo] c.m.s.c.CheckoutShippingController : Shipping calculation completed with final fee 0.00
INFO [fKzIqA8I] c.m.s.c.CheckoutShippingController : Shipping calculation requested
INFO [fKzIqA8I] c.m.s.service.LoyaltyShippingService : Calculating shipping for country=US, zip=30001, cartTotal=40.0
INFO [fKzIqA8I] c.m.s.service.LoyaltyShippingService : Using database rate baseRate=12.50, regionalSurcharge=3.25
INFO [fKzIqA8I] c.m.s.service.LoyaltyShippingService : Applied tier=VIP discount=12.000
INFO [fKzIqA8I] c.m.s.service.PromoEvaluatorService : Promo code VIP20 rejected below cart minimum 50.00
INFO [fKzIqA8I] c.m.s.service.LoyaltyShippingService : Applied promo discount=0
INFO [fKzIqA8I] c.m.s.service.LoyaltyShippingService : Discount total=12.000 capped=false netFreight=3.750
INFO [fKzIqA8I] c.m.s.service.LoyaltyShippingService : Shipping calculation result grossFreight=15.75, totalSurcharges=0, finalFee=3.750
INFO [fKzIqA8I] c.m.s.c.CheckoutShippingController : Shipping calculation completed with final fee 3.75
INFO [5hNnd6uU] c.m.s.c.CheckoutShippingController : Shipping calculation requested
INFO [5hNnd6uU] c.m.s.service.LoyaltyShippingService : Calculating shipping for country=US, zip=30001, cartTotal=100.0
INFO [5hNnd6uU] c.m.s.service.LoyaltyShippingService : Using database rate baseRate=12.50, regionalSurcharge=3.25
INFO [5hNnd6uU] c.m.s.service.LoyaltyShippingService : Applied tier=VIP discount=30.000
INFO [5hNnd6uU] c.m.s.service.PromoEvaluatorService : Promo code FREESHIP10 applied flat discount 10.0000
INFO [5hNnd6uU] c.m.s.service.LoyaltyShippingService : Applied promo discount=10.0000
INFO [5hNnd6uU] c.m.s.service.LoyaltyShippingService : Discount total=40.0000 capped=false netFreight=0
INFO [5hNnd6uU] c.m.s.service.LoyaltyShippingService : Shipping calculation result grossFreight=15.75, totalSurcharges=0, finalFee=0
INFO [5hNnd6uU] c.m.s.c.CheckoutShippingController : Shipping calculation completed with final fee 0.00
INFO [ubrfoJVB] c.m.s.c.CheckoutShippingController : Shipping calculation requested
INFO [ubrfoJVB] c.m.s.service.LoyaltyShippingService : Calculating shipping for country=US, zip=30001, cartTotal=40.0
INFO [ubrfoJVB] c.m.s.service.LoyaltyShippingService : Using database rate baseRate=12.50, regionalSurcharge=3.25
INFO [ubrfoJVB] c.m.s.service.LoyaltyShippingService : Applied tier=VIP discount=12.000
INFO [ubrfoJVB] c.m.s.service.PromoEvaluatorService : Promo code EARLYBIRD5 applied flat discount 5.0000
INFO [ubrfoJVB] c.m.s.service.LoyaltyShippingService : Applied promo discount=5.0000
INFO [ubrfoJVB] c.m.s.service.LoyaltyShippingService : Discount total=17.0000 capped=false netFreight=0
INFO [ubrfoJVB] c.m.s.service.LoyaltyShippingService : Shipping calculation result grossFreight=15.75, totalSurcharges=0, finalFee=0
INFO [ubrfoJVB] c.m.s.c.CheckoutShippingController : Shipping calculation completed with final fee 0.00
INFO [ghsTlwGI] c.m.s.c.CheckoutShippingController : Shipping calculation requested
INFO [ghsTlwGI] c.m.s.service.LoyaltyShippingService : Calculating shipping for country=US, zip=30001, cartTotal=30.0
INFO [ghsTlwGI] c.m.s.service.LoyaltyShippingService : Using database rate baseRate=12.50, regionalSurcharge=3.25
INFO [ghsTlwGI] c.m.s.service.LoyaltyShippingService : Applied tier=VIP discount=9.000
INFO [ghsTlwGI] c.m.s.service.PromoEvaluatorService : Promo code EARLYBIRD5 rejected outside time window
INFO [ghsTlwGI] c.m.s.service.LoyaltyShippingService : Applied promo discount=0
INFO [ghsTlwGI] c.m.s.service.LoyaltyShippingService : Discount total=9.000 capped=false netFreight=6.750
INFO [ghsTlwGI] c.m.s.service.LoyaltyShippingService : Shipping calculation result grossFreight=15.75, totalSurcharges=0, finalFee=6.750
INFO [ghsTlwGI] c.m.s.c.CheckoutShippingController : Shipping calculation completed with final fee 6.75
INFO [X70x6chJ] c.m.s.c.CheckoutShippingController : Shipping calculation requested
INFO [X70x6chJ] c.m.s.service.LoyaltyShippingService : Calculating shipping for country=US, zip=30001, cartTotal=20.0
INFO [X70x6chJ] c.m.s.service.LoyaltyShippingService : Using database rate baseRate=12.50, regionalSurcharge=3.25
INFO [X70x6chJ] c.m.s.service.LoyaltyShippingService : Applied tier=VIP discount=6.000
INFO [X70x6chJ] c.m.s.service.PromoEvaluatorService : Promo code NIGHTOWL10 applied remaining-fee percentage discount
INFO [X70x6chJ] c.m.s.service.LoyaltyShippingService : Applied promo discount=0.9750000
INFO [X70x6chJ] c.m.s.service.LoyaltyShippingService : Discount total=6.9750000 capped=false netFreight=8.7750000
INFO [X70x6chJ] c.m.s.service.LoyaltyShippingService : Shipping calculation result grossFreight=15.75, totalSurcharges=0, finalFee=8.7750000
INFO [X70x6chJ] c.m.s.c.CheckoutShippingController : Shipping calculation completed with final fee 8.78
INFO [9OsIW6qq] c.m.s.c.CheckoutShippingController : Shipping calculation requested
INFO [9OsIW6qq] c.m.s.service.LoyaltyShippingService : Calculating shipping for country=US, zip=30001, cartTotal=20.0
INFO [9OsIW6qq] c.m.s.service.LoyaltyShippingService : Using database rate baseRate=12.50, regionalSurcharge=3.25
INFO [9OsIW6qq] c.m.s.service.LoyaltyShippingService : Applied tier=VIP discount=6.000
INFO [9OsIW6qq] c.m.s.service.PromoEvaluatorService : Promo code NIGHTOWL10 rejected outside time window
INFO [9OsIW6qq] c.m.s.service.LoyaltyShippingService : Applied promo discount=0
INFO [9OsIW6qq] c.m.s.service.LoyaltyShippingService : Discount total=6.000 capped=false netFreight=9.750
INFO [9OsIW6qq] c.m.s.service.LoyaltyShippingService : Shipping calculation result grossFreight=15.75, totalSurcharges=0, finalFee=9.750
INFO [9OsIW6qq] c.m.s.c.CheckoutShippingController : Shipping calculation completed with final fee 9.75
INFO [I63adntN] c.m.s.c.CheckoutShippingController : Shipping calculation requested
INFO [I63adntN] c.m.s.service.LoyaltyShippingService : Calculating shipping for country=US, zip=30001, cartTotal=100.0
INFO [I63adntN] c.m.s.service.LoyaltyShippingService : Using database rate baseRate=12.50, regionalSurcharge=3.25
INFO [I63adntN] c.m.s.service.LoyaltyShippingService : Applied tier=VIP discount=30.000
WARN [I63adntN] c.m.s.service.PromoEvaluatorService : Promo code EXPIRED10 was not found or is inactive
INFO [I63adntN] c.m.s.service.LoyaltyShippingService : Applied promo discount=0
INFO [I63adntN] c.m.s.service.LoyaltyShippingService : Discount total=30.000 capped=false netFreight=0
INFO [I63adntN] c.m.s.service.LoyaltyShippingService : Shipping calculation result grossFreight=15.75, totalSurcharges=0, finalFee=0
INFO [I63adntN] c.m.s.c.CheckoutShippingController : Shipping calculation completed with final fee 0.00
INFO [0LgTEWPr] c.m.s.c.CheckoutShippingController : Shipping calculation requested
INFO [0LgTEWPr] c.m.s.service.LoyaltyShippingService : Calculating shipping for country=US, zip=60001, cartTotal=20.0
INFO [0LgTEWPr] c.m.s.service.LoyaltyShippingService : Using database rate baseRate=11.00, regionalSurcharge=1.75
INFO [0LgTEWPr] c.m.s.service.LoyaltyShippingService : Applied tier=STANDARD discount=0.0
INFO [0LgTEWPr] c.m.s.service.PromoEvaluatorService : No promo code supplied
INFO [0LgTEWPr] c.m.s.service.LoyaltyShippingService : Applied promo discount=0
INFO [0LgTEWPr] c.m.s.service.LoyaltyShippingService : Discount total=0.0 capped=false netFreight=12.75
INFO [0LgTEWPr] c.m.s.service.LoyaltyShippingService : Shipping calculation result grossFreight=12.75, totalSurcharges=0, finalFee=12.75
INFO [0LgTEWPr] c.m.s.c.CheckoutShippingController : Shipping calculation completed with final fee 12.75
INFO [kAC65Edx] c.m.s.c.CheckoutShippingController : Shipping calculation requested
INFO [kAC65Edx] c.m.s.service.LoyaltyShippingService : Calculating shipping for country=US, zip=60001, cartTotal=40.0
INFO [kAC65Edx] c.m.s.service.LoyaltyShippingService : Using database rate baseRate=11.00, regionalSurcharge=1.75
INFO [kAC65Edx] c.m.s.service.LoyaltyShippingService : Applied tier=STANDARD discount=0.0
INFO [kAC65Edx] c.m.s.service.PromoEvaluatorService : Promo code SUMMER5 applied flat discount 5.0000
INFO [kAC65Edx] c.m.s.service.LoyaltyShippingService : Applied promo discount=5.0000
INFO [kAC65Edx] c.m.s.service.LoyaltyShippingService : Discount total=5.0000 capped=false netFreight=7.7500
INFO [kAC65Edx] c.m.s.service.LoyaltyShippingService : Shipping calculation result grossFreight=12.75, totalSurcharges=0, finalFee=7.7500
INFO [kAC65Edx] c.m.s.c.CheckoutShippingController : Shipping calculation completed with final fee 7.75
INFO [9Ih1ZrRo] c.m.s.c.CheckoutShippingController : Shipping calculation requested
INFO [9Ih1ZrRo] c.m.s.service.LoyaltyShippingService : Calculating shipping for country=US, zip=60001, cartTotal=30.0
INFO [9Ih1ZrRo] c.m.s.service.LoyaltyShippingService : Using database rate baseRate=11.00, regionalSurcharge=1.75
INFO [9Ih1ZrRo] c.m.s.service.LoyaltyShippingService : Applied tier=STANDARD discount=0.0
INFO [9Ih1ZrRo] c.m.s.service.PromoEvaluatorService : Promo code WELCOME10 applied percentage discount
INFO [9Ih1ZrRo] c.m.s.service.LoyaltyShippingService : Applied promo discount=1.275000
INFO [9Ih1ZrRo] c.m.s.service.LoyaltyShippingService : Discount total=1.275000 capped=false netFreight=11.475000
INFO [9Ih1ZrRo] c.m.s.service.LoyaltyShippingService : Shipping calculation result grossFreight=12.75, totalSurcharges=0, finalFee=11.475000
INFO [9Ih1ZrRo] c.m.s.c.CheckoutShippingController : Shipping calculation completed with final fee 11.48
INFO [obumxmaq] c.m.s.c.CheckoutShippingController : Shipping calculation requested
INFO [obumxmaq] c.m.s.service.LoyaltyShippingService : Calculating shipping for country=US, zip=60001, cartTotal=100.0
INFO [obumxmaq] c.m.s.service.LoyaltyShippingService : Using database rate baseRate=11.00, regionalSurcharge=1.75
INFO [obumxmaq] c.m.s.service.LoyaltyShippingService : Applied tier=STANDARD discount=0.0
INFO [obumxmaq] c.m.s.service.PromoEvaluatorService : Promo code VIP20 applied percentage discount
INFO [obumxmaq] c.m.s.service.LoyaltyShippingService : Applied promo discount=2.550000
INFO [obumxmaq] c.m.s.service.LoyaltyShippingService : Discount total=2.550000 capped=false netFreight=10.200000
INFO [obumxmaq] c.m.s.service.LoyaltyShippingService : Shipping calculation result grossFreight=12.75, totalSurcharges=0, finalFee=10.200000
INFO [obumxmaq] c.m.s.c.CheckoutShippingController : Shipping calculation completed with final fee 10.20
INFO [E8UFxbcf] c.m.s.c.CheckoutShippingController : Shipping calculation requested
INFO [E8UFxbcf] c.m.s.service.LoyaltyShippingService : Calculating shipping for country=US, zip=60001, cartTotal=40.0
INFO [E8UFxbcf] c.m.s.service.LoyaltyShippingService : Using database rate baseRate=11.00, regionalSurcharge=1.75
INFO [E8UFxbcf] c.m.s.service.LoyaltyShippingService : Applied tier=STANDARD discount=0.0
INFO [E8UFxbcf] c.m.s.service.PromoEvaluatorService : Promo code VIP20 rejected below cart minimum 50.00
INFO [E8UFxbcf] c.m.s.service.LoyaltyShippingService : Applied promo discount=0
INFO [E8UFxbcf] c.m.s.service.LoyaltyShippingService : Discount total=0.0 capped=false netFreight=12.75
INFO [E8UFxbcf] c.m.s.service.LoyaltyShippingService : Shipping calculation result grossFreight=12.75, totalSurcharges=0, finalFee=12.75
INFO [E8UFxbcf] c.m.s.c.CheckoutShippingController : Shipping calculation completed with final fee 12.75
INFO [HsEQld9p] c.m.s.c.CheckoutShippingController : Shipping calculation requested
INFO [HsEQld9p] c.m.s.service.LoyaltyShippingService : Calculating shipping for country=US, zip=60001, cartTotal=100.0
INFO [HsEQld9p] c.m.s.service.LoyaltyShippingService : Using database rate baseRate=11.00, regionalSurcharge=1.75
INFO [HsEQld9p] c.m.s.service.LoyaltyShippingService : Applied tier=STANDARD discount=0.0
INFO [HsEQld9p] c.m.s.service.PromoEvaluatorService : Promo code FREESHIP10 applied flat discount 10.0000
INFO [HsEQld9p] c.m.s.service.LoyaltyShippingService : Applied promo discount=10.0000
INFO [HsEQld9p] c.m.s.service.LoyaltyShippingService : Discount total=10.0000 capped=false netFreight=2.7500
INFO [HsEQld9p] c.m.s.service.LoyaltyShippingService : Shipping calculation result grossFreight=12.75, totalSurcharges=0, finalFee=2.7500
INFO [HsEQld9p] c.m.s.c.CheckoutShippingController : Shipping calculation completed with final fee 2.75
INFO [pDqE5Hrm] c.m.s.c.CheckoutShippingController : Shipping calculation requested
INFO [pDqE5Hrm] c.m.s.service.LoyaltyShippingService : Calculating shipping for country=US, zip=60001, cartTotal=40.0
INFO [pDqE5Hrm] c.m.s.service.LoyaltyShippingService : Using database rate baseRate=11.00, regionalSurcharge=1.75
INFO [pDqE5Hrm] c.m.s.service.LoyaltyShippingService : Applied tier=STANDARD discount=0.0
INFO [pDqE5Hrm] c.m.s.service.PromoEvaluatorService : Promo code EARLYBIRD5 applied flat discount 5.0000
INFO [pDqE5Hrm] c.m.s.service.LoyaltyShippingService : Applied promo discount=5.0000
INFO [pDqE5Hrm] c.m.s.service.LoyaltyShippingService : Discount total=5.0000 capped=false netFreight=7.7500
INFO [pDqE5Hrm] c.m.s.service.LoyaltyShippingService : Shipping calculation result grossFreight=12.75, totalSurcharges=0, finalFee=7.7500
INFO [pDqE5Hrm] c.m.s.c.CheckoutShippingController : Shipping calculation completed with final fee 7.75
INFO [VB3AvGLG] c.m.s.c.CheckoutShippingController : Shipping calculation requested
INFO [VB3AvGLG] c.m.s.service.LoyaltyShippingService : Calculating shipping for country=US, zip=60001, cartTotal=30.0
INFO [VB3AvGLG] c.m.s.service.LoyaltyShippingService : Using database rate baseRate=11.00, regionalSurcharge=1.75
INFO [VB3AvGLG] c.m.s.service.LoyaltyShippingService : Applied tier=STANDARD discount=0.0
INFO [VB3AvGLG] c.m.s.service.PromoEvaluatorService : Promo code EARLYBIRD5 rejected outside time window
INFO [VB3AvGLG] c.m.s.service.LoyaltyShippingService : Applied promo discount=0
INFO [VB3AvGLG] c.m.s.service.LoyaltyShippingService : Discount total=0.0 capped=false netFreight=12.75
INFO [VB3AvGLG] c.m.s.service.LoyaltyShippingService : Shipping calculation result grossFreight=12.75, totalSurcharges=0, finalFee=12.75
INFO [VB3AvGLG] c.m.s.c.CheckoutShippingController : Shipping calculation completed with final fee 12.75
INFO [uqRQGZkC] c.m.s.c.CheckoutShippingController : Shipping calculation requested
INFO [uqRQGZkC] c.m.s.service.LoyaltyShippingService : Calculating shipping for country=US, zip=60001, cartTotal=20.0
INFO [uqRQGZkC] c.m.s.service.LoyaltyShippingService : Using database rate baseRate=11.00, regionalSurcharge=1.75
INFO [uqRQGZkC] c.m.s.service.LoyaltyShippingService : Applied tier=STANDARD discount=0.0
INFO [uqRQGZkC] c.m.s.service.PromoEvaluatorService : Promo code NIGHTOWL10 applied remaining-fee percentage discount
INFO [uqRQGZkC] c.m.s.service.LoyaltyShippingService : Applied promo discount=1.275000
INFO [uqRQGZkC] c.m.s.service.LoyaltyShippingService : Discount total=1.275000 capped=false netFreight=11.475000
INFO [uqRQGZkC] c.m.s.service.LoyaltyShippingService : Shipping calculation result grossFreight=12.75, totalSurcharges=0, finalFee=11.475000
INFO [uqRQGZkC] c.m.s.c.CheckoutShippingController : Shipping calculation completed with final fee 11.48
INFO [LPpjynZT] c.m.s.c.CheckoutShippingController : Shipping calculation requested
INFO [LPpjynZT] c.m.s.service.LoyaltyShippingService : Calculating shipping for country=US, zip=60001, cartTotal=20.0
INFO [LPpjynZT] c.m.s.service.LoyaltyShippingService : Using database rate baseRate=11.00, regionalSurcharge=1.75
INFO [LPpjynZT] c.m.s.service.LoyaltyShippingService : Applied tier=STANDARD discount=0.0
INFO [LPpjynZT] c.m.s.service.PromoEvaluatorService : Promo code NIGHTOWL10 rejected outside time window
INFO [LPpjynZT] c.m.s.service.LoyaltyShippingService : Applied promo discount=0
INFO [LPpjynZT] c.m.s.service.LoyaltyShippingService : Discount total=0.0 capped=false netFreight=12.75
INFO [LPpjynZT] c.m.s.service.LoyaltyShippingService : Shipping calculation result grossFreight=12.75, totalSurcharges=0, finalFee=12.75
INFO [LPpjynZT] c.m.s.c.CheckoutShippingController : Shipping calculation completed with final fee 12.75
INFO [9sxRce4M] c.m.s.c.CheckoutShippingController : Shipping calculation requested
INFO [9sxRce4M] c.m.s.service.LoyaltyShippingService : Calculating shipping for country=US, zip=60001, cartTotal=100.0
INFO [9sxRce4M] c.m.s.service.LoyaltyShippingService : Using database rate baseRate=11.00, regionalSurcharge=1.75
INFO [9sxRce4M] c.m.s.service.LoyaltyShippingService : Applied tier=STANDARD discount=0.0
WARN [9sxRce4M] c.m.s.service.PromoEvaluatorService : Promo code EXPIRED10 was not found or is inactive
INFO [9sxRce4M] c.m.s.service.LoyaltyShippingService : Applied promo discount=0
INFO [9sxRce4M] c.m.s.service.LoyaltyShippingService : Discount total=0.0 capped=false netFreight=12.75
INFO [9sxRce4M] c.m.s.service.LoyaltyShippingService : Shipping calculation result grossFreight=12.75, totalSurcharges=0, finalFee=12.75
INFO [9sxRce4M] c.m.s.c.CheckoutShippingController : Shipping calculation completed with final fee 12.75
INFO [0iS1ANXj] c.m.s.c.CheckoutShippingController : Shipping calculation requested
INFO [0iS1ANXj] c.m.s.service.LoyaltyShippingService : Calculating shipping for country=US, zip=60001, cartTotal=20.0
INFO [0iS1ANXj] c.m.s.service.LoyaltyShippingService : Using database rate baseRate=11.00, regionalSurcharge=1.75
INFO [0iS1ANXj] c.m.s.service.LoyaltyShippingService : Applied tier=SILVER discount=2.000
INFO [0iS1ANXj] c.m.s.service.PromoEvaluatorService : No promo code supplied
INFO [0iS1ANXj] c.m.s.service.LoyaltyShippingService : Applied promo discount=0
INFO [0iS1ANXj] c.m.s.service.LoyaltyShippingService : Discount total=2.000 capped=false netFreight=10.750
INFO [0iS1ANXj] c.m.s.service.LoyaltyShippingService : Shipping calculation result grossFreight=12.75, totalSurcharges=0, finalFee=10.750
INFO [0iS1ANXj] c.m.s.c.CheckoutShippingController : Shipping calculation completed with final fee 10.75
INFO [NwvNUZ9d] c.m.s.c.CheckoutShippingController : Shipping calculation requested
INFO [NwvNUZ9d] c.m.s.service.LoyaltyShippingService : Calculating shipping for country=US, zip=60001, cartTotal=40.0
INFO [NwvNUZ9d] c.m.s.service.LoyaltyShippingService : Using database rate baseRate=11.00, regionalSurcharge=1.75
INFO [NwvNUZ9d] c.m.s.service.LoyaltyShippingService : Applied tier=SILVER discount=4.000
INFO [NwvNUZ9d] c.m.s.service.PromoEvaluatorService : Promo code SUMMER5 applied flat discount 5.0000
INFO [NwvNUZ9d] c.m.s.service.LoyaltyShippingService : Applied promo discount=5.0000
INFO [NwvNUZ9d] c.m.s.service.LoyaltyShippingService : Discount total=9.0000 capped=false netFreight=3.7500
INFO [NwvNUZ9d] c.m.s.service.LoyaltyShippingService : Shipping calculation result grossFreight=12.75, totalSurcharges=0, finalFee=3.7500
INFO [NwvNUZ9d] c.m.s.c.CheckoutShippingController : Shipping calculation completed with final fee 3.75
INFO [eWGEksRl] c.m.s.c.CheckoutShippingController : Shipping calculation requested
INFO [eWGEksRl] c.m.s.service.LoyaltyShippingService : Calculating shipping for country=US, zip=60001, cartTotal=30.0
INFO [eWGEksRl] c.m.s.service.LoyaltyShippingService : Using database rate baseRate=11.00, regionalSurcharge=1.75
INFO [eWGEksRl] c.m.s.service.LoyaltyShippingService : Applied tier=SILVER discount=3.000
INFO [eWGEksRl] c.m.s.service.PromoEvaluatorService : Promo code WELCOME10 applied percentage discount
INFO [eWGEksRl] c.m.s.service.LoyaltyShippingService : Applied promo discount=1.275000
INFO [eWGEksRl] c.m.s.service.LoyaltyShippingService : Discount total=4.275000 capped=false netFreight=8.475000
INFO [eWGEksRl] c.m.s.service.LoyaltyShippingService : Shipping calculation result grossFreight=12.75, totalSurcharges=0, finalFee=8.475000
INFO [eWGEksRl] c.m.s.c.CheckoutShippingController : Shipping calculation completed with final fee 8.48
INFO [Wvepp5g2] c.m.s.c.CheckoutShippingController : Shipping calculation requested
INFO [Wvepp5g2] c.m.s.service.LoyaltyShippingService : Calculating shipping for country=US, zip=60001, cartTotal=100.0
INFO [Wvepp5g2] c.m.s.service.LoyaltyShippingService : Using database rate baseRate=11.00, regionalSurcharge=1.75
INFO [Wvepp5g2] c.m.s.service.LoyaltyShippingService : Applied tier=SILVER discount=10.000
INFO [Wvepp5g2] c.m.s.service.PromoEvaluatorService : Promo code VIP20 applied percentage discount
INFO [Wvepp5g2] c.m.s.service.LoyaltyShippingService : Applied promo discount=2.550000
INFO [Wvepp5g2] c.m.s.service.LoyaltyShippingService : Discount total=12.550000 capped=false netFreight=0.200000
INFO [Wvepp5g2] c.m.s.service.LoyaltyShippingService : Shipping calculation result grossFreight=12.75, totalSurcharges=0, finalFee=0.200000
INFO [Wvepp5g2] c.m.s.c.CheckoutShippingController : Shipping calculation completed with final fee 0.20
INFO [9IXzb5NK] c.m.s.c.CheckoutShippingController : Shipping calculation requested
INFO [9IXzb5NK] c.m.s.service.LoyaltyShippingService : Calculating shipping for country=US, zip=60001, cartTotal=40.0
INFO [9IXzb5NK] c.m.s.service.LoyaltyShippingService : Using database rate baseRate=11.00, regionalSurcharge=1.75
INFO [9IXzb5NK] c.m.s.service.LoyaltyShippingService : Applied tier=SILVER discount=4.000
INFO [9IXzb5NK] c.m.s.service.PromoEvaluatorService : Promo code VIP20 rejected below cart minimum 50.00
INFO [9IXzb5NK] c.m.s.service.LoyaltyShippingService : Applied promo discount=0
INFO [9IXzb5NK] c.m.s.service.LoyaltyShippingService : Discount total=4.000 capped=false netFreight=8.750
INFO [9IXzb5NK] c.m.s.service.LoyaltyShippingService : Shipping calculation result grossFreight=12.75, totalSurcharges=0, finalFee=8.750
INFO [9IXzb5NK] c.m.s.c.CheckoutShippingController : Shipping calculation completed with final fee 8.75
INFO [pJoCBFt9] c.m.s.c.CheckoutShippingController : Shipping calculation requested
INFO [pJoCBFt9] c.m.s.service.LoyaltyShippingService : Calculating shipping for country=US, zip=60001, cartTotal=100.0
INFO [pJoCBFt9] c.m.s.service.LoyaltyShippingService : Using database rate baseRate=11.00, regionalSurcharge=1.75
INFO [pJoCBFt9] c.m.s.service.LoyaltyShippingService : Applied tier=SILVER discount=10.000
INFO [pJoCBFt9] c.m.s.service.PromoEvaluatorService : Promo code FREESHIP10 applied flat discount 10.0000
INFO [pJoCBFt9] c.m.s.service.LoyaltyShippingService : Applied promo discount=10.0000
INFO [pJoCBFt9] c.m.s.service.LoyaltyShippingService : Discount total=20.0000 capped=false netFreight=0
INFO [pJoCBFt9] c.m.s.service.LoyaltyShippingService : Shipping calculation result grossFreight=12.75, totalSurcharges=0, finalFee=0
INFO [pJoCBFt9] c.m.s.c.CheckoutShippingController : Shipping calculation completed with final fee 0.00
INFO [E0LuXofd] c.m.s.c.CheckoutShippingController : Shipping calculation requested
INFO [E0LuXofd] c.m.s.service.LoyaltyShippingService : Calculating shipping for country=US, zip=60001, cartTotal=40.0
INFO [E0LuXofd] c.m.s.service.LoyaltyShippingService : Using database rate baseRate=11.00, regionalSurcharge=1.75
INFO [E0LuXofd] c.m.s.service.LoyaltyShippingService : Applied tier=SILVER discount=4.000
INFO [E0LuXofd] c.m.s.service.PromoEvaluatorService : Promo code EARLYBIRD5 applied flat discount 5.0000
INFO [E0LuXofd] c.m.s.service.LoyaltyShippingService : Applied promo discount=5.0000
INFO [E0LuXofd] c.m.s.service.LoyaltyShippingService : Discount total=9.0000 capped=false netFreight=3.7500
INFO [E0LuXofd] c.m.s.service.LoyaltyShippingService : Shipping calculation result grossFreight=12.75, totalSurcharges=0, finalFee=3.7500
INFO [E0LuXofd] c.m.s.c.CheckoutShippingController : Shipping calculation completed with final fee 3.75
INFO [QrovQzoM] c.m.s.c.CheckoutShippingController : Shipping calculation requested
INFO [QrovQzoM] c.m.s.service.LoyaltyShippingService : Calculating shipping for country=US, zip=60001, cartTotal=30.0
INFO [QrovQzoM] c.m.s.service.LoyaltyShippingService : Using database rate baseRate=11.00, regionalSurcharge=1.75
INFO [QrovQzoM] c.m.s.service.LoyaltyShippingService : Applied tier=SILVER discount=3.000
INFO [QrovQzoM] c.m.s.service.PromoEvaluatorService : Promo code EARLYBIRD5 rejected outside time window
INFO [QrovQzoM] c.m.s.service.LoyaltyShippingService : Applied promo discount=0
INFO [QrovQzoM] c.m.s.service.LoyaltyShippingService : Discount total=3.000 capped=false netFreight=9.750
INFO [QrovQzoM] c.m.s.service.LoyaltyShippingService : Shipping calculation result grossFreight=12.75, totalSurcharges=0, finalFee=9.750
INFO [QrovQzoM] c.m.s.c.CheckoutShippingController : Shipping calculation completed with final fee 9.75
INFO [1CfVzIcF] c.m.s.c.CheckoutShippingController : Shipping calculation requested
INFO [1CfVzIcF] c.m.s.service.LoyaltyShippingService : Calculating shipping for country=US, zip=60001, cartTotal=20.0
INFO [1CfVzIcF] c.m.s.service.LoyaltyShippingService : Using database rate baseRate=11.00, regionalSurcharge=1.75
INFO [1CfVzIcF] c.m.s.service.LoyaltyShippingService : Applied tier=SILVER discount=2.000
INFO [1CfVzIcF] c.m.s.service.PromoEvaluatorService : Promo code NIGHTOWL10 applied remaining-fee percentage discount
INFO [1CfVzIcF] c.m.s.service.LoyaltyShippingService : Applied promo discount=1.0750000
INFO [1CfVzIcF] c.m.s.service.LoyaltyShippingService : Discount total=3.0750000 capped=false netFreight=9.6750000
INFO [1CfVzIcF] c.m.s.service.LoyaltyShippingService : Shipping calculation result grossFreight=12.75, totalSurcharges=0, finalFee=9.6750000
INFO [1CfVzIcF] c.m.s.c.CheckoutShippingController : Shipping calculation completed with final fee 9.68
INFO [XvmyLi9D] c.m.s.c.CheckoutShippingController : Shipping calculation requested
INFO [XvmyLi9D] c.m.s.service.LoyaltyShippingService : Calculating shipping for country=US, zip=60001, cartTotal=20.0
INFO [XvmyLi9D] c.m.s.service.LoyaltyShippingService : Using database rate baseRate=11.00, regionalSurcharge=1.75
INFO [XvmyLi9D] c.m.s.service.LoyaltyShippingService : Applied tier=SILVER discount=2.000
INFO [XvmyLi9D] c.m.s.service.PromoEvaluatorService : Promo code NIGHTOWL10 rejected outside time window
INFO [XvmyLi9D] c.m.s.service.LoyaltyShippingService : Applied promo discount=0
INFO [XvmyLi9D] c.m.s.service.LoyaltyShippingService : Discount total=2.000 capped=false netFreight=10.750
INFO [XvmyLi9D] c.m.s.service.LoyaltyShippingService : Shipping calculation result grossFreight=12.75, totalSurcharges=0, finalFee=10.750
INFO [XvmyLi9D] c.m.s.c.CheckoutShippingController : Shipping calculation completed with final fee 10.75
INFO [Su2fZTME] c.m.s.c.CheckoutShippingController : Shipping calculation requested
INFO [Su2fZTME] c.m.s.service.LoyaltyShippingService : Calculating shipping for country=US, zip=60001, cartTotal=100.0
INFO [Su2fZTME] c.m.s.service.LoyaltyShippingService : Using database rate baseRate=11.00, regionalSurcharge=1.75
INFO [Su2fZTME] c.m.s.service.LoyaltyShippingService : Applied tier=SILVER discount=10.000
WARN [Su2fZTME] c.m.s.service.PromoEvaluatorService : Promo code EXPIRED10 was not found or is inactive
INFO [Su2fZTME] c.m.s.service.LoyaltyShippingService : Applied promo discount=0
INFO [Su2fZTME] c.m.s.service.LoyaltyShippingService : Discount total=10.000 capped=false netFreight=2.750
INFO [Su2fZTME] c.m.s.service.LoyaltyShippingService : Shipping calculation result grossFreight=12.75, totalSurcharges=0, finalFee=2.750
INFO [Su2fZTME] c.m.s.c.CheckoutShippingController : Shipping calculation completed with final fee 2.75
INFO [l1CV7WmE] c.m.s.c.CheckoutShippingController : Shipping calculation requested
INFO [l1CV7WmE] c.m.s.service.LoyaltyShippingService : Calculating shipping for country=US, zip=60001, cartTotal=20.0
INFO [l1CV7WmE] c.m.s.service.LoyaltyShippingService : Using database rate baseRate=11.00, regionalSurcharge=1.75
INFO [l1CV7WmE] c.m.s.service.LoyaltyShippingService : Applied tier=GOLD discount=4.000
INFO [l1CV7WmE] c.m.s.service.PromoEvaluatorService : No promo code supplied
INFO [l1CV7WmE] c.m.s.service.LoyaltyShippingService : Applied promo discount=0
INFO [l1CV7WmE] c.m.s.service.LoyaltyShippingService : Discount total=4.000 capped=false netFreight=8.750
INFO [l1CV7WmE] c.m.s.service.LoyaltyShippingService : Shipping calculation result grossFreight=12.75, totalSurcharges=0, finalFee=8.750
INFO [l1CV7WmE] c.m.s.c.CheckoutShippingController : Shipping calculation completed with final fee 8.75
INFO [LG2IT9hp] c.m.s.c.CheckoutShippingController : Shipping calculation requested
INFO [LG2IT9hp] c.m.s.service.LoyaltyShippingService : Calculating shipping for country=US, zip=60001, cartTotal=40.0
INFO [LG2IT9hp] c.m.s.service.LoyaltyShippingService : Using database rate baseRate=11.00, regionalSurcharge=1.75
INFO [LG2IT9hp] c.m.s.service.LoyaltyShippingService : Applied tier=GOLD discount=8.000
INFO [LG2IT9hp] c.m.s.service.PromoEvaluatorService : Promo code SUMMER5 applied flat discount 5.0000
INFO [LG2IT9hp] c.m.s.service.LoyaltyShippingService : Applied promo discount=5.0000
INFO [LG2IT9hp] c.m.s.service.LoyaltyShippingService : Discount total=13.0000 capped=false netFreight=0
INFO [LG2IT9hp] c.m.s.service.LoyaltyShippingService : Shipping calculation result grossFreight=12.75, totalSurcharges=0, finalFee=0
INFO [LG2IT9hp] c.m.s.c.CheckoutShippingController : Shipping calculation completed with final fee 0.00
INFO [woi6BiGb] c.m.s.c.CheckoutShippingController : Shipping calculation requested
INFO [woi6BiGb] c.m.s.service.LoyaltyShippingService : Calculating shipping for country=US, zip=60001, cartTotal=30.0
INFO [woi6BiGb] c.m.s.service.LoyaltyShippingService : Using database rate baseRate=11.00, regionalSurcharge=1.75
INFO [woi6BiGb] c.m.s.service.LoyaltyShippingService : Applied tier=GOLD discount=6.000
INFO [woi6BiGb] c.m.s.service.PromoEvaluatorService : Promo code WELCOME10 applied percentage discount
INFO [woi6BiGb] c.m.s.service.LoyaltyShippingService : Applied promo discount=1.275000
INFO [woi6BiGb] c.m.s.service.LoyaltyShippingService : Discount total=7.275000 capped=false netFreight=5.475000
INFO [woi6BiGb] c.m.s.service.LoyaltyShippingService : Shipping calculation result grossFreight=12.75, totalSurcharges=0, finalFee=5.475000
INFO [woi6BiGb] c.m.s.c.CheckoutShippingController : Shipping calculation completed with final fee 5.48
INFO [0SB8fARs] c.m.s.c.CheckoutShippingController : Shipping calculation requested
INFO [0SB8fARs] c.m.s.service.LoyaltyShippingService : Calculating shipping for country=US, zip=60001, cartTotal=100.0
INFO [0SB8fARs] c.m.s.service.LoyaltyShippingService : Using database rate baseRate=11.00, regionalSurcharge=1.75
INFO [0SB8fARs] c.m.s.service.LoyaltyShippingService : Applied tier=GOLD discount=20.000
INFO [0SB8fARs] c.m.s.service.PromoEvaluatorService : Promo code VIP20 applied percentage discount
INFO [0SB8fARs] c.m.s.service.LoyaltyShippingService : Applied promo discount=2.550000
INFO [0SB8fARs] c.m.s.service.LoyaltyShippingService : Discount total=22.550000 capped=false netFreight=0
INFO [0SB8fARs] c.m.s.service.LoyaltyShippingService : Shipping calculation result grossFreight=12.75, totalSurcharges=0, finalFee=0
INFO [0SB8fARs] c.m.s.c.CheckoutShippingController : Shipping calculation completed with final fee 0.00
INFO [sFCNdPA7] c.m.s.c.CheckoutShippingController : Shipping calculation requested
INFO [sFCNdPA7] c.m.s.service.LoyaltyShippingService : Calculating shipping for country=US, zip=60001, cartTotal=40.0
INFO [sFCNdPA7] c.m.s.service.LoyaltyShippingService : Using database rate baseRate=11.00, regionalSurcharge=1.75
INFO [sFCNdPA7] c.m.s.service.LoyaltyShippingService : Applied tier=GOLD discount=8.000
INFO [sFCNdPA7] c.m.s.service.PromoEvaluatorService : Promo code VIP20 rejected below cart minimum 50.00
INFO [sFCNdPA7] c.m.s.service.LoyaltyShippingService : Applied promo discount=0
INFO [sFCNdPA7] c.m.s.service.LoyaltyShippingService : Discount total=8.000 capped=false netFreight=4.750
INFO [sFCNdPA7] c.m.s.service.LoyaltyShippingService : Shipping calculation result grossFreight=12.75, totalSurcharges=0, finalFee=4.750
INFO [sFCNdPA7] c.m.s.c.CheckoutShippingController : Shipping calculation completed with final fee 4.75
INFO [0jQ6qII4] c.m.s.c.CheckoutShippingController : Shipping calculation requested
INFO [0jQ6qII4] c.m.s.service.LoyaltyShippingService : Calculating shipping for country=US, zip=60001, cartTotal=100.0
INFO [0jQ6qII4] c.m.s.service.LoyaltyShippingService : Using database rate baseRate=11.00, regionalSurcharge=1.75
INFO [0jQ6qII4] c.m.s.service.LoyaltyShippingService : Applied tier=GOLD discount=20.000
INFO [0jQ6qII4] c.m.s.service.PromoEvaluatorService : Promo code FREESHIP10 applied flat discount 10.0000
INFO [0jQ6qII4] c.m.s.service.LoyaltyShippingService : Applied promo discount=10.0000
INFO [0jQ6qII4] c.m.s.service.LoyaltyShippingService : Discount total=30.0000 capped=false netFreight=0
INFO [0jQ6qII4] c.m.s.service.LoyaltyShippingService : Shipping calculation result grossFreight=12.75, totalSurcharges=0, finalFee=0
INFO [0jQ6qII4] c.m.s.c.CheckoutShippingController : Shipping calculation completed with final fee 0.00
INFO [DWG79sEs] c.m.s.c.CheckoutShippingController : Shipping calculation requested
INFO [DWG79sEs] c.m.s.service.LoyaltyShippingService : Calculating shipping for country=US, zip=60001, cartTotal=40.0
INFO [DWG79sEs] c.m.s.service.LoyaltyShippingService : Using database rate baseRate=11.00, regionalSurcharge=1.75
INFO [DWG79sEs] c.m.s.service.LoyaltyShippingService : Applied tier=GOLD discount=8.000
INFO [DWG79sEs] c.m.s.service.PromoEvaluatorService : Promo code EARLYBIRD5 applied flat discount 5.0000
INFO [DWG79sEs] c.m.s.service.LoyaltyShippingService : Applied promo discount=5.0000
INFO [DWG79sEs] c.m.s.service.LoyaltyShippingService : Discount total=13.0000 capped=false netFreight=0
INFO [DWG79sEs] c.m.s.service.LoyaltyShippingService : Shipping calculation result grossFreight=12.75, totalSurcharges=0, finalFee=0
INFO [DWG79sEs] c.m.s.c.CheckoutShippingController : Shipping calculation completed with final fee 0.00
INFO [BoeQO553] c.m.s.c.CheckoutShippingController : Shipping calculation requested
INFO [BoeQO553] c.m.s.service.LoyaltyShippingService : Calculating shipping for country=US, zip=60001, cartTotal=30.0
INFO [BoeQO553] c.m.s.service.LoyaltyShippingService : Using database rate baseRate=11.00, regionalSurcharge=1.75
INFO [BoeQO553] c.m.s.service.LoyaltyShippingService : Applied tier=GOLD discount=6.000
INFO [BoeQO553] c.m.s.service.PromoEvaluatorService : Promo code EARLYBIRD5 rejected outside time window
INFO [BoeQO553] c.m.s.service.LoyaltyShippingService : Applied promo discount=0
INFO [BoeQO553] c.m.s.service.LoyaltyShippingService : Discount total=6.000 capped=false netFreight=6.750
INFO [BoeQO553] c.m.s.service.LoyaltyShippingService : Shipping calculation result grossFreight=12.75, totalSurcharges=0, finalFee=6.750
INFO [BoeQO553] c.m.s.c.CheckoutShippingController : Shipping calculation completed with final fee 6.75
INFO [lk3SZSEW] c.m.s.c.CheckoutShippingController : Shipping calculation requested
INFO [lk3SZSEW] c.m.s.service.LoyaltyShippingService : Calculating shipping for country=US, zip=60001, cartTotal=20.0
INFO [lk3SZSEW] c.m.s.service.LoyaltyShippingService : Using database rate baseRate=11.00, regionalSurcharge=1.75
INFO [lk3SZSEW] c.m.s.service.LoyaltyShippingService : Applied tier=GOLD discount=4.000
INFO [lk3SZSEW] c.m.s.service.PromoEvaluatorService : Promo code NIGHTOWL10 applied remaining-fee percentage discount
INFO [lk3SZSEW] c.m.s.service.LoyaltyShippingService : Applied promo discount=0.8750000
INFO [lk3SZSEW] c.m.s.service.LoyaltyShippingService : Discount total=4.8750000 capped=false netFreight=7.8750000
INFO [lk3SZSEW] c.m.s.service.LoyaltyShippingService : Shipping calculation result grossFreight=12.75, totalSurcharges=0, finalFee=7.8750000
INFO [lk3SZSEW] c.m.s.c.CheckoutShippingController : Shipping calculation completed with final fee 7.88
INFO [wNofvdrJ] c.m.s.c.CheckoutShippingController : Shipping calculation requested
INFO [wNofvdrJ] c.m.s.service.LoyaltyShippingService : Calculating shipping for country=US, zip=60001, cartTotal=20.0
INFO [wNofvdrJ] c.m.s.service.LoyaltyShippingService : Using database rate baseRate=11.00, regionalSurcharge=1.75
INFO [wNofvdrJ] c.m.s.service.LoyaltyShippingService : Applied tier=GOLD discount=4.000
INFO [wNofvdrJ] c.m.s.service.PromoEvaluatorService : Promo code NIGHTOWL10 rejected outside time window
INFO [wNofvdrJ] c.m.s.service.LoyaltyShippingService : Applied promo discount=0
INFO [wNofvdrJ] c.m.s.service.LoyaltyShippingService : Discount total=4.000 capped=false netFreight=8.750
INFO [wNofvdrJ] c.m.s.service.LoyaltyShippingService : Shipping calculation result grossFreight=12.75, totalSurcharges=0, finalFee=8.750
INFO [wNofvdrJ] c.m.s.c.CheckoutShippingController : Shipping calculation completed with final fee 8.75
INFO [7F3p4jNO] c.m.s.c.CheckoutShippingController : Shipping calculation requested
INFO [7F3p4jNO] c.m.s.service.LoyaltyShippingService : Calculating shipping for country=US, zip=60001, cartTotal=100.0
INFO [7F3p4jNO] c.m.s.service.LoyaltyShippingService : Using database rate baseRate=11.00, regionalSurcharge=1.75
INFO [7F3p4jNO] c.m.s.service.LoyaltyShippingService : Applied tier=GOLD discount=20.000
WARN [7F3p4jNO] c.m.s.service.PromoEvaluatorService : Promo code EXPIRED10 was not found or is inactive
INFO [7F3p4jNO] c.m.s.service.LoyaltyShippingService : Applied promo discount=0
INFO [7F3p4jNO] c.m.s.service.LoyaltyShippingService : Discount total=20.000 capped=false netFreight=0
INFO [7F3p4jNO] c.m.s.service.LoyaltyShippingService : Shipping calculation result grossFreight=12.75, totalSurcharges=0, finalFee=0
INFO [7F3p4jNO] c.m.s.c.CheckoutShippingController : Shipping calculation completed with final fee 0.00
INFO [bpCYpIcl] c.m.s.c.CheckoutShippingController : Shipping calculation requested
INFO [bpCYpIcl] c.m.s.service.LoyaltyShippingService : Calculating shipping for country=US, zip=60001, cartTotal=20.0
INFO [bpCYpIcl] c.m.s.service.LoyaltyShippingService : Using database rate baseRate=11.00, regionalSurcharge=1.75
INFO [bpCYpIcl] c.m.s.service.LoyaltyShippingService : Applied tier=VIP discount=6.000
INFO [bpCYpIcl] c.m.s.service.PromoEvaluatorService : No promo code supplied
INFO [bpCYpIcl] c.m.s.service.LoyaltyShippingService : Applied promo discount=0
INFO [bpCYpIcl] c.m.s.service.LoyaltyShippingService : Discount total=6.000 capped=false netFreight=6.750
INFO [bpCYpIcl] c.m.s.service.LoyaltyShippingService : Shipping calculation result grossFreight=12.75, totalSurcharges=0, finalFee=6.750
INFO [bpCYpIcl] c.m.s.c.CheckoutShippingController : Shipping calculation completed with final fee 6.75
INFO [snjRTw2z] c.m.s.c.CheckoutShippingController : Shipping calculation requested
INFO [snjRTw2z] c.m.s.service.LoyaltyShippingService : Calculating shipping for country=US, zip=60001, cartTotal=40.0
INFO [snjRTw2z] c.m.s.service.LoyaltyShippingService : Using database rate baseRate=11.00, regionalSurcharge=1.75
INFO [snjRTw2z] c.m.s.service.LoyaltyShippingService : Applied tier=VIP discount=12.000
INFO [snjRTw2z] c.m.s.service.PromoEvaluatorService : Promo code SUMMER5 applied flat discount 5.0000
INFO [snjRTw2z] c.m.s.service.LoyaltyShippingService : Applied promo discount=5.0000
INFO [snjRTw2z] c.m.s.service.LoyaltyShippingService : Discount total=17.0000 capped=false netFreight=0
INFO [snjRTw2z] c.m.s.service.LoyaltyShippingService : Shipping calculation result grossFreight=12.75, totalSurcharges=0, finalFee=0
INFO [snjRTw2z] c.m.s.c.CheckoutShippingController : Shipping calculation completed with final fee 0.00
INFO [oZG2ccFs] c.m.s.c.CheckoutShippingController : Shipping calculation requested
INFO [oZG2ccFs] c.m.s.service.LoyaltyShippingService : Calculating shipping for country=US, zip=60001, cartTotal=30.0
INFO [oZG2ccFs] c.m.s.service.LoyaltyShippingService : Using database rate baseRate=11.00, regionalSurcharge=1.75
INFO [oZG2ccFs] c.m.s.service.LoyaltyShippingService : Applied tier=VIP discount=9.000
INFO [oZG2ccFs] c.m.s.service.PromoEvaluatorService : Promo code WELCOME10 applied percentage discount
INFO [oZG2ccFs] c.m.s.service.LoyaltyShippingService : Applied promo discount=1.275000
INFO [oZG2ccFs] c.m.s.service.LoyaltyShippingService : Discount total=10.275000 capped=false netFreight=2.475000
INFO [oZG2ccFs] c.m.s.service.LoyaltyShippingService : Shipping calculation result grossFreight=12.75, totalSurcharges=0, finalFee=2.475000
INFO [oZG2ccFs] c.m.s.c.CheckoutShippingController : Shipping calculation completed with final fee 2.48
INFO [AswMtgLy] c.m.s.c.CheckoutShippingController : Shipping calculation requested
INFO [AswMtgLy] c.m.s.service.LoyaltyShippingService : Calculating shipping for country=US, zip=60001, cartTotal=100.0
INFO [AswMtgLy] c.m.s.service.LoyaltyShippingService : Using database rate baseRate=11.00, regionalSurcharge=1.75
INFO [AswMtgLy] c.m.s.service.LoyaltyShippingService : Applied tier=VIP discount=30.000
INFO [AswMtgLy] c.m.s.service.PromoEvaluatorService : Promo code VIP20 applied percentage discount
INFO [AswMtgLy] c.m.s.service.LoyaltyShippingService : Applied promo discount=2.550000
INFO [AswMtgLy] c.m.s.service.LoyaltyShippingService : Discount total=32.550000 capped=false netFreight=0
INFO [AswMtgLy] c.m.s.service.LoyaltyShippingService : Shipping calculation result grossFreight=12.75, totalSurcharges=0, finalFee=0
INFO [AswMtgLy] c.m.s.c.CheckoutShippingController : Shipping calculation completed with final fee 0.00
INFO [LohnmS8W] c.m.s.c.CheckoutShippingController : Shipping calculation requested
INFO [LohnmS8W] c.m.s.service.LoyaltyShippingService : Calculating shipping for country=US, zip=60001, cartTotal=40.0
INFO [LohnmS8W] c.m.s.service.LoyaltyShippingService : Using database rate baseRate=11.00, regionalSurcharge=1.75
INFO [LohnmS8W] c.m.s.service.LoyaltyShippingService : Applied tier=VIP discount=12.000
INFO [LohnmS8W] c.m.s.service.PromoEvaluatorService : Promo code VIP20 rejected below cart minimum 50.00
INFO [LohnmS8W] c.m.s.service.LoyaltyShippingService : Applied promo discount=0
INFO [LohnmS8W] c.m.s.service.LoyaltyShippingService : Discount total=12.000 capped=false netFreight=0.750
INFO [LohnmS8W] c.m.s.service.LoyaltyShippingService : Shipping calculation result grossFreight=12.75, totalSurcharges=0, finalFee=0.750
INFO [LohnmS8W] c.m.s.c.CheckoutShippingController : Shipping calculation completed with final fee 0.75
INFO [Z2mCLAkt] c.m.s.c.CheckoutShippingController : Shipping calculation requested
INFO [Z2mCLAkt] c.m.s.service.LoyaltyShippingService : Calculating shipping for country=US, zip=60001, cartTotal=100.0
INFO [Z2mCLAkt] c.m.s.service.LoyaltyShippingService : Using database rate baseRate=11.00, regionalSurcharge=1.75
INFO [Z2mCLAkt] c.m.s.service.LoyaltyShippingService : Applied tier=VIP discount=30.000
INFO [Z2mCLAkt] c.m.s.service.PromoEvaluatorService : Promo code FREESHIP10 applied flat discount 10.0000
INFO [Z2mCLAkt] c.m.s.service.LoyaltyShippingService : Applied promo discount=10.0000
INFO [Z2mCLAkt] c.m.s.service.LoyaltyShippingService : Discount total=40.0000 capped=false netFreight=0
INFO [Z2mCLAkt] c.m.s.service.LoyaltyShippingService : Shipping calculation result grossFreight=12.75, totalSurcharges=0, finalFee=0
INFO [Z2mCLAkt] c.m.s.c.CheckoutShippingController : Shipping calculation completed with final fee 0.00
INFO [LPXMICKP] c.m.s.c.CheckoutShippingController : Shipping calculation requested
INFO [LPXMICKP] c.m.s.service.LoyaltyShippingService : Calculating shipping for country=US, zip=60001, cartTotal=40.0
INFO [LPXMICKP] c.m.s.service.LoyaltyShippingService : Using database rate baseRate=11.00, regionalSurcharge=1.75
INFO [LPXMICKP] c.m.s.service.LoyaltyShippingService : Applied tier=VIP discount=12.000
INFO [LPXMICKP] c.m.s.service.PromoEvaluatorService : Promo code EARLYBIRD5 applied flat discount 5.0000
INFO [LPXMICKP] c.m.s.service.LoyaltyShippingService : Applied promo discount=5.0000
INFO [LPXMICKP] c.m.s.service.LoyaltyShippingService : Discount total=17.0000 capped=false netFreight=0
INFO [LPXMICKP] c.m.s.service.LoyaltyShippingService : Shipping calculation result grossFreight=12.75, totalSurcharges=0, finalFee=0
INFO [LPXMICKP] c.m.s.c.CheckoutShippingController : Shipping calculation completed with final fee 0.00
INFO [7QTXvIL5] c.m.s.c.CheckoutShippingController : Shipping calculation requested
INFO [7QTXvIL5] c.m.s.service.LoyaltyShippingService : Calculating shipping for country=US, zip=60001, cartTotal=30.0
INFO [7QTXvIL5] c.m.s.service.LoyaltyShippingService : Using database rate baseRate=11.00, regionalSurcharge=1.75
INFO [7QTXvIL5] c.m.s.service.LoyaltyShippingService : Applied tier=VIP discount=9.000
INFO [7QTXvIL5] c.m.s.service.PromoEvaluatorService : Promo code EARLYBIRD5 rejected outside time window
INFO [7QTXvIL5] c.m.s.service.LoyaltyShippingService : Applied promo discount=0
INFO [7QTXvIL5] c.m.s.service.LoyaltyShippingService : Discount total=9.000 capped=false netFreight=3.750
INFO [7QTXvIL5] c.m.s.service.LoyaltyShippingService : Shipping calculation result grossFreight=12.75, totalSurcharges=0, finalFee=3.750
INFO [7QTXvIL5] c.m.s.c.CheckoutShippingController : Shipping calculation completed with final fee 3.75
INFO [qvNt96ar] c.m.s.c.CheckoutShippingController : Shipping calculation requested
INFO [qvNt96ar] c.m.s.service.LoyaltyShippingService : Calculating shipping for country=US, zip=60001, cartTotal=20.0
INFO [qvNt96ar] c.m.s.service.LoyaltyShippingService : Using database rate baseRate=11.00, regionalSurcharge=1.75
INFO [qvNt96ar] c.m.s.service.LoyaltyShippingService : Applied tier=VIP discount=6.000
INFO [qvNt96ar] c.m.s.service.PromoEvaluatorService : Promo code NIGHTOWL10 applied remaining-fee percentage discount
INFO [qvNt96ar] c.m.s.service.LoyaltyShippingService : Applied promo discount=0.6750000
INFO [qvNt96ar] c.m.s.service.LoyaltyShippingService : Discount total=6.6750000 capped=false netFreight=6.0750000
INFO [qvNt96ar] c.m.s.service.LoyaltyShippingService : Shipping calculation result grossFreight=12.75, totalSurcharges=0, finalFee=6.0750000
INFO [qvNt96ar] c.m.s.c.CheckoutShippingController : Shipping calculation completed with final fee 6.08
INFO [6Xw4ieCH] c.m.s.c.CheckoutShippingController : Shipping calculation requested
INFO [6Xw4ieCH] c.m.s.service.LoyaltyShippingService : Calculating shipping for country=US, zip=60001, cartTotal=20.0
INFO [6Xw4ieCH] c.m.s.service.LoyaltyShippingService : Using database rate baseRate=11.00, regionalSurcharge=1.75
INFO [6Xw4ieCH] c.m.s.service.LoyaltyShippingService : Applied tier=VIP discount=6.000
INFO [6Xw4ieCH] c.m.s.service.PromoEvaluatorService : Promo code NIGHTOWL10 rejected outside time window
INFO [6Xw4ieCH] c.m.s.service.LoyaltyShippingService : Applied promo discount=0
INFO [6Xw4ieCH] c.m.s.service.LoyaltyShippingService : Discount total=6.000 capped=false netFreight=6.750
INFO [6Xw4ieCH] c.m.s.service.LoyaltyShippingService : Shipping calculation result grossFreight=12.75, totalSurcharges=0, finalFee=6.750
INFO [6Xw4ieCH] c.m.s.c.CheckoutShippingController : Shipping calculation completed with final fee 6.75
INFO [z6oZUwsk] c.m.s.c.CheckoutShippingController : Shipping calculation requested
INFO [z6oZUwsk] c.m.s.service.LoyaltyShippingService : Calculating shipping for country=US, zip=60001, cartTotal=100.0
INFO [z6oZUwsk] c.m.s.service.LoyaltyShippingService : Using database rate baseRate=11.00, regionalSurcharge=1.75
INFO [z6oZUwsk] c.m.s.service.LoyaltyShippingService : Applied tier=VIP discount=30.000
WARN [z6oZUwsk] c.m.s.service.PromoEvaluatorService : Promo code EXPIRED10 was not found or is inactive
INFO [z6oZUwsk] c.m.s.service.LoyaltyShippingService : Applied promo discount=0
INFO [z6oZUwsk] c.m.s.service.LoyaltyShippingService : Discount total=30.000 capped=false netFreight=0
INFO [z6oZUwsk] c.m.s.service.LoyaltyShippingService : Shipping calculation result grossFreight=12.75, totalSurcharges=0, finalFee=0
INFO [z6oZUwsk] c.m.s.c.CheckoutShippingController : Shipping calculation completed with final fee 0.00
INFO [y9EvoR8W] c.m.s.c.CheckoutShippingController : Shipping calculation requested
INFO [y9EvoR8W] c.m.s.service.LoyaltyShippingService : Calculating shipping for country=US, zip=90001, cartTotal=20.0
INFO [y9EvoR8W] c.m.s.service.LoyaltyShippingService : Using database rate baseRate=15.00, regionalSurcharge=5.00
INFO [y9EvoR8W] c.m.s.service.LoyaltyShippingService : Applied tier=STANDARD discount=0.0
INFO [y9EvoR8W] c.m.s.service.PromoEvaluatorService : No promo code supplied
INFO [y9EvoR8W] c.m.s.service.LoyaltyShippingService : Applied promo discount=0
INFO [y9EvoR8W] c.m.s.service.LoyaltyShippingService : Discount total=0.0 capped=false netFreight=20.00
INFO [y9EvoR8W] c.m.s.service.LoyaltyShippingService : Shipping calculation result grossFreight=20.00, totalSurcharges=0, finalFee=20.00
INFO [y9EvoR8W] c.m.s.c.CheckoutShippingController : Shipping calculation completed with final fee 20.00
INFO [FNUlFoKZ] c.m.s.c.CheckoutShippingController : Shipping calculation requested
INFO [FNUlFoKZ] c.m.s.service.LoyaltyShippingService : Calculating shipping for country=US, zip=90001, cartTotal=40.0
INFO [FNUlFoKZ] c.m.s.service.LoyaltyShippingService : Using database rate baseRate=15.00, regionalSurcharge=5.00
INFO [FNUlFoKZ] c.m.s.service.LoyaltyShippingService : Applied tier=STANDARD discount=0.0
INFO [FNUlFoKZ] c.m.s.service.PromoEvaluatorService : Promo code SUMMER5 applied flat discount 5.0000
INFO [FNUlFoKZ] c.m.s.service.LoyaltyShippingService : Applied promo discount=5.0000
INFO [FNUlFoKZ] c.m.s.service.LoyaltyShippingService : Discount total=5.0000 capped=false netFreight=15.0000
INFO [FNUlFoKZ] c.m.s.service.LoyaltyShippingService : Shipping calculation result grossFreight=20.00, totalSurcharges=0, finalFee=15.0000
INFO [FNUlFoKZ] c.m.s.c.CheckoutShippingController : Shipping calculation completed with final fee 15.00
INFO [aSIdUdL9] c.m.s.c.CheckoutShippingController : Shipping calculation requested
INFO [aSIdUdL9] c.m.s.service.LoyaltyShippingService : Calculating shipping for country=US, zip=90001, cartTotal=30.0
INFO [aSIdUdL9] c.m.s.service.LoyaltyShippingService : Using database rate baseRate=15.00, regionalSurcharge=5.00
INFO [aSIdUdL9] c.m.s.service.LoyaltyShippingService : Applied tier=STANDARD discount=0.0
INFO [aSIdUdL9] c.m.s.service.PromoEvaluatorService : Promo code WELCOME10 applied percentage discount
INFO [aSIdUdL9] c.m.s.service.LoyaltyShippingService : Applied promo discount=2.000000
INFO [aSIdUdL9] c.m.s.service.LoyaltyShippingService : Discount total=2.000000 capped=false netFreight=18.000000
INFO [aSIdUdL9] c.m.s.service.LoyaltyShippingService : Shipping calculation result grossFreight=20.00, totalSurcharges=0, finalFee=18.000000
INFO [aSIdUdL9] c.m.s.c.CheckoutShippingController : Shipping calculation completed with final fee 18.00
INFO [XhlzXaT5] c.m.s.c.CheckoutShippingController : Shipping calculation requested
INFO [XhlzXaT5] c.m.s.service.LoyaltyShippingService : Calculating shipping for country=US, zip=90001, cartTotal=100.0
INFO [XhlzXaT5] c.m.s.service.LoyaltyShippingService : Using database rate baseRate=15.00, regionalSurcharge=5.00
INFO [XhlzXaT5] c.m.s.service.LoyaltyShippingService : Applied tier=STANDARD discount=0.0
INFO [XhlzXaT5] c.m.s.service.PromoEvaluatorService : Promo code VIP20 applied percentage discount
INFO [XhlzXaT5] c.m.s.service.LoyaltyShippingService : Applied promo discount=4.000000
INFO [XhlzXaT5] c.m.s.service.LoyaltyShippingService : Discount total=4.000000 capped=false netFreight=16.000000
INFO [XhlzXaT5] c.m.s.service.LoyaltyShippingService : Shipping calculation result grossFreight=20.00, totalSurcharges=0, finalFee=16.000000
INFO [XhlzXaT5] c.m.s.c.CheckoutShippingController : Shipping calculation completed with final fee 16.00
INFO [eWqNabBg] c.m.s.c.CheckoutShippingController : Shipping calculation requested
INFO [eWqNabBg] c.m.s.service.LoyaltyShippingService : Calculating shipping for country=US, zip=90001, cartTotal=40.0
INFO [eWqNabBg] c.m.s.service.LoyaltyShippingService : Using database rate baseRate=15.00, regionalSurcharge=5.00
INFO [eWqNabBg] c.m.s.service.LoyaltyShippingService : Applied tier=STANDARD discount=0.0
INFO [eWqNabBg] c.m.s.service.PromoEvaluatorService : Promo code VIP20 rejected below cart minimum 50.00
INFO [eWqNabBg] c.m.s.service.LoyaltyShippingService : Applied promo discount=0
INFO [eWqNabBg] c.m.s.service.LoyaltyShippingService : Discount total=0.0 capped=false netFreight=20.00
INFO [eWqNabBg] c.m.s.service.LoyaltyShippingService : Shipping calculation result grossFreight=20.00, totalSurcharges=0, finalFee=20.00
INFO [eWqNabBg] c.m.s.c.CheckoutShippingController : Shipping calculation completed with final fee 20.00
INFO [xtJ7h7Cz] c.m.s.c.CheckoutShippingController : Shipping calculation requested
INFO [xtJ7h7Cz] c.m.s.service.LoyaltyShippingService : Calculating shipping for country=US, zip=90001, cartTotal=100.0
INFO [xtJ7h7Cz] c.m.s.service.LoyaltyShippingService : Using database rate baseRate=15.00, regionalSurcharge=5.00
INFO [xtJ7h7Cz] c.m.s.service.LoyaltyShippingService : Applied tier=STANDARD discount=0.0
INFO [xtJ7h7Cz] c.m.s.service.PromoEvaluatorService : Promo code FREESHIP10 applied flat discount 10.0000
INFO [xtJ7h7Cz] c.m.s.service.LoyaltyShippingService : Applied promo discount=10.0000
INFO [xtJ7h7Cz] c.m.s.service.LoyaltyShippingService : Discount total=10.0000 capped=false netFreight=10.0000
INFO [xtJ7h7Cz] c.m.s.service.LoyaltyShippingService : Shipping calculation result grossFreight=20.00, totalSurcharges=0, finalFee=10.0000
INFO [xtJ7h7Cz] c.m.s.c.CheckoutShippingController : Shipping calculation completed with final fee 10.00
INFO [jRdPkuDV] c.m.s.c.CheckoutShippingController : Shipping calculation requested
INFO [jRdPkuDV] c.m.s.service.LoyaltyShippingService : Calculating shipping for country=US, zip=90001, cartTotal=40.0
INFO [jRdPkuDV] c.m.s.service.LoyaltyShippingService : Using database rate baseRate=15.00, regionalSurcharge=5.00
INFO [jRdPkuDV] c.m.s.service.LoyaltyShippingService : Applied tier=STANDARD discount=0.0
INFO [jRdPkuDV] c.m.s.service.PromoEvaluatorService : Promo code EARLYBIRD5 applied flat discount 5.0000
INFO [jRdPkuDV] c.m.s.service.LoyaltyShippingService : Applied promo discount=5.0000
INFO [jRdPkuDV] c.m.s.service.LoyaltyShippingService : Discount total=5.0000 capped=false netFreight=15.0000
INFO [jRdPkuDV] c.m.s.service.LoyaltyShippingService : Shipping calculation result grossFreight=20.00, totalSurcharges=0, finalFee=15.0000
INFO [jRdPkuDV] c.m.s.c.CheckoutShippingController : Shipping calculation completed with final fee 15.00
INFO [YgJ2AVfB] c.m.s.c.CheckoutShippingController : Shipping calculation requested
INFO [YgJ2AVfB] c.m.s.service.LoyaltyShippingService : Calculating shipping for country=US, zip=90001, cartTotal=30.0
INFO [YgJ2AVfB] c.m.s.service.LoyaltyShippingService : Using database rate baseRate=15.00, regionalSurcharge=5.00
INFO [YgJ2AVfB] c.m.s.service.LoyaltyShippingService : Applied tier=STANDARD discount=0.0
INFO [YgJ2AVfB] c.m.s.service.PromoEvaluatorService : Promo code EARLYBIRD5 rejected outside time window
INFO [YgJ2AVfB] c.m.s.service.LoyaltyShippingService : Applied promo discount=0
INFO [YgJ2AVfB] c.m.s.service.LoyaltyShippingService : Discount total=0.0 capped=false netFreight=20.00
INFO [YgJ2AVfB] c.m.s.service.LoyaltyShippingService : Shipping calculation result grossFreight=20.00, totalSurcharges=0, finalFee=20.00
INFO [YgJ2AVfB] c.m.s.c.CheckoutShippingController : Shipping calculation completed with final fee 20.00
INFO [zwY0st4o] c.m.s.c.CheckoutShippingController : Shipping calculation requested
INFO [zwY0st4o] c.m.s.service.LoyaltyShippingService : Calculating shipping for country=US, zip=90001, cartTotal=20.0
INFO [zwY0st4o] c.m.s.service.LoyaltyShippingService : Using database rate baseRate=15.00, regionalSurcharge=5.00
INFO [zwY0st4o] c.m.s.service.LoyaltyShippingService : Applied tier=STANDARD discount=0.0
INFO [zwY0st4o] c.m.s.service.PromoEvaluatorService : Promo code NIGHTOWL10 applied remaining-fee percentage discount
INFO [zwY0st4o] c.m.s.service.LoyaltyShippingService : Applied promo discount=2.000000
INFO [zwY0st4o] c.m.s.service.LoyaltyShippingService : Discount total=2.000000 capped=false netFreight=18.000000
INFO [zwY0st4o] c.m.s.service.LoyaltyShippingService : Shipping calculation result grossFreight=20.00, totalSurcharges=0, finalFee=18.000000
INFO [zwY0st4o] c.m.s.c.CheckoutShippingController : Shipping calculation completed with final fee 18.00
INFO [70MjuUIB] c.m.s.c.CheckoutShippingController : Shipping calculation requested
INFO [70MjuUIB] c.m.s.service.LoyaltyShippingService : Calculating shipping for country=US, zip=90001, cartTotal=20.0
INFO [70MjuUIB] c.m.s.service.LoyaltyShippingService : Using database rate baseRate=15.00, regionalSurcharge=5.00
INFO [70MjuUIB] c.m.s.service.LoyaltyShippingService : Applied tier=STANDARD discount=0.0
INFO [70MjuUIB] c.m.s.service.PromoEvaluatorService : Promo code NIGHTOWL10 rejected outside time window
INFO [70MjuUIB] c.m.s.service.LoyaltyShippingService : Applied promo discount=0
INFO [70MjuUIB] c.m.s.service.LoyaltyShippingService : Discount total=0.0 capped=false netFreight=20.00
INFO [70MjuUIB] c.m.s.service.LoyaltyShippingService : Shipping calculation result grossFreight=20.00, totalSurcharges=0, finalFee=20.00
INFO [70MjuUIB] c.m.s.c.CheckoutShippingController : Shipping calculation completed with final fee 20.00
INFO [6CWNtCYs] c.m.s.c.CheckoutShippingController : Shipping calculation requested
INFO [6CWNtCYs] c.m.s.service.LoyaltyShippingService : Calculating shipping for country=US, zip=90001, cartTotal=100.0
INFO [6CWNtCYs] c.m.s.service.LoyaltyShippingService : Using database rate baseRate=15.00, regionalSurcharge=5.00
INFO [6CWNtCYs] c.m.s.service.LoyaltyShippingService : Applied tier=STANDARD discount=0.0
WARN [6CWNtCYs] c.m.s.service.PromoEvaluatorService : Promo code EXPIRED10 was not found or is inactive
INFO [6CWNtCYs] c.m.s.service.LoyaltyShippingService : Applied promo discount=0
INFO [6CWNtCYs] c.m.s.service.LoyaltyShippingService : Discount total=0.0 capped=false netFreight=20.00
INFO [6CWNtCYs] c.m.s.service.LoyaltyShippingService : Shipping calculation result grossFreight=20.00, totalSurcharges=0, finalFee=20.00
INFO [6CWNtCYs] c.m.s.c.CheckoutShippingController : Shipping calculation completed with final fee 20.00
INFO [QlUl2thG] c.m.s.c.CheckoutShippingController : Shipping calculation requested
INFO [QlUl2thG] c.m.s.service.LoyaltyShippingService : Calculating shipping for country=US, zip=90001, cartTotal=20.0
INFO [QlUl2thG] c.m.s.service.LoyaltyShippingService : Using database rate baseRate=15.00, regionalSurcharge=5.00
INFO [QlUl2thG] c.m.s.service.LoyaltyShippingService : Applied tier=SILVER discount=2.000
INFO [QlUl2thG] c.m.s.service.PromoEvaluatorService : No promo code supplied
INFO [QlUl2thG] c.m.s.service.LoyaltyShippingService : Applied promo discount=0
INFO [QlUl2thG] c.m.s.service.LoyaltyShippingService : Discount total=2.000 capped=false netFreight=18.000
INFO [QlUl2thG] c.m.s.service.LoyaltyShippingService : Shipping calculation result grossFreight=20.00, totalSurcharges=0, finalFee=18.000
INFO [QlUl2thG] c.m.s.c.CheckoutShippingController : Shipping calculation completed with final fee 18.00
INFO [bhaz6hkr] c.m.s.c.CheckoutShippingController : Shipping calculation requested
INFO [bhaz6hkr] c.m.s.service.LoyaltyShippingService : Calculating shipping for country=US, zip=90001, cartTotal=40.0
INFO [bhaz6hkr] c.m.s.service.LoyaltyShippingService : Using database rate baseRate=15.00, regionalSurcharge=5.00
INFO [bhaz6hkr] c.m.s.service.LoyaltyShippingService : Applied tier=SILVER discount=4.000
INFO [bhaz6hkr] c.m.s.service.PromoEvaluatorService : Promo code SUMMER5 applied flat discount 5.0000
INFO [bhaz6hkr] c.m.s.service.LoyaltyShippingService : Applied promo discount=5.0000
INFO [bhaz6hkr] c.m.s.service.LoyaltyShippingService : Discount total=9.0000 capped=false netFreight=11.0000
INFO [bhaz6hkr] c.m.s.service.LoyaltyShippingService : Shipping calculation result grossFreight=20.00, totalSurcharges=0, finalFee=11.0000
INFO [bhaz6hkr] c.m.s.c.CheckoutShippingController : Shipping calculation completed with final fee 11.00
INFO [dbyPpEyp] c.m.s.c.CheckoutShippingController : Shipping calculation requested
INFO [dbyPpEyp] c.m.s.service.LoyaltyShippingService : Calculating shipping for country=US, zip=90001, cartTotal=30.0
INFO [dbyPpEyp] c.m.s.service.LoyaltyShippingService : Using database rate baseRate=15.00, regionalSurcharge=5.00
INFO [dbyPpEyp] c.m.s.service.LoyaltyShippingService : Applied tier=SILVER discount=3.000
INFO [dbyPpEyp] c.m.s.service.PromoEvaluatorService : Promo code WELCOME10 applied percentage discount
INFO [dbyPpEyp] c.m.s.service.LoyaltyShippingService : Applied promo discount=2.000000
INFO [dbyPpEyp] c.m.s.service.LoyaltyShippingService : Discount total=5.000000 capped=false netFreight=15.000000
INFO [dbyPpEyp] c.m.s.service.LoyaltyShippingService : Shipping calculation result grossFreight=20.00, totalSurcharges=0, finalFee=15.000000
INFO [dbyPpEyp] c.m.s.c.CheckoutShippingController : Shipping calculation completed with final fee 15.00
INFO [PQ4K4Cog] c.m.s.c.CheckoutShippingController : Shipping calculation requested
INFO [PQ4K4Cog] c.m.s.service.LoyaltyShippingService : Calculating shipping for country=US, zip=90001, cartTotal=100.0
INFO [PQ4K4Cog] c.m.s.service.LoyaltyShippingService : Using database rate baseRate=15.00, regionalSurcharge=5.00
INFO [PQ4K4Cog] c.m.s.service.LoyaltyShippingService : Applied tier=SILVER discount=10.000
INFO [PQ4K4Cog] c.m.s.service.PromoEvaluatorService : Promo code VIP20 applied percentage discount
INFO [PQ4K4Cog] c.m.s.service.LoyaltyShippingService : Applied promo discount=4.000000
INFO [PQ4K4Cog] c.m.s.service.LoyaltyShippingService : Discount total=14.000000 capped=false netFreight=6.000000
INFO [PQ4K4Cog] c.m.s.service.LoyaltyShippingService : Shipping calculation result grossFreight=20.00, totalSurcharges=0, finalFee=6.000000
INFO [PQ4K4Cog] c.m.s.c.CheckoutShippingController : Shipping calculation completed with final fee 6.00
INFO [ToRu2r3H] c.m.s.c.CheckoutShippingController : Shipping calculation requested
INFO [ToRu2r3H] c.m.s.service.LoyaltyShippingService : Calculating shipping for country=US, zip=90001, cartTotal=40.0
INFO [ToRu2r3H] c.m.s.service.LoyaltyShippingService : Using database rate baseRate=15.00, regionalSurcharge=5.00
INFO [ToRu2r3H] c.m.s.service.LoyaltyShippingService : Applied tier=SILVER discount=4.000
INFO [ToRu2r3H] c.m.s.service.PromoEvaluatorService : Promo code VIP20 rejected below cart minimum 50.00
INFO [ToRu2r3H] c.m.s.service.LoyaltyShippingService : Applied promo discount=0
INFO [ToRu2r3H] c.m.s.service.LoyaltyShippingService : Discount total=4.000 capped=false netFreight=16.000
INFO [ToRu2r3H] c.m.s.service.LoyaltyShippingService : Shipping calculation result grossFreight=20.00, totalSurcharges=0, finalFee=16.000
INFO [ToRu2r3H] c.m.s.c.CheckoutShippingController : Shipping calculation completed with final fee 16.00
INFO [KEVT6jFY] c.m.s.c.CheckoutShippingController : Shipping calculation requested
INFO [KEVT6jFY] c.m.s.service.LoyaltyShippingService : Calculating shipping for country=US, zip=90001, cartTotal=100.0
INFO [KEVT6jFY] c.m.s.service.LoyaltyShippingService : Using database rate baseRate=15.00, regionalSurcharge=5.00
INFO [KEVT6jFY] c.m.s.service.LoyaltyShippingService : Applied tier=SILVER discount=10.000
INFO [KEVT6jFY] c.m.s.service.PromoEvaluatorService : Promo code FREESHIP10 applied flat discount 10.0000
INFO [KEVT6jFY] c.m.s.service.LoyaltyShippingService : Applied promo discount=10.0000
INFO [KEVT6jFY] c.m.s.service.LoyaltyShippingService : Discount total=20.0000 capped=false netFreight=0.0000
INFO [KEVT6jFY] c.m.s.service.LoyaltyShippingService : Shipping calculation result grossFreight=20.00, totalSurcharges=0, finalFee=0.0000
INFO [KEVT6jFY] c.m.s.c.CheckoutShippingController : Shipping calculation completed with final fee 0.00
INFO [Kp8eCURa] c.m.s.c.CheckoutShippingController : Shipping calculation requested
INFO [Kp8eCURa] c.m.s.service.LoyaltyShippingService : Calculating shipping for country=US, zip=90001, cartTotal=40.0
INFO [Kp8eCURa] c.m.s.service.LoyaltyShippingService : Using database rate baseRate=15.00, regionalSurcharge=5.00
INFO [Kp8eCURa] c.m.s.service.LoyaltyShippingService : Applied tier=SILVER discount=4.000
INFO [Kp8eCURa] c.m.s.service.PromoEvaluatorService : Promo code EARLYBIRD5 applied flat discount 5.0000
INFO [Kp8eCURa] c.m.s.service.LoyaltyShippingService : Applied promo discount=5.0000
INFO [Kp8eCURa] c.m.s.service.LoyaltyShippingService : Discount total=9.0000 capped=false netFreight=11.0000
INFO [Kp8eCURa] c.m.s.service.LoyaltyShippingService : Shipping calculation result grossFreight=20.00, totalSurcharges=0, finalFee=11.0000
INFO [Kp8eCURa] c.m.s.c.CheckoutShippingController : Shipping calculation completed with final fee 11.00
INFO [AMz0L76T] c.m.s.c.CheckoutShippingController : Shipping calculation requested
INFO [AMz0L76T] c.m.s.service.LoyaltyShippingService : Calculating shipping for country=US, zip=90001, cartTotal=30.0
INFO [AMz0L76T] c.m.s.service.LoyaltyShippingService : Using database rate baseRate=15.00, regionalSurcharge=5.00
INFO [AMz0L76T] c.m.s.service.LoyaltyShippingService : Applied tier=SILVER discount=3.000
INFO [AMz0L76T] c.m.s.service.PromoEvaluatorService : Promo code EARLYBIRD5 rejected outside time window
INFO [AMz0L76T] c.m.s.service.LoyaltyShippingService : Applied promo discount=0
INFO [AMz0L76T] c.m.s.service.LoyaltyShippingService : Discount total=3.000 capped=false netFreight=17.000
INFO [AMz0L76T] c.m.s.service.LoyaltyShippingService : Shipping calculation result grossFreight=20.00, totalSurcharges=0, finalFee=17.000
INFO [AMz0L76T] c.m.s.c.CheckoutShippingController : Shipping calculation completed with final fee 17.00
INFO [A05b9RE2] c.m.s.c.CheckoutShippingController : Shipping calculation requested
INFO [A05b9RE2] c.m.s.service.LoyaltyShippingService : Calculating shipping for country=US, zip=90001, cartTotal=20.0
INFO [A05b9RE2] c.m.s.service.LoyaltyShippingService : Using database rate baseRate=15.00, regionalSurcharge=5.00
INFO [A05b9RE2] c.m.s.service.LoyaltyShippingService : Applied tier=SILVER discount=2.000
INFO [A05b9RE2] c.m.s.service.PromoEvaluatorService : Promo code NIGHTOWL10 applied remaining-fee percentage discount
INFO [A05b9RE2] c.m.s.service.LoyaltyShippingService : Applied promo discount=1.8000000
INFO [A05b9RE2] c.m.s.service.LoyaltyShippingService : Discount total=3.8000000 capped=false netFreight=16.2000000
INFO [A05b9RE2] c.m.s.service.LoyaltyShippingService : Shipping calculation result grossFreight=20.00, totalSurcharges=0, finalFee=16.2000000
INFO [A05b9RE2] c.m.s.c.CheckoutShippingController : Shipping calculation completed with final fee 16.20
INFO [S3BjlNeq] c.m.s.c.CheckoutShippingController : Shipping calculation requested
INFO [S3BjlNeq] c.m.s.service.LoyaltyShippingService : Calculating shipping for country=US, zip=90001, cartTotal=20.0
INFO [S3BjlNeq] c.m.s.service.LoyaltyShippingService : Using database rate baseRate=15.00, regionalSurcharge=5.00
INFO [S3BjlNeq] c.m.s.service.LoyaltyShippingService : Applied tier=SILVER discount=2.000
INFO [S3BjlNeq] c.m.s.service.PromoEvaluatorService : Promo code NIGHTOWL10 rejected outside time window
INFO [S3BjlNeq] c.m.s.service.LoyaltyShippingService : Applied promo discount=0
INFO [S3BjlNeq] c.m.s.service.LoyaltyShippingService : Discount total=2.000 capped=false netFreight=18.000
INFO [S3BjlNeq] c.m.s.service.LoyaltyShippingService : Shipping calculation result grossFreight=20.00, totalSurcharges=0, finalFee=18.000
INFO [S3BjlNeq] c.m.s.c.CheckoutShippingController : Shipping calculation completed with final fee 18.00
INFO [nADP598y] c.m.s.c.CheckoutShippingController : Shipping calculation requested
INFO [nADP598y] c.m.s.service.LoyaltyShippingService : Calculating shipping for country=US, zip=90001, cartTotal=100.0
INFO [nADP598y] c.m.s.service.LoyaltyShippingService : Using database rate baseRate=15.00, regionalSurcharge=5.00
INFO [nADP598y] c.m.s.service.LoyaltyShippingService : Applied tier=SILVER discount=10.000
WARN [nADP598y] c.m.s.service.PromoEvaluatorService : Promo code EXPIRED10 was not found or is inactive
INFO [nADP598y] c.m.s.service.LoyaltyShippingService : Applied promo discount=0
INFO [nADP598y] c.m.s.service.LoyaltyShippingService : Discount total=10.000 capped=false netFreight=10.000
INFO [nADP598y] c.m.s.service.LoyaltyShippingService : Shipping calculation result grossFreight=20.00, totalSurcharges=0, finalFee=10.000
INFO [nADP598y] c.m.s.c.CheckoutShippingController : Shipping calculation completed with final fee 10.00
INFO [vhcs3rFp] c.m.s.c.CheckoutShippingController : Shipping calculation requested
INFO [vhcs3rFp] c.m.s.service.LoyaltyShippingService : Calculating shipping for country=US, zip=90001, cartTotal=20.0
INFO [vhcs3rFp] c.m.s.service.LoyaltyShippingService : Using database rate baseRate=15.00, regionalSurcharge=5.00
INFO [vhcs3rFp] c.m.s.service.LoyaltyShippingService : Applied tier=GOLD discount=4.000
INFO [vhcs3rFp] c.m.s.service.PromoEvaluatorService : No promo code supplied
INFO [vhcs3rFp] c.m.s.service.LoyaltyShippingService : Applied promo discount=0
INFO [vhcs3rFp] c.m.s.service.LoyaltyShippingService : Discount total=4.000 capped=false netFreight=16.000
INFO [vhcs3rFp] c.m.s.service.LoyaltyShippingService : Shipping calculation result grossFreight=20.00, totalSurcharges=0, finalFee=16.000
INFO [vhcs3rFp] c.m.s.c.CheckoutShippingController : Shipping calculation completed with final fee 16.00
INFO [BQ0HbtS9] c.m.s.c.CheckoutShippingController : Shipping calculation requested
INFO [BQ0HbtS9] c.m.s.service.LoyaltyShippingService : Calculating shipping for country=US, zip=90001, cartTotal=40.0
INFO [BQ0HbtS9] c.m.s.service.LoyaltyShippingService : Using database rate baseRate=15.00, regionalSurcharge=5.00
INFO [BQ0HbtS9] c.m.s.service.LoyaltyShippingService : Applied tier=GOLD discount=8.000
INFO [BQ0HbtS9] c.m.s.service.PromoEvaluatorService : Promo code SUMMER5 applied flat discount 5.0000
INFO [BQ0HbtS9] c.m.s.service.LoyaltyShippingService : Applied promo discount=5.0000
INFO [BQ0HbtS9] c.m.s.service.LoyaltyShippingService : Discount total=13.0000 capped=false netFreight=7.0000
INFO [BQ0HbtS9] c.m.s.service.LoyaltyShippingService : Shipping calculation result grossFreight=20.00, totalSurcharges=0, finalFee=7.0000
INFO [BQ0HbtS9] c.m.s.c.CheckoutShippingController : Shipping calculation completed with final fee 7.00
INFO [GaERsqlZ] c.m.s.c.CheckoutShippingController : Shipping calculation requested
INFO [GaERsqlZ] c.m.s.service.LoyaltyShippingService : Calculating shipping for country=US, zip=90001, cartTotal=30.0
INFO [GaERsqlZ] c.m.s.service.LoyaltyShippingService : Using database rate baseRate=15.00, regionalSurcharge=5.00
INFO [GaERsqlZ] c.m.s.service.LoyaltyShippingService : Applied tier=GOLD discount=6.000
INFO [GaERsqlZ] c.m.s.service.PromoEvaluatorService : Promo code WELCOME10 applied percentage discount
INFO [GaERsqlZ] c.m.s.service.LoyaltyShippingService : Applied promo discount=2.000000
INFO [GaERsqlZ] c.m.s.service.LoyaltyShippingService : Discount total=8.000000 capped=false netFreight=12.000000
INFO [GaERsqlZ] c.m.s.service.LoyaltyShippingService : Shipping calculation result grossFreight=20.00, totalSurcharges=0, finalFee=12.000000
INFO [GaERsqlZ] c.m.s.c.CheckoutShippingController : Shipping calculation completed with final fee 12.00
INFO [8i9lHKPS] c.m.s.c.CheckoutShippingController : Shipping calculation requested
INFO [8i9lHKPS] c.m.s.service.LoyaltyShippingService : Calculating shipping for country=US, zip=90001, cartTotal=100.0
INFO [8i9lHKPS] c.m.s.service.LoyaltyShippingService : Using database rate baseRate=15.00, regionalSurcharge=5.00
INFO [8i9lHKPS] c.m.s.service.LoyaltyShippingService : Applied tier=GOLD discount=20.000
INFO [8i9lHKPS] c.m.s.service.PromoEvaluatorService : Promo code VIP20 applied percentage discount
INFO [8i9lHKPS] c.m.s.service.LoyaltyShippingService : Applied promo discount=4.000000
INFO [8i9lHKPS] c.m.s.service.LoyaltyShippingService : Discount total=24.000000 capped=false netFreight=0
INFO [8i9lHKPS] c.m.s.service.LoyaltyShippingService : Shipping calculation result grossFreight=20.00, totalSurcharges=0, finalFee=0
INFO [8i9lHKPS] c.m.s.c.CheckoutShippingController : Shipping calculation completed with final fee 0.00
INFO [4A53sirC] c.m.s.c.CheckoutShippingController : Shipping calculation requested
INFO [4A53sirC] c.m.s.service.LoyaltyShippingService : Calculating shipping for country=US, zip=90001, cartTotal=40.0
INFO [4A53sirC] c.m.s.service.LoyaltyShippingService : Using database rate baseRate=15.00, regionalSurcharge=5.00
INFO [4A53sirC] c.m.s.service.LoyaltyShippingService : Applied tier=GOLD discount=8.000
INFO [4A53sirC] c.m.s.service.PromoEvaluatorService : Promo code VIP20 rejected below cart minimum 50.00
INFO [4A53sirC] c.m.s.service.LoyaltyShippingService : Applied promo discount=0
INFO [4A53sirC] c.m.s.service.LoyaltyShippingService : Discount total=8.000 capped=false netFreight=12.000
INFO [4A53sirC] c.m.s.service.LoyaltyShippingService : Shipping calculation result grossFreight=20.00, totalSurcharges=0, finalFee=12.000
INFO [4A53sirC] c.m.s.c.CheckoutShippingController : Shipping calculation completed with final fee 12.00
INFO [HkZOs1RL] c.m.s.c.CheckoutShippingController : Shipping calculation requested
INFO [HkZOs1RL] c.m.s.service.LoyaltyShippingService : Calculating shipping for country=US, zip=90001, cartTotal=100.0
INFO [HkZOs1RL] c.m.s.service.LoyaltyShippingService : Using database rate baseRate=15.00, regionalSurcharge=5.00
INFO [HkZOs1RL] c.m.s.service.LoyaltyShippingService : Applied tier=GOLD discount=20.000
INFO [HkZOs1RL] c.m.s.service.PromoEvaluatorService : Promo code FREESHIP10 applied flat discount 10.0000
INFO [HkZOs1RL] c.m.s.service.LoyaltyShippingService : Applied promo discount=10.0000
INFO [HkZOs1RL] c.m.s.service.LoyaltyShippingService : Discount total=30.0000 capped=false netFreight=0
INFO [HkZOs1RL] c.m.s.service.LoyaltyShippingService : Shipping calculation result grossFreight=20.00, totalSurcharges=0, finalFee=0
INFO [HkZOs1RL] c.m.s.c.CheckoutShippingController : Shipping calculation completed with final fee 0.00
INFO [Dh63kI2F] c.m.s.c.CheckoutShippingController : Shipping calculation requested
INFO [Dh63kI2F] c.m.s.service.LoyaltyShippingService : Calculating shipping for country=US, zip=90001, cartTotal=40.0
INFO [Dh63kI2F] c.m.s.service.LoyaltyShippingService : Using database rate baseRate=15.00, regionalSurcharge=5.00
INFO [Dh63kI2F] c.m.s.service.LoyaltyShippingService : Applied tier=GOLD discount=8.000
INFO [Dh63kI2F] c.m.s.service.PromoEvaluatorService : Promo code EARLYBIRD5 applied flat discount 5.0000
INFO [Dh63kI2F] c.m.s.service.LoyaltyShippingService : Applied promo discount=5.0000
INFO [Dh63kI2F] c.m.s.service.LoyaltyShippingService : Discount total=13.0000 capped=false netFreight=7.0000
INFO [Dh63kI2F] c.m.s.service.LoyaltyShippingService : Shipping calculation result grossFreight=20.00, totalSurcharges=0, finalFee=7.0000
INFO [Dh63kI2F] c.m.s.c.CheckoutShippingController : Shipping calculation completed with final fee 7.00
INFO [c4IFXjD0] c.m.s.c.CheckoutShippingController : Shipping calculation requested
INFO [c4IFXjD0] c.m.s.service.LoyaltyShippingService : Calculating shipping for country=US, zip=90001, cartTotal=30.0
INFO [c4IFXjD0] c.m.s.service.LoyaltyShippingService : Using database rate baseRate=15.00, regionalSurcharge=5.00
INFO [c4IFXjD0] c.m.s.service.LoyaltyShippingService : Applied tier=GOLD discount=6.000
INFO [c4IFXjD0] c.m.s.service.PromoEvaluatorService : Promo code EARLYBIRD5 rejected outside time window
INFO [c4IFXjD0] c.m.s.service.LoyaltyShippingService : Applied promo discount=0
INFO [c4IFXjD0] c.m.s.service.LoyaltyShippingService : Discount total=6.000 capped=false netFreight=14.000
INFO [c4IFXjD0] c.m.s.service.LoyaltyShippingService : Shipping calculation result grossFreight=20.00, totalSurcharges=0, finalFee=14.000
INFO [c4IFXjD0] c.m.s.c.CheckoutShippingController : Shipping calculation completed with final fee 14.00
INFO [h8nWjyCZ] c.m.s.c.CheckoutShippingController : Shipping calculation requested
INFO [h8nWjyCZ] c.m.s.service.LoyaltyShippingService : Calculating shipping for country=US, zip=90001, cartTotal=20.0
INFO [h8nWjyCZ] c.m.s.service.LoyaltyShippingService : Using database rate baseRate=15.00, regionalSurcharge=5.00
INFO [h8nWjyCZ] c.m.s.service.LoyaltyShippingService : Applied tier=GOLD discount=4.000
INFO [h8nWjyCZ] c.m.s.service.PromoEvaluatorService : Promo code NIGHTOWL10 applied remaining-fee percentage discount
INFO [h8nWjyCZ] c.m.s.service.LoyaltyShippingService : Applied promo discount=1.6000000
INFO [h8nWjyCZ] c.m.s.service.LoyaltyShippingService : Discount total=5.6000000 capped=false netFreight=14.4000000
INFO [h8nWjyCZ] c.m.s.service.LoyaltyShippingService : Shipping calculation result grossFreight=20.00, totalSurcharges=0, finalFee=14.4000000
INFO [h8nWjyCZ] c.m.s.c.CheckoutShippingController : Shipping calculation completed with final fee 14.40
INFO [8yqS24ZO] c.m.s.c.CheckoutShippingController : Shipping calculation requested
INFO [8yqS24ZO] c.m.s.service.LoyaltyShippingService : Calculating shipping for country=US, zip=90001, cartTotal=20.0
INFO [8yqS24ZO] c.m.s.service.LoyaltyShippingService : Using database rate baseRate=15.00, regionalSurcharge=5.00
INFO [8yqS24ZO] c.m.s.service.LoyaltyShippingService : Applied tier=GOLD discount=4.000
INFO [8yqS24ZO] c.m.s.service.PromoEvaluatorService : Promo code NIGHTOWL10 rejected outside time window
INFO [8yqS24ZO] c.m.s.service.LoyaltyShippingService : Applied promo discount=0
INFO [8yqS24ZO] c.m.s.service.LoyaltyShippingService : Discount total=4.000 capped=false netFreight=16.000
INFO [8yqS24ZO] c.m.s.service.LoyaltyShippingService : Shipping calculation result grossFreight=20.00, totalSurcharges=0, finalFee=16.000
INFO [8yqS24ZO] c.m.s.c.CheckoutShippingController : Shipping calculation completed with final fee 16.00
INFO [1ehTaW5a] c.m.s.c.CheckoutShippingController : Shipping calculation requested
INFO [1ehTaW5a] c.m.s.service.LoyaltyShippingService : Calculating shipping for country=US, zip=90001, cartTotal=100.0
INFO [1ehTaW5a] c.m.s.service.LoyaltyShippingService : Using database rate baseRate=15.00, regionalSurcharge=5.00
INFO [1ehTaW5a] c.m.s.service.LoyaltyShippingService : Applied tier=GOLD discount=20.000
WARN [1ehTaW5a] c.m.s.service.PromoEvaluatorService : Promo code EXPIRED10 was not found or is inactive
INFO [1ehTaW5a] c.m.s.service.LoyaltyShippingService : Applied promo discount=0
INFO [1ehTaW5a] c.m.s.service.LoyaltyShippingService : Discount total=20.000 capped=false netFreight=0.000
INFO [1ehTaW5a] c.m.s.service.LoyaltyShippingService : Shipping calculation result grossFreight=20.00, totalSurcharges=0, finalFee=0.000
INFO [1ehTaW5a] c.m.s.c.CheckoutShippingController : Shipping calculation completed with final fee 0.00
INFO [QAMs9leg] c.m.s.c.CheckoutShippingController : Shipping calculation requested
INFO [QAMs9leg] c.m.s.service.LoyaltyShippingService : Calculating shipping for country=US, zip=90001, cartTotal=20.0
INFO [QAMs9leg] c.m.s.service.LoyaltyShippingService : Using database rate baseRate=15.00, regionalSurcharge=5.00
INFO [QAMs9leg] c.m.s.service.LoyaltyShippingService : Applied tier=VIP discount=6.000
INFO [QAMs9leg] c.m.s.service.PromoEvaluatorService : No promo code supplied
INFO [QAMs9leg] c.m.s.service.LoyaltyShippingService : Applied promo discount=0
INFO [QAMs9leg] c.m.s.service.LoyaltyShippingService : Discount total=6.000 capped=false netFreight=14.000
INFO [QAMs9leg] c.m.s.service.LoyaltyShippingService : Shipping calculation result grossFreight=20.00, totalSurcharges=0, finalFee=14.000
INFO [QAMs9leg] c.m.s.c.CheckoutShippingController : Shipping calculation completed with final fee 14.00
INFO [LEOg41W0] c.m.s.c.CheckoutShippingController : Shipping calculation requested
INFO [LEOg41W0] c.m.s.service.LoyaltyShippingService : Calculating shipping for country=US, zip=90001, cartTotal=40.0
INFO [LEOg41W0] c.m.s.service.LoyaltyShippingService : Using database rate baseRate=15.00, regionalSurcharge=5.00
INFO [LEOg41W0] c.m.s.service.LoyaltyShippingService : Applied tier=VIP discount=12.000
INFO [LEOg41W0] c.m.s.service.PromoEvaluatorService : Promo code SUMMER5 applied flat discount 5.0000
INFO [LEOg41W0] c.m.s.service.LoyaltyShippingService : Applied promo discount=5.0000
INFO [LEOg41W0] c.m.s.service.LoyaltyShippingService : Discount total=17.0000 capped=false netFreight=3.0000
INFO [LEOg41W0] c.m.s.service.LoyaltyShippingService : Shipping calculation result grossFreight=20.00, totalSurcharges=0, finalFee=3.0000
INFO [LEOg41W0] c.m.s.c.CheckoutShippingController : Shipping calculation completed with final fee 3.00
INFO [jjvCRI6M] c.m.s.c.CheckoutShippingController : Shipping calculation requested
INFO [jjvCRI6M] c.m.s.service.LoyaltyShippingService : Calculating shipping for country=US, zip=90001, cartTotal=30.0
INFO [jjvCRI6M] c.m.s.service.LoyaltyShippingService : Using database rate baseRate=15.00, regionalSurcharge=5.00
INFO [jjvCRI6M] c.m.s.service.LoyaltyShippingService : Applied tier=VIP discount=9.000
INFO [jjvCRI6M] c.m.s.service.PromoEvaluatorService : Promo code WELCOME10 applied percentage discount
INFO [jjvCRI6M] c.m.s.service.LoyaltyShippingService : Applied promo discount=2.000000
INFO [jjvCRI6M] c.m.s.service.LoyaltyShippingService : Discount total=11.000000 capped=false netFreight=9.000000
INFO [jjvCRI6M] c.m.s.service.LoyaltyShippingService : Shipping calculation result grossFreight=20.00, totalSurcharges=0, finalFee=9.000000
INFO [jjvCRI6M] c.m.s.c.CheckoutShippingController : Shipping calculation completed with final fee 9.00
INFO [6p7MEaoa] c.m.s.c.CheckoutShippingController : Shipping calculation requested
INFO [6p7MEaoa] c.m.s.service.LoyaltyShippingService : Calculating shipping for country=US, zip=90001, cartTotal=100.0
INFO [6p7MEaoa] c.m.s.service.LoyaltyShippingService : Using database rate baseRate=15.00, regionalSurcharge=5.00
INFO [6p7MEaoa] c.m.s.service.LoyaltyShippingService : Applied tier=VIP discount=30.000
INFO [6p7MEaoa] c.m.s.service.PromoEvaluatorService : Promo code VIP20 applied percentage discount
INFO [6p7MEaoa] c.m.s.service.LoyaltyShippingService : Applied promo discount=4.000000
INFO [6p7MEaoa] c.m.s.service.LoyaltyShippingService : Discount total=34.000000 capped=false netFreight=0
INFO [6p7MEaoa] c.m.s.service.LoyaltyShippingService : Shipping calculation result grossFreight=20.00, totalSurcharges=0, finalFee=0
INFO [6p7MEaoa] c.m.s.c.CheckoutShippingController : Shipping calculation completed with final fee 0.00
INFO [WpUzEXSD] c.m.s.c.CheckoutShippingController : Shipping calculation requested
INFO [WpUzEXSD] c.m.s.service.LoyaltyShippingService : Calculating shipping for country=US, zip=90001, cartTotal=40.0
INFO [WpUzEXSD] c.m.s.service.LoyaltyShippingService : Using database rate baseRate=15.00, regionalSurcharge=5.00
INFO [WpUzEXSD] c.m.s.service.LoyaltyShippingService : Applied tier=VIP discount=12.000
INFO [WpUzEXSD] c.m.s.service.PromoEvaluatorService : Promo code VIP20 rejected below cart minimum 50.00
INFO [WpUzEXSD] c.m.s.service.LoyaltyShippingService : Applied promo discount=0
INFO [WpUzEXSD] c.m.s.service.LoyaltyShippingService : Discount total=12.000 capped=false netFreight=8.000
INFO [WpUzEXSD] c.m.s.service.LoyaltyShippingService : Shipping calculation result grossFreight=20.00, totalSurcharges=0, finalFee=8.000
INFO [WpUzEXSD] c.m.s.c.CheckoutShippingController : Shipping calculation completed with final fee 8.00
INFO [RDHfqgLi] c.m.s.c.CheckoutShippingController : Shipping calculation requested
INFO [RDHfqgLi] c.m.s.service.LoyaltyShippingService : Calculating shipping for country=US, zip=90001, cartTotal=100.0
INFO [RDHfqgLi] c.m.s.service.LoyaltyShippingService : Using database rate baseRate=15.00, regionalSurcharge=5.00
INFO [RDHfqgLi] c.m.s.service.LoyaltyShippingService : Applied tier=VIP discount=30.000
INFO [RDHfqgLi] c.m.s.service.PromoEvaluatorService : Promo code FREESHIP10 applied flat discount 10.0000
INFO [RDHfqgLi] c.m.s.service.LoyaltyShippingService : Applied promo discount=10.0000
INFO [RDHfqgLi] c.m.s.service.LoyaltyShippingService : Discount total=40.0000 capped=false netFreight=0
INFO [RDHfqgLi] c.m.s.service.LoyaltyShippingService : Shipping calculation result grossFreight=20.00, totalSurcharges=0, finalFee=0
INFO [RDHfqgLi] c.m.s.c.CheckoutShippingController : Shipping calculation completed with final fee 0.00
INFO [b4IEQcuB] c.m.s.c.CheckoutShippingController : Shipping calculation requested
INFO [b4IEQcuB] c.m.s.service.LoyaltyShippingService : Calculating shipping for country=US, zip=90001, cartTotal=40.0
INFO [b4IEQcuB] c.m.s.service.LoyaltyShippingService : Using database rate baseRate=15.00, regionalSurcharge=5.00
INFO [b4IEQcuB] c.m.s.service.LoyaltyShippingService : Applied tier=VIP discount=12.000
INFO [b4IEQcuB] c.m.s.service.PromoEvaluatorService : Promo code EARLYBIRD5 applied flat discount 5.0000
INFO [b4IEQcuB] c.m.s.service.LoyaltyShippingService : Applied promo discount=5.0000
INFO [b4IEQcuB] c.m.s.service.LoyaltyShippingService : Discount total=17.0000 capped=false netFreight=3.0000
INFO [b4IEQcuB] c.m.s.service.LoyaltyShippingService : Shipping calculation result grossFreight=20.00, totalSurcharges=0, finalFee=3.0000
INFO [b4IEQcuB] c.m.s.c.CheckoutShippingController : Shipping calculation completed with final fee 3.00
INFO [cLl2x5B8] c.m.s.c.CheckoutShippingController : Shipping calculation requested
INFO [cLl2x5B8] c.m.s.service.LoyaltyShippingService : Calculating shipping for country=US, zip=90001, cartTotal=30.0
INFO [cLl2x5B8] c.m.s.service.LoyaltyShippingService : Using database rate baseRate=15.00, regionalSurcharge=5.00
INFO [cLl2x5B8] c.m.s.service.LoyaltyShippingService : Applied tier=VIP discount=9.000
INFO [cLl2x5B8] c.m.s.service.PromoEvaluatorService : Promo code EARLYBIRD5 rejected outside time window
INFO [cLl2x5B8] c.m.s.service.LoyaltyShippingService : Applied promo discount=0
INFO [cLl2x5B8] c.m.s.service.LoyaltyShippingService : Discount total=9.000 capped=false netFreight=11.000
INFO [cLl2x5B8] c.m.s.service.LoyaltyShippingService : Shipping calculation result grossFreight=20.00, totalSurcharges=0, finalFee=11.000
INFO [cLl2x5B8] c.m.s.c.CheckoutShippingController : Shipping calculation completed with final fee 11.00
INFO [IyGn92uB] c.m.s.c.CheckoutShippingController : Shipping calculation requested
INFO [IyGn92uB] c.m.s.service.LoyaltyShippingService : Calculating shipping for country=US, zip=90001, cartTotal=20.0
INFO [IyGn92uB] c.m.s.service.LoyaltyShippingService : Using database rate baseRate=15.00, regionalSurcharge=5.00
INFO [IyGn92uB] c.m.s.service.LoyaltyShippingService : Applied tier=VIP discount=6.000
INFO [IyGn92uB] c.m.s.service.PromoEvaluatorService : Promo code NIGHTOWL10 applied remaining-fee percentage discount
INFO [IyGn92uB] c.m.s.service.LoyaltyShippingService : Applied promo discount=1.4000000
INFO [IyGn92uB] c.m.s.service.LoyaltyShippingService : Discount total=7.4000000 capped=false netFreight=12.6000000
INFO [IyGn92uB] c.m.s.service.LoyaltyShippingService : Shipping calculation result grossFreight=20.00, totalSurcharges=0, finalFee=12.6000000
INFO [IyGn92uB] c.m.s.c.CheckoutShippingController : Shipping calculation completed with final fee 12.60
INFO [V0T62Yy4] c.m.s.c.CheckoutShippingController : Shipping calculation requested
INFO [V0T62Yy4] c.m.s.service.LoyaltyShippingService : Calculating shipping for country=US, zip=90001, cartTotal=20.0
INFO [V0T62Yy4] c.m.s.service.LoyaltyShippingService : Using database rate baseRate=15.00, regionalSurcharge=5.00
INFO [V0T62Yy4] c.m.s.service.LoyaltyShippingService : Applied tier=VIP discount=6.000
INFO [V0T62Yy4] c.m.s.service.PromoEvaluatorService : Promo code NIGHTOWL10 rejected outside time window
INFO [V0T62Yy4] c.m.s.service.LoyaltyShippingService : Applied promo discount=0
INFO [V0T62Yy4] c.m.s.service.LoyaltyShippingService : Discount total=6.000 capped=false netFreight=14.000
INFO [V0T62Yy4] c.m.s.service.LoyaltyShippingService : Shipping calculation result grossFreight=20.00, totalSurcharges=0, finalFee=14.000
INFO [V0T62Yy4] c.m.s.c.CheckoutShippingController : Shipping calculation completed with final fee 14.00
INFO [qepMhc5S] c.m.s.c.CheckoutShippingController : Shipping calculation requested
INFO [qepMhc5S] c.m.s.service.LoyaltyShippingService : Calculating shipping for country=US, zip=90001, cartTotal=100.0
INFO [qepMhc5S] c.m.s.service.LoyaltyShippingService : Using database rate baseRate=15.00, regionalSurcharge=5.00
INFO [qepMhc5S] c.m.s.service.LoyaltyShippingService : Applied tier=VIP discount=30.000
WARN [qepMhc5S] c.m.s.service.PromoEvaluatorService : Promo code EXPIRED10 was not found or is inactive
INFO [qepMhc5S] c.m.s.service.LoyaltyShippingService : Applied promo discount=0
INFO [qepMhc5S] c.m.s.service.LoyaltyShippingService : Discount total=30.000 capped=false netFreight=0
INFO [qepMhc5S] c.m.s.service.LoyaltyShippingService : Shipping calculation result grossFreight=20.00, totalSurcharges=0, finalFee=0
INFO [qepMhc5S] c.m.s.c.CheckoutShippingController : Shipping calculation completed with final fee 0.00
INFO [IzQnG4r1] c.m.s.c.CheckoutShippingController : Shipping calculation requested
INFO [IzQnG4r1] c.m.s.service.LoyaltyShippingService : Calculating shipping for country=CA, zip=M5V 2T6, cartTotal=20.0
INFO [IzQnG4r1] c.m.s.service.LoyaltyShippingService : Using database rate baseRate=18.00, regionalSurcharge=4.00
INFO [IzQnG4r1] c.m.s.service.LoyaltyShippingService : Applied tier=STANDARD discount=0.0
INFO [IzQnG4r1] c.m.s.service.PromoEvaluatorService : No promo code supplied
INFO [IzQnG4r1] c.m.s.service.LoyaltyShippingService : Applied promo discount=0
INFO [IzQnG4r1] c.m.s.service.LoyaltyShippingService : Discount total=0.0 capped=false netFreight=22.00
INFO [IzQnG4r1] c.m.s.service.LoyaltyShippingService : Shipping calculation result grossFreight=22.00, totalSurcharges=0, finalFee=22.00
INFO [IzQnG4r1] c.m.s.c.CheckoutShippingController : Shipping calculation completed with final fee 22.00
INFO [jMJeQWOE] c.m.s.c.CheckoutShippingController : Shipping calculation requested
INFO [jMJeQWOE] c.m.s.service.LoyaltyShippingService : Calculating shipping for country=CA, zip=M5V 2T6, cartTotal=40.0
INFO [jMJeQWOE] c.m.s.service.LoyaltyShippingService : Using database rate baseRate=18.00, regionalSurcharge=4.00
INFO [jMJeQWOE] c.m.s.service.LoyaltyShippingService : Applied tier=STANDARD discount=0.0
INFO [jMJeQWOE] c.m.s.service.PromoEvaluatorService : Promo code SUMMER5 applied flat discount 5.0000
INFO [jMJeQWOE] c.m.s.service.LoyaltyShippingService : Applied promo discount=5.0000
INFO [jMJeQWOE] c.m.s.service.LoyaltyShippingService : Discount total=5.0000 capped=false netFreight=17.0000
INFO [jMJeQWOE] c.m.s.service.LoyaltyShippingService : Shipping calculation result grossFreight=22.00, totalSurcharges=0, finalFee=17.0000
INFO [jMJeQWOE] c.m.s.c.CheckoutShippingController : Shipping calculation completed with final fee 17.00
INFO [3RM2ErnU] c.m.s.c.CheckoutShippingController : Shipping calculation requested
INFO [3RM2ErnU] c.m.s.service.LoyaltyShippingService : Calculating shipping for country=CA, zip=M5V 2T6, cartTotal=30.0
INFO [3RM2ErnU] c.m.s.service.LoyaltyShippingService : Using database rate baseRate=18.00, regionalSurcharge=4.00
INFO [3RM2ErnU] c.m.s.service.LoyaltyShippingService : Applied tier=STANDARD discount=0.0
INFO [3RM2ErnU] c.m.s.service.PromoEvaluatorService : Promo code WELCOME10 applied percentage discount
INFO [3RM2ErnU] c.m.s.service.LoyaltyShippingService : Applied promo discount=2.200000
INFO [3RM2ErnU] c.m.s.service.LoyaltyShippingService : Discount total=2.200000 capped=false netFreight=19.800000
INFO [3RM2ErnU] c.m.s.service.LoyaltyShippingService : Shipping calculation result grossFreight=22.00, totalSurcharges=0, finalFee=19.800000
INFO [3RM2ErnU] c.m.s.c.CheckoutShippingController : Shipping calculation completed with final fee 19.80
INFO [0rnWBneq] c.m.s.c.CheckoutShippingController : Shipping calculation requested
INFO [0rnWBneq] c.m.s.service.LoyaltyShippingService : Calculating shipping for country=CA, zip=M5V 2T6, cartTotal=100.0
INFO [0rnWBneq] c.m.s.service.LoyaltyShippingService : Using database rate baseRate=18.00, regionalSurcharge=4.00
INFO [0rnWBneq] c.m.s.service.LoyaltyShippingService : Applied tier=STANDARD discount=0.0
INFO [0rnWBneq] c.m.s.service.PromoEvaluatorService : Promo code VIP20 applied percentage discount
INFO [0rnWBneq] c.m.s.service.LoyaltyShippingService : Applied promo discount=4.400000
INFO [0rnWBneq] c.m.s.service.LoyaltyShippingService : Discount total=4.400000 capped=false netFreight=17.600000
INFO [0rnWBneq] c.m.s.service.LoyaltyShippingService : Shipping calculation result grossFreight=22.00, totalSurcharges=0, finalFee=17.600000
INFO [0rnWBneq] c.m.s.c.CheckoutShippingController : Shipping calculation completed with final fee 17.60
INFO [Cgl85C9F] c.m.s.c.CheckoutShippingController : Shipping calculation requested
INFO [Cgl85C9F] c.m.s.service.LoyaltyShippingService : Calculating shipping for country=CA, zip=M5V 2T6, cartTotal=40.0
INFO [Cgl85C9F] c.m.s.service.LoyaltyShippingService : Using database rate baseRate=18.00, regionalSurcharge=4.00
INFO [Cgl85C9F] c.m.s.service.LoyaltyShippingService : Applied tier=STANDARD discount=0.0
INFO [Cgl85C9F] c.m.s.service.PromoEvaluatorService : Promo code VIP20 rejected below cart minimum 50.00
INFO [Cgl85C9F] c.m.s.service.LoyaltyShippingService : Applied promo discount=0
INFO [Cgl85C9F] c.m.s.service.LoyaltyShippingService : Discount total=0.0 capped=false netFreight=22.00
INFO [Cgl85C9F] c.m.s.service.LoyaltyShippingService : Shipping calculation result grossFreight=22.00, totalSurcharges=0, finalFee=22.00
INFO [Cgl85C9F] c.m.s.c.CheckoutShippingController : Shipping calculation completed with final fee 22.00
INFO [3pNgKBFH] c.m.s.c.CheckoutShippingController : Shipping calculation requested
INFO [3pNgKBFH] c.m.s.service.LoyaltyShippingService : Calculating shipping for country=CA, zip=M5V 2T6, cartTotal=100.0
INFO [3pNgKBFH] c.m.s.service.LoyaltyShippingService : Using database rate baseRate=18.00, regionalSurcharge=4.00
INFO [3pNgKBFH] c.m.s.service.LoyaltyShippingService : Applied tier=STANDARD discount=0.0
INFO [3pNgKBFH] c.m.s.service.PromoEvaluatorService : Promo code FREESHIP10 applied flat discount 10.0000
INFO [3pNgKBFH] c.m.s.service.LoyaltyShippingService : Applied promo discount=10.0000
INFO [3pNgKBFH] c.m.s.service.LoyaltyShippingService : Discount total=10.0000 capped=false netFreight=12.0000
INFO [3pNgKBFH] c.m.s.service.LoyaltyShippingService : Shipping calculation result grossFreight=22.00, totalSurcharges=0, finalFee=12.0000
INFO [3pNgKBFH] c.m.s.c.CheckoutShippingController : Shipping calculation completed with final fee 12.00
INFO [yEqbbG56] c.m.s.c.CheckoutShippingController : Shipping calculation requested
INFO [yEqbbG56] c.m.s.service.LoyaltyShippingService : Calculating shipping for country=CA, zip=M5V 2T6, cartTotal=40.0
INFO [yEqbbG56] c.m.s.service.LoyaltyShippingService : Using database rate baseRate=18.00, regionalSurcharge=4.00
INFO [yEqbbG56] c.m.s.service.LoyaltyShippingService : Applied tier=STANDARD discount=0.0
INFO [yEqbbG56] c.m.s.service.PromoEvaluatorService : Promo code EARLYBIRD5 applied flat discount 5.0000
INFO [yEqbbG56] c.m.s.service.LoyaltyShippingService : Applied promo discount=5.0000
INFO [yEqbbG56] c.m.s.service.LoyaltyShippingService : Discount total=5.0000 capped=false netFreight=17.0000
INFO [yEqbbG56] c.m.s.service.LoyaltyShippingService : Shipping calculation result grossFreight=22.00, totalSurcharges=0, finalFee=17.0000
INFO [yEqbbG56] c.m.s.c.CheckoutShippingController : Shipping calculation completed with final fee 17.00
INFO [AjQTrz4d] c.m.s.c.CheckoutShippingController : Shipping calculation requested
INFO [AjQTrz4d] c.m.s.service.LoyaltyShippingService : Calculating shipping for country=CA, zip=M5V 2T6, cartTotal=30.0
INFO [AjQTrz4d] c.m.s.service.LoyaltyShippingService : Using database rate baseRate=18.00, regionalSurcharge=4.00
INFO [AjQTrz4d] c.m.s.service.LoyaltyShippingService : Applied tier=STANDARD discount=0.0
INFO [AjQTrz4d] c.m.s.service.PromoEvaluatorService : Promo code EARLYBIRD5 rejected outside time window
INFO [AjQTrz4d] c.m.s.service.LoyaltyShippingService : Applied promo discount=0
INFO [AjQTrz4d] c.m.s.service.LoyaltyShippingService : Discount total=0.0 capped=false netFreight=22.00
INFO [AjQTrz4d] c.m.s.service.LoyaltyShippingService : Shipping calculation result grossFreight=22.00, totalSurcharges=0, finalFee=22.00
INFO [AjQTrz4d] c.m.s.c.CheckoutShippingController : Shipping calculation completed with final fee 22.00
INFO [c6pX4sPl] c.m.s.c.CheckoutShippingController : Shipping calculation requested
INFO [c6pX4sPl] c.m.s.service.LoyaltyShippingService : Calculating shipping for country=CA, zip=M5V 2T6, cartTotal=20.0
INFO [c6pX4sPl] c.m.s.service.LoyaltyShippingService : Using database rate baseRate=18.00, regionalSurcharge=4.00
INFO [c6pX4sPl] c.m.s.service.LoyaltyShippingService : Applied tier=STANDARD discount=0.0
INFO [c6pX4sPl] c.m.s.service.PromoEvaluatorService : Promo code NIGHTOWL10 applied remaining-fee percentage discount
INFO [c6pX4sPl] c.m.s.service.LoyaltyShippingService : Applied promo discount=2.200000
INFO [c6pX4sPl] c.m.s.service.LoyaltyShippingService : Discount total=2.200000 capped=false netFreight=19.800000
INFO [c6pX4sPl] c.m.s.service.LoyaltyShippingService : Shipping calculation result grossFreight=22.00, totalSurcharges=0, finalFee=19.800000
INFO [c6pX4sPl] c.m.s.c.CheckoutShippingController : Shipping calculation completed with final fee 19.80
INFO [4ortS4ui] c.m.s.c.CheckoutShippingController : Shipping calculation requested
INFO [4ortS4ui] c.m.s.service.LoyaltyShippingService : Calculating shipping for country=CA, zip=M5V 2T6, cartTotal=20.0
INFO [4ortS4ui] c.m.s.service.LoyaltyShippingService : Using database rate baseRate=18.00, regionalSurcharge=4.00
INFO [4ortS4ui] c.m.s.service.LoyaltyShippingService : Applied tier=STANDARD discount=0.0
INFO [4ortS4ui] c.m.s.service.PromoEvaluatorService : Promo code NIGHTOWL10 rejected outside time window
INFO [4ortS4ui] c.m.s.service.LoyaltyShippingService : Applied promo discount=0
INFO [4ortS4ui] c.m.s.service.LoyaltyShippingService : Discount total=0.0 capped=false netFreight=22.00
INFO [4ortS4ui] c.m.s.service.LoyaltyShippingService : Shipping calculation result grossFreight=22.00, totalSurcharges=0, finalFee=22.00
INFO [4ortS4ui] c.m.s.c.CheckoutShippingController : Shipping calculation completed with final fee 22.00
INFO [llVX3tcc] c.m.s.c.CheckoutShippingController : Shipping calculation requested
INFO [llVX3tcc] c.m.s.service.LoyaltyShippingService : Calculating shipping for country=CA, zip=M5V 2T6, cartTotal=100.0
INFO [llVX3tcc] c.m.s.service.LoyaltyShippingService : Using database rate baseRate=18.00, regionalSurcharge=4.00
INFO [llVX3tcc] c.m.s.service.LoyaltyShippingService : Applied tier=STANDARD discount=0.0
WARN [llVX3tcc] c.m.s.service.PromoEvaluatorService : Promo code EXPIRED10 was not found or is inactive
INFO [llVX3tcc] c.m.s.service.LoyaltyShippingService : Applied promo discount=0
INFO [llVX3tcc] c.m.s.service.LoyaltyShippingService : Discount total=0.0 capped=false netFreight=22.00
INFO [llVX3tcc] c.m.s.service.LoyaltyShippingService : Shipping calculation result grossFreight=22.00, totalSurcharges=0, finalFee=22.00
INFO [llVX3tcc] c.m.s.c.CheckoutShippingController : Shipping calculation completed with final fee 22.00
INFO [V4M75pBd] c.m.s.c.CheckoutShippingController : Shipping calculation requested
INFO [V4M75pBd] c.m.s.service.LoyaltyShippingService : Calculating shipping for country=CA, zip=M5V 2T6, cartTotal=20.0
INFO [V4M75pBd] c.m.s.service.LoyaltyShippingService : Using database rate baseRate=18.00, regionalSurcharge=4.00
INFO [V4M75pBd] c.m.s.service.LoyaltyShippingService : Applied tier=SILVER discount=2.000
INFO [V4M75pBd] c.m.s.service.PromoEvaluatorService : No promo code supplied
INFO [V4M75pBd] c.m.s.service.LoyaltyShippingService : Applied promo discount=0
INFO [V4M75pBd] c.m.s.service.LoyaltyShippingService : Discount total=2.000 capped=false netFreight=20.000
INFO [V4M75pBd] c.m.s.service.LoyaltyShippingService : Shipping calculation result grossFreight=22.00, totalSurcharges=0, finalFee=20.000
INFO [V4M75pBd] c.m.s.c.CheckoutShippingController : Shipping calculation completed with final fee 20.00
INFO [1Kc2OBfd] c.m.s.c.CheckoutShippingController : Shipping calculation requested
INFO [1Kc2OBfd] c.m.s.service.LoyaltyShippingService : Calculating shipping for country=CA, zip=M5V 2T6, cartTotal=40.0
INFO [1Kc2OBfd] c.m.s.service.LoyaltyShippingService : Using database rate baseRate=18.00, regionalSurcharge=4.00
INFO [1Kc2OBfd] c.m.s.service.LoyaltyShippingService : Applied tier=SILVER discount=4.000
INFO [1Kc2OBfd] c.m.s.service.PromoEvaluatorService : Promo code SUMMER5 applied flat discount 5.0000
INFO [1Kc2OBfd] c.m.s.service.LoyaltyShippingService : Applied promo discount=5.0000
INFO [1Kc2OBfd] c.m.s.service.LoyaltyShippingService : Discount total=9.0000 capped=false netFreight=13.0000
INFO [1Kc2OBfd] c.m.s.service.LoyaltyShippingService : Shipping calculation result grossFreight=22.00, totalSurcharges=0, finalFee=13.0000
INFO [1Kc2OBfd] c.m.s.c.CheckoutShippingController : Shipping calculation completed with final fee 13.00
INFO [QYJs9a4d] c.m.s.c.CheckoutShippingController : Shipping calculation requested
INFO [QYJs9a4d] c.m.s.service.LoyaltyShippingService : Calculating shipping for country=CA, zip=M5V 2T6, cartTotal=30.0
INFO [QYJs9a4d] c.m.s.service.LoyaltyShippingService : Using database rate baseRate=18.00, regionalSurcharge=4.00
INFO [QYJs9a4d] c.m.s.service.LoyaltyShippingService : Applied tier=SILVER discount=3.000
INFO [QYJs9a4d] c.m.s.service.PromoEvaluatorService : Promo code WELCOME10 applied percentage discount
INFO [QYJs9a4d] c.m.s.service.LoyaltyShippingService : Applied promo discount=2.200000
INFO [QYJs9a4d] c.m.s.service.LoyaltyShippingService : Discount total=5.200000 capped=false netFreight=16.800000
INFO [QYJs9a4d] c.m.s.service.LoyaltyShippingService : Shipping calculation result grossFreight=22.00, totalSurcharges=0, finalFee=16.800000
INFO [QYJs9a4d] c.m.s.c.CheckoutShippingController : Shipping calculation completed with final fee 16.80
INFO [fr57vSx6] c.m.s.c.CheckoutShippingController : Shipping calculation requested
INFO [fr57vSx6] c.m.s.service.LoyaltyShippingService : Calculating shipping for country=CA, zip=M5V 2T6, cartTotal=100.0
INFO [fr57vSx6] c.m.s.service.LoyaltyShippingService : Using database rate baseRate=18.00, regionalSurcharge=4.00
INFO [fr57vSx6] c.m.s.service.LoyaltyShippingService : Applied tier=SILVER discount=10.000
INFO [fr57vSx6] c.m.s.service.PromoEvaluatorService : Promo code VIP20 applied percentage discount
INFO [fr57vSx6] c.m.s.service.LoyaltyShippingService : Applied promo discount=4.400000
INFO [fr57vSx6] c.m.s.service.LoyaltyShippingService : Discount total=14.400000 capped=false netFreight=7.600000
INFO [fr57vSx6] c.m.s.service.LoyaltyShippingService : Shipping calculation result grossFreight=22.00, totalSurcharges=0, finalFee=7.600000
INFO [fr57vSx6] c.m.s.c.CheckoutShippingController : Shipping calculation completed with final fee 7.60
INFO [j487Q1I9] c.m.s.c.CheckoutShippingController : Shipping calculation requested
INFO [j487Q1I9] c.m.s.service.LoyaltyShippingService : Calculating shipping for country=CA, zip=M5V 2T6, cartTotal=40.0
INFO [j487Q1I9] c.m.s.service.LoyaltyShippingService : Using database rate baseRate=18.00, regionalSurcharge=4.00
INFO [j487Q1I9] c.m.s.service.LoyaltyShippingService : Applied tier=SILVER discount=4.000
INFO [j487Q1I9] c.m.s.service.PromoEvaluatorService : Promo code VIP20 rejected below cart minimum 50.00
INFO [j487Q1I9] c.m.s.service.LoyaltyShippingService : Applied promo discount=0
INFO [j487Q1I9] c.m.s.service.LoyaltyShippingService : Discount total=4.000 capped=false netFreight=18.000
INFO [j487Q1I9] c.m.s.service.LoyaltyShippingService : Shipping calculation result grossFreight=22.00, totalSurcharges=0, finalFee=18.000
INFO [j487Q1I9] c.m.s.c.CheckoutShippingController : Shipping calculation completed with final fee 18.00
INFO [kAxjspG6] c.m.s.c.CheckoutShippingController : Shipping calculation requested
INFO [kAxjspG6] c.m.s.service.LoyaltyShippingService : Calculating shipping for country=CA, zip=M5V 2T6, cartTotal=100.0
INFO [kAxjspG6] c.m.s.service.LoyaltyShippingService : Using database rate baseRate=18.00, regionalSurcharge=4.00
INFO [kAxjspG6] c.m.s.service.LoyaltyShippingService : Applied tier=SILVER discount=10.000
INFO [kAxjspG6] c.m.s.service.PromoEvaluatorService : Promo code FREESHIP10 applied flat discount 10.0000
INFO [kAxjspG6] c.m.s.service.LoyaltyShippingService : Applied promo discount=10.0000
INFO [kAxjspG6] c.m.s.service.LoyaltyShippingService : Discount total=20.0000 capped=false netFreight=2.0000
INFO [kAxjspG6] c.m.s.service.LoyaltyShippingService : Shipping calculation result grossFreight=22.00, totalSurcharges=0, finalFee=2.0000
INFO [kAxjspG6] c.m.s.c.CheckoutShippingController : Shipping calculation completed with final fee 2.00
INFO [DUKyKrBg] c.m.s.c.CheckoutShippingController : Shipping calculation requested
INFO [DUKyKrBg] c.m.s.service.LoyaltyShippingService : Calculating shipping for country=CA, zip=M5V 2T6, cartTotal=40.0
INFO [DUKyKrBg] c.m.s.service.LoyaltyShippingService : Using database rate baseRate=18.00, regionalSurcharge=4.00
INFO [DUKyKrBg] c.m.s.service.LoyaltyShippingService : Applied tier=SILVER discount=4.000
INFO [DUKyKrBg] c.m.s.service.PromoEvaluatorService : Promo code EARLYBIRD5 applied flat discount 5.0000
INFO [DUKyKrBg] c.m.s.service.LoyaltyShippingService : Applied promo discount=5.0000
INFO [DUKyKrBg] c.m.s.service.LoyaltyShippingService : Discount total=9.0000 capped=false netFreight=13.0000
INFO [DUKyKrBg] c.m.s.service.LoyaltyShippingService : Shipping calculation result grossFreight=22.00, totalSurcharges=0, finalFee=13.0000
INFO [DUKyKrBg] c.m.s.c.CheckoutShippingController : Shipping calculation completed with final fee 13.00
INFO [AnlsW8YS] c.m.s.c.CheckoutShippingController : Shipping calculation requested
INFO [AnlsW8YS] c.m.s.service.LoyaltyShippingService : Calculating shipping for country=CA, zip=M5V 2T6, cartTotal=30.0
INFO [AnlsW8YS] c.m.s.service.LoyaltyShippingService : Using database rate baseRate=18.00, regionalSurcharge=4.00
INFO [AnlsW8YS] c.m.s.service.LoyaltyShippingService : Applied tier=SILVER discount=3.000
INFO [AnlsW8YS] c.m.s.service.PromoEvaluatorService : Promo code EARLYBIRD5 rejected outside time window
INFO [AnlsW8YS] c.m.s.service.LoyaltyShippingService : Applied promo discount=0
INFO [AnlsW8YS] c.m.s.service.LoyaltyShippingService : Discount total=3.000 capped=false netFreight=19.000
INFO [AnlsW8YS] c.m.s.service.LoyaltyShippingService : Shipping calculation result grossFreight=22.00, totalSurcharges=0, finalFee=19.000
INFO [AnlsW8YS] c.m.s.c.CheckoutShippingController : Shipping calculation completed with final fee 19.00
INFO [PoylBEnz] c.m.s.c.CheckoutShippingController : Shipping calculation requested
INFO [PoylBEnz] c.m.s.service.LoyaltyShippingService : Calculating shipping for country=CA, zip=M5V 2T6, cartTotal=20.0
INFO [PoylBEnz] c.m.s.service.LoyaltyShippingService : Using database rate baseRate=18.00, regionalSurcharge=4.00
INFO [PoylBEnz] c.m.s.service.LoyaltyShippingService : Applied tier=SILVER discount=2.000
INFO [PoylBEnz] c.m.s.service.PromoEvaluatorService : Promo code NIGHTOWL10 applied remaining-fee percentage discount
INFO [PoylBEnz] c.m.s.service.LoyaltyShippingService : Applied promo discount=2.0000000
INFO [PoylBEnz] c.m.s.service.LoyaltyShippingService : Discount total=4.0000000 capped=false netFreight=18.0000000
INFO [PoylBEnz] c.m.s.service.LoyaltyShippingService : Shipping calculation result grossFreight=22.00, totalSurcharges=0, finalFee=18.0000000
INFO [PoylBEnz] c.m.s.c.CheckoutShippingController : Shipping calculation completed with final fee 18.00
INFO [cwiFdjeW] c.m.s.c.CheckoutShippingController : Shipping calculation requested
INFO [cwiFdjeW] c.m.s.service.LoyaltyShippingService : Calculating shipping for country=CA, zip=M5V 2T6, cartTotal=20.0
INFO [cwiFdjeW] c.m.s.service.LoyaltyShippingService : Using database rate baseRate=18.00, regionalSurcharge=4.00
INFO [cwiFdjeW] c.m.s.service.LoyaltyShippingService : Applied tier=SILVER discount=2.000
INFO [cwiFdjeW] c.m.s.service.PromoEvaluatorService : Promo code NIGHTOWL10 rejected outside time window
INFO [cwiFdjeW] c.m.s.service.LoyaltyShippingService : Applied promo discount=0
INFO [cwiFdjeW] c.m.s.service.LoyaltyShippingService : Discount total=2.000 capped=false netFreight=20.000
INFO [cwiFdjeW] c.m.s.service.LoyaltyShippingService : Shipping calculation result grossFreight=22.00, totalSurcharges=0, finalFee=20.000
INFO [cwiFdjeW] c.m.s.c.CheckoutShippingController : Shipping calculation completed with final fee 20.00
INFO [4wmLgBjM] c.m.s.c.CheckoutShippingController : Shipping calculation requested
INFO [4wmLgBjM] c.m.s.service.LoyaltyShippingService : Calculating shipping for country=CA, zip=M5V 2T6, cartTotal=100.0
INFO [4wmLgBjM] c.m.s.service.LoyaltyShippingService : Using database rate baseRate=18.00, regionalSurcharge=4.00
INFO [4wmLgBjM] c.m.s.service.LoyaltyShippingService : Applied tier=SILVER discount=10.000
WARN [4wmLgBjM] c.m.s.service.PromoEvaluatorService : Promo code EXPIRED10 was not found or is inactive
INFO [4wmLgBjM] c.m.s.service.LoyaltyShippingService : Applied promo discount=0
INFO [4wmLgBjM] c.m.s.service.LoyaltyShippingService : Discount total=10.000 capped=false netFreight=12.000
INFO [4wmLgBjM] c.m.s.service.LoyaltyShippingService : Shipping calculation result grossFreight=22.00, totalSurcharges=0, finalFee=12.000
INFO [4wmLgBjM] c.m.s.c.CheckoutShippingController : Shipping calculation completed with final fee 12.00
INFO [bjN1YIRd] c.m.s.c.CheckoutShippingController : Shipping calculation requested
INFO [bjN1YIRd] c.m.s.service.LoyaltyShippingService : Calculating shipping for country=CA, zip=M5V 2T6, cartTotal=20.0
INFO [bjN1YIRd] c.m.s.service.LoyaltyShippingService : Using database rate baseRate=18.00, regionalSurcharge=4.00
INFO [bjN1YIRd] c.m.s.service.LoyaltyShippingService : Applied tier=GOLD discount=4.000
INFO [bjN1YIRd] c.m.s.service.PromoEvaluatorService : No promo code supplied
INFO [bjN1YIRd] c.m.s.service.LoyaltyShippingService : Applied promo discount=0
INFO [bjN1YIRd] c.m.s.service.LoyaltyShippingService : Discount total=4.000 capped=false netFreight=18.000
INFO [bjN1YIRd] c.m.s.service.LoyaltyShippingService : Shipping calculation result grossFreight=22.00, totalSurcharges=0, finalFee=18.000
INFO [bjN1YIRd] c.m.s.c.CheckoutShippingController : Shipping calculation completed with final fee 18.00
INFO [wP6J95Xo] c.m.s.c.CheckoutShippingController : Shipping calculation requested
INFO [wP6J95Xo] c.m.s.service.LoyaltyShippingService : Calculating shipping for country=CA, zip=M5V 2T6, cartTotal=40.0
INFO [wP6J95Xo] c.m.s.service.LoyaltyShippingService : Using database rate baseRate=18.00, regionalSurcharge=4.00
INFO [wP6J95Xo] c.m.s.service.LoyaltyShippingService : Applied tier=GOLD discount=8.000
INFO [wP6J95Xo] c.m.s.service.PromoEvaluatorService : Promo code SUMMER5 applied flat discount 5.0000
INFO [wP6J95Xo] c.m.s.service.LoyaltyShippingService : Applied promo discount=5.0000
INFO [wP6J95Xo] c.m.s.service.LoyaltyShippingService : Discount total=13.0000 capped=false netFreight=9.0000
INFO [wP6J95Xo] c.m.s.service.LoyaltyShippingService : Shipping calculation result grossFreight=22.00, totalSurcharges=0, finalFee=9.0000
INFO [wP6J95Xo] c.m.s.c.CheckoutShippingController : Shipping calculation completed with final fee 9.00
INFO [ayEr0qYM] c.m.s.c.CheckoutShippingController : Shipping calculation requested
INFO [ayEr0qYM] c.m.s.service.LoyaltyShippingService : Calculating shipping for country=CA, zip=M5V 2T6, cartTotal=30.0
INFO [ayEr0qYM] c.m.s.service.LoyaltyShippingService : Using database rate baseRate=18.00, regionalSurcharge=4.00
INFO [ayEr0qYM] c.m.s.service.LoyaltyShippingService : Applied tier=GOLD discount=6.000
INFO [ayEr0qYM] c.m.s.service.PromoEvaluatorService : Promo code WELCOME10 applied percentage discount
INFO [ayEr0qYM] c.m.s.service.LoyaltyShippingService : Applied promo discount=2.200000
INFO [ayEr0qYM] c.m.s.service.LoyaltyShippingService : Discount total=8.200000 capped=false netFreight=13.800000
INFO [ayEr0qYM] c.m.s.service.LoyaltyShippingService : Shipping calculation result grossFreight=22.00, totalSurcharges=0, finalFee=13.800000
INFO [ayEr0qYM] c.m.s.c.CheckoutShippingController : Shipping calculation completed with final fee 13.80
INFO [wKZBcqsp] c.m.s.c.CheckoutShippingController : Shipping calculation requested
INFO [wKZBcqsp] c.m.s.service.LoyaltyShippingService : Calculating shipping for country=CA, zip=M5V 2T6, cartTotal=100.0
INFO [wKZBcqsp] c.m.s.service.LoyaltyShippingService : Using database rate baseRate=18.00, regionalSurcharge=4.00
INFO [wKZBcqsp] c.m.s.service.LoyaltyShippingService : Applied tier=GOLD discount=20.000
INFO [wKZBcqsp] c.m.s.service.PromoEvaluatorService : Promo code VIP20 applied percentage discount
INFO [wKZBcqsp] c.m.s.service.LoyaltyShippingService : Applied promo discount=4.400000
INFO [wKZBcqsp] c.m.s.service.LoyaltyShippingService : Discount total=24.400000 capped=false netFreight=0
INFO [wKZBcqsp] c.m.s.service.LoyaltyShippingService : Shipping calculation result grossFreight=22.00, totalSurcharges=0, finalFee=0
INFO [wKZBcqsp] c.m.s.c.CheckoutShippingController : Shipping calculation completed with final fee 0.00
INFO [L4ImHATf] c.m.s.c.CheckoutShippingController : Shipping calculation requested
INFO [L4ImHATf] c.m.s.service.LoyaltyShippingService : Calculating shipping for country=CA, zip=M5V 2T6, cartTotal=40.0
INFO [L4ImHATf] c.m.s.service.LoyaltyShippingService : Using database rate baseRate=18.00, regionalSurcharge=4.00
INFO [L4ImHATf] c.m.s.service.LoyaltyShippingService : Applied tier=GOLD discount=8.000
INFO [L4ImHATf] c.m.s.service.PromoEvaluatorService : Promo code VIP20 rejected below cart minimum 50.00
INFO [L4ImHATf] c.m.s.service.LoyaltyShippingService : Applied promo discount=0
INFO [L4ImHATf] c.m.s.service.LoyaltyShippingService : Discount total=8.000 capped=false netFreight=14.000
INFO [L4ImHATf] c.m.s.service.LoyaltyShippingService : Shipping calculation result grossFreight=22.00, totalSurcharges=0, finalFee=14.000
INFO [L4ImHATf] c.m.s.c.CheckoutShippingController : Shipping calculation completed with final fee 14.00
INFO [1Bm1kMXG] c.m.s.c.CheckoutShippingController : Shipping calculation requested
INFO [1Bm1kMXG] c.m.s.service.LoyaltyShippingService : Calculating shipping for country=CA, zip=M5V 2T6, cartTotal=100.0
INFO [1Bm1kMXG] c.m.s.service.LoyaltyShippingService : Using database rate baseRate=18.00, regionalSurcharge=4.00
INFO [1Bm1kMXG] c.m.s.service.LoyaltyShippingService : Applied tier=GOLD discount=20.000
INFO [1Bm1kMXG] c.m.s.service.PromoEvaluatorService : Promo code FREESHIP10 applied flat discount 10.0000
INFO [1Bm1kMXG] c.m.s.service.LoyaltyShippingService : Applied promo discount=10.0000
INFO [1Bm1kMXG] c.m.s.service.LoyaltyShippingService : Discount total=30.0000 capped=false netFreight=0
INFO [1Bm1kMXG] c.m.s.service.LoyaltyShippingService : Shipping calculation result grossFreight=22.00, totalSurcharges=0, finalFee=0
INFO [1Bm1kMXG] c.m.s.c.CheckoutShippingController : Shipping calculation completed with final fee 0.00
INFO [UOzFc4mH] c.m.s.c.CheckoutShippingController : Shipping calculation requested
INFO [UOzFc4mH] c.m.s.service.LoyaltyShippingService : Calculating shipping for country=CA, zip=M5V 2T6, cartTotal=40.0
INFO [UOzFc4mH] c.m.s.service.LoyaltyShippingService : Using database rate baseRate=18.00, regionalSurcharge=4.00
INFO [UOzFc4mH] c.m.s.service.LoyaltyShippingService : Applied tier=GOLD discount=8.000
INFO [UOzFc4mH] c.m.s.service.PromoEvaluatorService : Promo code EARLYBIRD5 applied flat discount 5.0000
INFO [UOzFc4mH] c.m.s.service.LoyaltyShippingService : Applied promo discount=5.0000
INFO [UOzFc4mH] c.m.s.service.LoyaltyShippingService : Discount total=13.0000 capped=false netFreight=9.0000
INFO [UOzFc4mH] c.m.s.service.LoyaltyShippingService : Shipping calculation result grossFreight=22.00, totalSurcharges=0, finalFee=9.0000
INFO [UOzFc4mH] c.m.s.c.CheckoutShippingController : Shipping calculation completed with final fee 9.00
INFO [uxUmSNRW] c.m.s.c.CheckoutShippingController : Shipping calculation requested
INFO [uxUmSNRW] c.m.s.service.LoyaltyShippingService : Calculating shipping for country=CA, zip=M5V 2T6, cartTotal=30.0
INFO [uxUmSNRW] c.m.s.service.LoyaltyShippingService : Using database rate baseRate=18.00, regionalSurcharge=4.00
INFO [uxUmSNRW] c.m.s.service.LoyaltyShippingService : Applied tier=GOLD discount=6.000
INFO [uxUmSNRW] c.m.s.service.PromoEvaluatorService : Promo code EARLYBIRD5 rejected outside time window
INFO [uxUmSNRW] c.m.s.service.LoyaltyShippingService : Applied promo discount=0
INFO [uxUmSNRW] c.m.s.service.LoyaltyShippingService : Discount total=6.000 capped=false netFreight=16.000
INFO [uxUmSNRW] c.m.s.service.LoyaltyShippingService : Shipping calculation result grossFreight=22.00, totalSurcharges=0, finalFee=16.000
INFO [uxUmSNRW] c.m.s.c.CheckoutShippingController : Shipping calculation completed with final fee 16.00
INFO [5XUgINfF] c.m.s.c.CheckoutShippingController : Shipping calculation requested
INFO [5XUgINfF] c.m.s.service.LoyaltyShippingService : Calculating shipping for country=CA, zip=M5V 2T6, cartTotal=20.0
INFO [5XUgINfF] c.m.s.service.LoyaltyShippingService : Using database rate baseRate=18.00, regionalSurcharge=4.00
INFO [5XUgINfF] c.m.s.service.LoyaltyShippingService : Applied tier=GOLD discount=4.000
INFO [5XUgINfF] c.m.s.service.PromoEvaluatorService : Promo code NIGHTOWL10 applied remaining-fee percentage discount
INFO [5XUgINfF] c.m.s.service.LoyaltyShippingService : Applied promo discount=1.8000000
INFO [5XUgINfF] c.m.s.service.LoyaltyShippingService : Discount total=5.8000000 capped=false netFreight=16.2000000
INFO [5XUgINfF] c.m.s.service.LoyaltyShippingService : Shipping calculation result grossFreight=22.00, totalSurcharges=0, finalFee=16.2000000
INFO [5XUgINfF] c.m.s.c.CheckoutShippingController : Shipping calculation completed with final fee 16.20
INFO [aZOgjLh2] c.m.s.c.CheckoutShippingController : Shipping calculation requested
INFO [aZOgjLh2] c.m.s.service.LoyaltyShippingService : Calculating shipping for country=CA, zip=M5V 2T6, cartTotal=20.0
INFO [aZOgjLh2] c.m.s.service.LoyaltyShippingService : Using database rate baseRate=18.00, regionalSurcharge=4.00
INFO [aZOgjLh2] c.m.s.service.LoyaltyShippingService : Applied tier=GOLD discount=4.000
INFO [aZOgjLh2] c.m.s.service.PromoEvaluatorService : Promo code NIGHTOWL10 rejected outside time window
INFO [aZOgjLh2] c.m.s.service.LoyaltyShippingService : Applied promo discount=0
INFO [aZOgjLh2] c.m.s.service.LoyaltyShippingService : Discount total=4.000 capped=false netFreight=18.000
INFO [aZOgjLh2] c.m.s.service.LoyaltyShippingService : Shipping calculation result grossFreight=22.00, totalSurcharges=0, finalFee=18.000
INFO [aZOgjLh2] c.m.s.c.CheckoutShippingController : Shipping calculation completed with final fee 18.00
INFO [429BZ2TM] c.m.s.c.CheckoutShippingController : Shipping calculation requested
INFO [429BZ2TM] c.m.s.service.LoyaltyShippingService : Calculating shipping for country=CA, zip=M5V 2T6, cartTotal=100.0
INFO [429BZ2TM] c.m.s.service.LoyaltyShippingService : Using database rate baseRate=18.00, regionalSurcharge=4.00
INFO [429BZ2TM] c.m.s.service.LoyaltyShippingService : Applied tier=GOLD discount=20.000
WARN [429BZ2TM] c.m.s.service.PromoEvaluatorService : Promo code EXPIRED10 was not found or is inactive
INFO [429BZ2TM] c.m.s.service.LoyaltyShippingService : Applied promo discount=0
INFO [429BZ2TM] c.m.s.service.LoyaltyShippingService : Discount total=20.000 capped=false netFreight=2.000
INFO [429BZ2TM] c.m.s.service.LoyaltyShippingService : Shipping calculation result grossFreight=22.00, totalSurcharges=0, finalFee=2.000
INFO [429BZ2TM] c.m.s.c.CheckoutShippingController : Shipping calculation completed with final fee 2.00
INFO [PW84WqzD] c.m.s.c.CheckoutShippingController : Shipping calculation requested
INFO [PW84WqzD] c.m.s.service.LoyaltyShippingService : Calculating shipping for country=CA, zip=M5V 2T6, cartTotal=20.0
INFO [PW84WqzD] c.m.s.service.LoyaltyShippingService : Using database rate baseRate=18.00, regionalSurcharge=4.00
INFO [PW84WqzD] c.m.s.service.LoyaltyShippingService : Applied tier=VIP discount=6.000
INFO [PW84WqzD] c.m.s.service.PromoEvaluatorService : No promo code supplied
INFO [PW84WqzD] c.m.s.service.LoyaltyShippingService : Applied promo discount=0
INFO [PW84WqzD] c.m.s.service.LoyaltyShippingService : Discount total=6.000 capped=false netFreight=16.000
INFO [PW84WqzD] c.m.s.service.LoyaltyShippingService : Shipping calculation result grossFreight=22.00, totalSurcharges=0, finalFee=16.000
INFO [PW84WqzD] c.m.s.c.CheckoutShippingController : Shipping calculation completed with final fee 16.00
INFO [6ETPw3yK] c.m.s.c.CheckoutShippingController : Shipping calculation requested
INFO [6ETPw3yK] c.m.s.service.LoyaltyShippingService : Calculating shipping for country=CA, zip=M5V 2T6, cartTotal=40.0
INFO [6ETPw3yK] c.m.s.service.LoyaltyShippingService : Using database rate baseRate=18.00, regionalSurcharge=4.00
INFO [6ETPw3yK] c.m.s.service.LoyaltyShippingService : Applied tier=VIP discount=12.000
INFO [6ETPw3yK] c.m.s.service.PromoEvaluatorService : Promo code SUMMER5 applied flat discount 5.0000
INFO [6ETPw3yK] c.m.s.service.LoyaltyShippingService : Applied promo discount=5.0000
INFO [6ETPw3yK] c.m.s.service.LoyaltyShippingService : Discount total=17.0000 capped=false netFreight=5.0000
INFO [6ETPw3yK] c.m.s.service.LoyaltyShippingService : Shipping calculation result grossFreight=22.00, totalSurcharges=0, finalFee=5.0000
INFO [6ETPw3yK] c.m.s.c.CheckoutShippingController : Shipping calculation completed with final fee 5.00
INFO [ZoEBoUpA] c.m.s.c.CheckoutShippingController : Shipping calculation requested
INFO [ZoEBoUpA] c.m.s.service.LoyaltyShippingService : Calculating shipping for country=CA, zip=M5V 2T6, cartTotal=30.0
INFO [ZoEBoUpA] c.m.s.service.LoyaltyShippingService : Using database rate baseRate=18.00, regionalSurcharge=4.00
INFO [ZoEBoUpA] c.m.s.service.LoyaltyShippingService : Applied tier=VIP discount=9.000
INFO [ZoEBoUpA] c.m.s.service.PromoEvaluatorService : Promo code WELCOME10 applied percentage discount
INFO [ZoEBoUpA] c.m.s.service.LoyaltyShippingService : Applied promo discount=2.200000
INFO [ZoEBoUpA] c.m.s.service.LoyaltyShippingService : Discount total=11.200000 capped=false netFreight=10.800000
INFO [ZoEBoUpA] c.m.s.service.LoyaltyShippingService : Shipping calculation result grossFreight=22.00, totalSurcharges=0, finalFee=10.800000
INFO [ZoEBoUpA] c.m.s.c.CheckoutShippingController : Shipping calculation completed with final fee 10.80
INFO [hHdUUfgO] c.m.s.c.CheckoutShippingController : Shipping calculation requested
INFO [hHdUUfgO] c.m.s.service.LoyaltyShippingService : Calculating shipping for country=CA, zip=M5V 2T6, cartTotal=100.0
INFO [hHdUUfgO] c.m.s.service.LoyaltyShippingService : Using database rate baseRate=18.00, regionalSurcharge=4.00
INFO [hHdUUfgO] c.m.s.service.LoyaltyShippingService : Applied tier=VIP discount=30.000
INFO [hHdUUfgO] c.m.s.service.PromoEvaluatorService : Promo code VIP20 applied percentage discount
INFO [hHdUUfgO] c.m.s.service.LoyaltyShippingService : Applied promo discount=4.400000
INFO [hHdUUfgO] c.m.s.service.LoyaltyShippingService : Discount total=34.400000 capped=false netFreight=0
INFO [hHdUUfgO] c.m.s.service.LoyaltyShippingService : Shipping calculation result grossFreight=22.00, totalSurcharges=0, finalFee=0
INFO [hHdUUfgO] c.m.s.c.CheckoutShippingController : Shipping calculation completed with final fee 0.00
INFO [BLimgFS3] c.m.s.c.CheckoutShippingController : Shipping calculation requested
INFO [BLimgFS3] c.m.s.service.LoyaltyShippingService : Calculating shipping for country=CA, zip=M5V 2T6, cartTotal=40.0
INFO [BLimgFS3] c.m.s.service.LoyaltyShippingService : Using database rate baseRate=18.00, regionalSurcharge=4.00
INFO [BLimgFS3] c.m.s.service.LoyaltyShippingService : Applied tier=VIP discount=12.000
INFO [BLimgFS3] c.m.s.service.PromoEvaluatorService : Promo code VIP20 rejected below cart minimum 50.00
INFO [BLimgFS3] c.m.s.service.LoyaltyShippingService : Applied promo discount=0
INFO [BLimgFS3] c.m.s.service.LoyaltyShippingService : Discount total=12.000 capped=false netFreight=10.000
INFO [BLimgFS3] c.m.s.service.LoyaltyShippingService : Shipping calculation result grossFreight=22.00, totalSurcharges=0, finalFee=10.000
INFO [BLimgFS3] c.m.s.c.CheckoutShippingController : Shipping calculation completed with final fee 10.00
INFO [vmojCoCM] c.m.s.c.CheckoutShippingController : Shipping calculation requested
INFO [vmojCoCM] c.m.s.service.LoyaltyShippingService : Calculating shipping for country=CA, zip=M5V 2T6, cartTotal=100.0
INFO [vmojCoCM] c.m.s.service.LoyaltyShippingService : Using database rate baseRate=18.00, regionalSurcharge=4.00
INFO [vmojCoCM] c.m.s.service.LoyaltyShippingService : Applied tier=VIP discount=30.000
INFO [vmojCoCM] c.m.s.service.PromoEvaluatorService : Promo code FREESHIP10 applied flat discount 10.0000
INFO [vmojCoCM] c.m.s.service.LoyaltyShippingService : Applied promo discount=10.0000
INFO [vmojCoCM] c.m.s.service.LoyaltyShippingService : Discount total=40.0000 capped=false netFreight=0
INFO [vmojCoCM] c.m.s.service.LoyaltyShippingService : Shipping calculation result grossFreight=22.00, totalSurcharges=0, finalFee=0
INFO [vmojCoCM] c.m.s.c.CheckoutShippingController : Shipping calculation completed with final fee 0.00
INFO [E9OiPqPz] c.m.s.c.CheckoutShippingController : Shipping calculation requested
INFO [E9OiPqPz] c.m.s.service.LoyaltyShippingService : Calculating shipping for country=CA, zip=M5V 2T6, cartTotal=40.0
INFO [E9OiPqPz] c.m.s.service.LoyaltyShippingService : Using database rate baseRate=18.00, regionalSurcharge=4.00
INFO [E9OiPqPz] c.m.s.service.LoyaltyShippingService : Applied tier=VIP discount=12.000
INFO [E9OiPqPz] c.m.s.service.PromoEvaluatorService : Promo code EARLYBIRD5 applied flat discount 5.0000
INFO [E9OiPqPz] c.m.s.service.LoyaltyShippingService : Applied promo discount=5.0000
INFO [E9OiPqPz] c.m.s.service.LoyaltyShippingService : Discount total=17.0000 capped=false netFreight=5.0000
INFO [E9OiPqPz] c.m.s.service.LoyaltyShippingService : Shipping calculation result grossFreight=22.00, totalSurcharges=0, finalFee=5.0000
INFO [E9OiPqPz] c.m.s.c.CheckoutShippingController : Shipping calculation completed with final fee 5.00
INFO [9uyFrT7N] c.m.s.c.CheckoutShippingController : Shipping calculation requested
INFO [9uyFrT7N] c.m.s.service.LoyaltyShippingService : Calculating shipping for country=CA, zip=M5V 2T6, cartTotal=30.0
INFO [9uyFrT7N] c.m.s.service.LoyaltyShippingService : Using database rate baseRate=18.00, regionalSurcharge=4.00
INFO [9uyFrT7N] c.m.s.service.LoyaltyShippingService : Applied tier=VIP discount=9.000
INFO [9uyFrT7N] c.m.s.service.PromoEvaluatorService : Promo code EARLYBIRD5 rejected outside time window
INFO [9uyFrT7N] c.m.s.service.LoyaltyShippingService : Applied promo discount=0
INFO [9uyFrT7N] c.m.s.service.LoyaltyShippingService : Discount total=9.000 capped=false netFreight=13.000
INFO [9uyFrT7N] c.m.s.service.LoyaltyShippingService : Shipping calculation result grossFreight=22.00, totalSurcharges=0, finalFee=13.000
INFO [9uyFrT7N] c.m.s.c.CheckoutShippingController : Shipping calculation completed with final fee 13.00
INFO [e32IowoL] c.m.s.c.CheckoutShippingController : Shipping calculation requested
INFO [e32IowoL] c.m.s.service.LoyaltyShippingService : Calculating shipping for country=CA, zip=M5V 2T6, cartTotal=20.0
INFO [e32IowoL] c.m.s.service.LoyaltyShippingService : Using database rate baseRate=18.00, regionalSurcharge=4.00
INFO [e32IowoL] c.m.s.service.LoyaltyShippingService : Applied tier=VIP discount=6.000
INFO [e32IowoL] c.m.s.service.PromoEvaluatorService : Promo code NIGHTOWL10 applied remaining-fee percentage discount
INFO [e32IowoL] c.m.s.service.LoyaltyShippingService : Applied promo discount=1.6000000
INFO [e32IowoL] c.m.s.service.LoyaltyShippingService : Discount total=7.6000000 capped=false netFreight=14.4000000
INFO [e32IowoL] c.m.s.service.LoyaltyShippingService : Shipping calculation result grossFreight=22.00, totalSurcharges=0, finalFee=14.4000000
INFO [e32IowoL] c.m.s.c.CheckoutShippingController : Shipping calculation completed with final fee 14.40
INFO [zVYwEzAX] c.m.s.c.CheckoutShippingController : Shipping calculation requested
INFO [zVYwEzAX] c.m.s.service.LoyaltyShippingService : Calculating shipping for country=CA, zip=M5V 2T6, cartTotal=20.0
INFO [zVYwEzAX] c.m.s.service.LoyaltyShippingService : Using database rate baseRate=18.00, regionalSurcharge=4.00
INFO [zVYwEzAX] c.m.s.service.LoyaltyShippingService : Applied tier=VIP discount=6.000
INFO [zVYwEzAX] c.m.s.service.PromoEvaluatorService : Promo code NIGHTOWL10 rejected outside time window
INFO [zVYwEzAX] c.m.s.service.LoyaltyShippingService : Applied promo discount=0
INFO [zVYwEzAX] c.m.s.service.LoyaltyShippingService : Discount total=6.000 capped=false netFreight=16.000
INFO [zVYwEzAX] c.m.s.service.LoyaltyShippingService : Shipping calculation result grossFreight=22.00, totalSurcharges=0, finalFee=16.000
INFO [zVYwEzAX] c.m.s.c.CheckoutShippingController : Shipping calculation completed with final fee 16.00
INFO [bsqW4SWe] c.m.s.c.CheckoutShippingController : Shipping calculation requested
INFO [bsqW4SWe] c.m.s.service.LoyaltyShippingService : Calculating shipping for country=CA, zip=M5V 2T6, cartTotal=100.0
INFO [bsqW4SWe] c.m.s.service.LoyaltyShippingService : Using database rate baseRate=18.00, regionalSurcharge=4.00
INFO [bsqW4SWe] c.m.s.service.LoyaltyShippingService : Applied tier=VIP discount=30.000
WARN [bsqW4SWe] c.m.s.service.PromoEvaluatorService : Promo code EXPIRED10 was not found or is inactive
INFO [bsqW4SWe] c.m.s.service.LoyaltyShippingService : Applied promo discount=0
INFO [bsqW4SWe] c.m.s.service.LoyaltyShippingService : Discount total=30.000 capped=false netFreight=0
INFO [bsqW4SWe] c.m.s.service.LoyaltyShippingService : Shipping calculation result grossFreight=22.00, totalSurcharges=0, finalFee=0
INFO [bsqW4SWe] c.m.s.c.CheckoutShippingController : Shipping calculation completed with final fee 0.00
INFO [karnY2hP] c.m.s.c.CheckoutShippingController : Shipping calculation requested
INFO [karnY2hP] c.m.s.service.LoyaltyShippingService : Calculating shipping for country=BR, zip=01001-000, cartTotal=20.0
INFO [karnY2hP] c.m.s.service.LoyaltyShippingService : Using database rate baseRate=20.00, regionalSurcharge=0.00
INFO [karnY2hP] c.m.s.service.LoyaltyShippingService : Applied tier=STANDARD discount=0.0
INFO [karnY2hP] c.m.s.service.PromoEvaluatorService : No promo code supplied
INFO [karnY2hP] c.m.s.service.LoyaltyShippingService : Applied promo discount=0
INFO [karnY2hP] c.m.s.service.LoyaltyShippingService : Discount total=0.0 capped=false netFreight=20.00
INFO [karnY2hP] c.m.s.service.LoyaltyShippingService : Calculated Brazil taxes importTax=8.0000, icmsTax=5.734933
INFO [karnY2hP] c.m.s.service.LoyaltyShippingService : Shipping calculation result grossFreight=20.00, totalSurcharges=13.734933, finalFee=33.734933
INFO [karnY2hP] c.m.s.c.CheckoutShippingController : Shipping calculation completed with final fee 33.73
INFO [v6JcsZHi] c.m.s.c.CheckoutShippingController : Shipping calculation requested
INFO [v6JcsZHi] c.m.s.service.LoyaltyShippingService : Calculating shipping for country=BR, zip=01001-000, cartTotal=40.0
INFO [v6JcsZHi] c.m.s.service.LoyaltyShippingService : Using database rate baseRate=20.00, regionalSurcharge=0.00
INFO [v6JcsZHi] c.m.s.service.LoyaltyShippingService : Applied tier=STANDARD discount=0.0
INFO [v6JcsZHi] c.m.s.service.PromoEvaluatorService : Promo code SUMMER5 applied flat discount 5.0000
INFO [v6JcsZHi] c.m.s.service.LoyaltyShippingService : Applied promo discount=5.0000
INFO [v6JcsZHi] c.m.s.service.LoyaltyShippingService : Discount total=5.0000 capped=false netFreight=15.0000
INFO [v6JcsZHi] c.m.s.service.LoyaltyShippingService : Calculated Brazil taxes importTax=13.000000, icmsTax=5.734933
INFO [v6JcsZHi] c.m.s.service.LoyaltyShippingService : Shipping calculation result grossFreight=20.00, totalSurcharges=18.734933, finalFee=33.734933
INFO [v6JcsZHi] c.m.s.c.CheckoutShippingController : Shipping calculation completed with final fee 33.73
INFO [tiakfOkB] c.m.s.c.CheckoutShippingController : Shipping calculation requested
INFO [tiakfOkB] c.m.s.service.LoyaltyShippingService : Calculating shipping for country=BR, zip=01001-000, cartTotal=30.0
INFO [tiakfOkB] c.m.s.service.LoyaltyShippingService : Using database rate baseRate=20.00, regionalSurcharge=0.00
INFO [tiakfOkB] c.m.s.service.LoyaltyShippingService : Applied tier=STANDARD discount=0.0
INFO [tiakfOkB] c.m.s.service.PromoEvaluatorService : Promo code WELCOME10 applied percentage discount
INFO [tiakfOkB] c.m.s.service.LoyaltyShippingService : Applied promo discount=2.000000
INFO [tiakfOkB] c.m.s.service.LoyaltyShippingService : Discount total=2.000000 capped=false netFreight=18.000000
INFO [tiakfOkB] c.m.s.service.LoyaltyShippingService : Calculated Brazil taxes importTax=9.60000000, icmsTax=5.653010
INFO [tiakfOkB] c.m.s.service.LoyaltyShippingService : Shipping calculation result grossFreight=20.00, totalSurcharges=15.25301000, finalFee=33.25301000
INFO [tiakfOkB] c.m.s.c.CheckoutShippingController : Shipping calculation completed with final fee 33.25
INFO [d4XY7bNs] c.m.s.c.CheckoutShippingController : Shipping calculation requested
INFO [d4XY7bNs] c.m.s.service.LoyaltyShippingService : Calculating shipping for country=BR, zip=01001-000, cartTotal=100.0
INFO [d4XY7bNs] c.m.s.service.LoyaltyShippingService : Using database rate baseRate=20.00, regionalSurcharge=0.00
INFO [d4XY7bNs] c.m.s.service.LoyaltyShippingService : Applied tier=STANDARD discount=0.0
INFO [d4XY7bNs] c.m.s.service.PromoEvaluatorService : Promo code VIP20 applied percentage discount
INFO [d4XY7bNs] c.m.s.service.LoyaltyShippingService : Applied promo discount=4.000000
INFO [d4XY7bNs] c.m.s.service.LoyaltyShippingService : Discount total=4.000000 capped=false netFreight=16.000000
INFO [d4XY7bNs] c.m.s.service.LoyaltyShippingService : Calculated Brazil taxes importTax=49.60000000, icmsTax=13.436137
INFO [d4XY7bNs] c.m.s.service.LoyaltyShippingService : Shipping calculation result grossFreight=20.00, totalSurcharges=63.03613700, finalFee=79.03613700
INFO [d4XY7bNs] c.m.s.c.CheckoutShippingController : Shipping calculation completed with final fee 79.04
INFO [jZI2ea0P] c.m.s.c.CheckoutShippingController : Shipping calculation requested
INFO [jZI2ea0P] c.m.s.service.LoyaltyShippingService : Calculating shipping for country=BR, zip=01001-000, cartTotal=40.0
INFO [jZI2ea0P] c.m.s.service.LoyaltyShippingService : Using database rate baseRate=20.00, regionalSurcharge=0.00
INFO [jZI2ea0P] c.m.s.service.LoyaltyShippingService : Applied tier=STANDARD discount=0.0
INFO [jZI2ea0P] c.m.s.service.PromoEvaluatorService : Promo code VIP20 rejected below cart minimum 50.00
INFO [jZI2ea0P] c.m.s.service.LoyaltyShippingService : Applied promo discount=0
INFO [jZI2ea0P] c.m.s.service.LoyaltyShippingService : Discount total=0.0 capped=false netFreight=20.00
INFO [jZI2ea0P] c.m.s.service.LoyaltyShippingService : Calculated Brazil taxes importTax=16.0000, icmsTax=7.373495
INFO [jZI2ea0P] c.m.s.service.LoyaltyShippingService : Shipping calculation result grossFreight=20.00, totalSurcharges=23.373495, finalFee=43.373495
INFO [jZI2ea0P] c.m.s.c.CheckoutShippingController : Shipping calculation completed with final fee 43.37
INFO [nl7ogaF2] c.m.s.c.CheckoutShippingController : Shipping calculation requested
INFO [nl7ogaF2] c.m.s.service.LoyaltyShippingService : Calculating shipping for country=BR, zip=01001-000, cartTotal=100.0
INFO [nl7ogaF2] c.m.s.service.LoyaltyShippingService : Using database rate baseRate=20.00, regionalSurcharge=0.00
INFO [nl7ogaF2] c.m.s.service.LoyaltyShippingService : Applied tier=STANDARD discount=0.0
INFO [nl7ogaF2] c.m.s.service.PromoEvaluatorService : Promo code FREESHIP10 applied flat discount 10.0000
INFO [nl7ogaF2] c.m.s.service.LoyaltyShippingService : Applied promo discount=10.0000
INFO [nl7ogaF2] c.m.s.service.LoyaltyShippingService : Discount total=10.0000 capped=false netFreight=10.0000
INFO [nl7ogaF2] c.m.s.service.LoyaltyShippingService : Calculated Brazil taxes importTax=46.000000, icmsTax=11.469883
INFO [nl7ogaF2] c.m.s.service.LoyaltyShippingService : Shipping calculation result grossFreight=20.00, totalSurcharges=57.469883, finalFee=67.469883
INFO [nl7ogaF2] c.m.s.c.CheckoutShippingController : Shipping calculation completed with final fee 67.47
INFO [KwYLyNr4] c.m.s.c.CheckoutShippingController : Shipping calculation requested
INFO [KwYLyNr4] c.m.s.service.LoyaltyShippingService : Calculating shipping for country=BR, zip=01001-000, cartTotal=40.0
INFO [KwYLyNr4] c.m.s.service.LoyaltyShippingService : Using database rate baseRate=20.00, regionalSurcharge=0.00
INFO [KwYLyNr4] c.m.s.service.LoyaltyShippingService : Applied tier=STANDARD discount=0.0
INFO [KwYLyNr4] c.m.s.service.PromoEvaluatorService : Promo code EARLYBIRD5 applied flat discount 5.0000
INFO [KwYLyNr4] c.m.s.service.LoyaltyShippingService : Applied promo discount=5.0000
INFO [KwYLyNr4] c.m.s.service.LoyaltyShippingService : Discount total=5.0000 capped=false netFreight=15.0000
INFO [KwYLyNr4] c.m.s.service.LoyaltyShippingService : Calculated Brazil taxes importTax=13.000000, icmsTax=5.734933
INFO [KwYLyNr4] c.m.s.service.LoyaltyShippingService : Shipping calculation result grossFreight=20.00, totalSurcharges=18.734933, finalFee=33.734933
INFO [KwYLyNr4] c.m.s.c.CheckoutShippingController : Shipping calculation completed with final fee 33.73
INFO [ZTxeDR4w] c.m.s.c.CheckoutShippingController : Shipping calculation requested
INFO [ZTxeDR4w] c.m.s.service.LoyaltyShippingService : Calculating shipping for country=BR, zip=01001-000, cartTotal=30.0
INFO [ZTxeDR4w] c.m.s.service.LoyaltyShippingService : Using database rate baseRate=20.00, regionalSurcharge=0.00
INFO [ZTxeDR4w] c.m.s.service.LoyaltyShippingService : Applied tier=STANDARD discount=0.0
INFO [ZTxeDR4w] c.m.s.service.PromoEvaluatorService : Promo code EARLYBIRD5 rejected outside time window
INFO [ZTxeDR4w] c.m.s.service.LoyaltyShippingService : Applied promo discount=0
INFO [ZTxeDR4w] c.m.s.service.LoyaltyShippingService : Discount total=0.0 capped=false netFreight=20.00
INFO [ZTxeDR4w] c.m.s.service.LoyaltyShippingService : Calculated Brazil taxes importTax=10.0000, icmsTax=6.144582
INFO [ZTxeDR4w] c.m.s.service.LoyaltyShippingService : Shipping calculation result grossFreight=20.00, totalSurcharges=16.144582, finalFee=36.144582
INFO [ZTxeDR4w] c.m.s.c.CheckoutShippingController : Shipping calculation completed with final fee 36.14
INFO [e94fkGSF] c.m.s.c.CheckoutShippingController : Shipping calculation requested
INFO [e94fkGSF] c.m.s.service.LoyaltyShippingService : Calculating shipping for country=BR, zip=01001-000, cartTotal=20.0
INFO [e94fkGSF] c.m.s.service.LoyaltyShippingService : Using database rate baseRate=20.00, regionalSurcharge=0.00
INFO [e94fkGSF] c.m.s.service.LoyaltyShippingService : Applied tier=STANDARD discount=0.0
INFO [e94fkGSF] c.m.s.service.PromoEvaluatorService : Promo code NIGHTOWL10 applied remaining-fee percentage discount
INFO [e94fkGSF] c.m.s.service.LoyaltyShippingService : Applied promo discount=2.000000
INFO [e94fkGSF] c.m.s.service.LoyaltyShippingService : Discount total=2.000000 capped=false netFreight=18.000000
INFO [e94fkGSF] c.m.s.service.LoyaltyShippingService : Calculated Brazil taxes importTax=7.60000000, icmsTax=5.243378
INFO [e94fkGSF] c.m.s.service.LoyaltyShippingService : Shipping calculation result grossFreight=20.00, totalSurcharges=12.84337800, finalFee=30.84337800
INFO [e94fkGSF] c.m.s.c.CheckoutShippingController : Shipping calculation completed with final fee 30.84
INFO [iRKkCxTy] c.m.s.c.CheckoutShippingController : Shipping calculation requested
INFO [iRKkCxTy] c.m.s.service.LoyaltyShippingService : Calculating shipping for country=BR, zip=01001-000, cartTotal=20.0
INFO [iRKkCxTy] c.m.s.service.LoyaltyShippingService : Using database rate baseRate=20.00, regionalSurcharge=0.00
INFO [iRKkCxTy] c.m.s.service.LoyaltyShippingService : Applied tier=STANDARD discount=0.0
INFO [iRKkCxTy] c.m.s.service.PromoEvaluatorService : Promo code NIGHTOWL10 rejected outside time window
INFO [iRKkCxTy] c.m.s.service.LoyaltyShippingService : Applied promo discount=0
INFO [iRKkCxTy] c.m.s.service.LoyaltyShippingService : Discount total=0.0 capped=false netFreight=20.00
INFO [iRKkCxTy] c.m.s.service.LoyaltyShippingService : Calculated Brazil taxes importTax=8.0000, icmsTax=5.734933
INFO [iRKkCxTy] c.m.s.service.LoyaltyShippingService : Shipping calculation result grossFreight=20.00, totalSurcharges=13.734933, finalFee=33.734933
INFO [iRKkCxTy] c.m.s.c.CheckoutShippingController : Shipping calculation completed with final fee 33.73
INFO [lgPd7v4R] c.m.s.c.CheckoutShippingController : Shipping calculation requested
INFO [lgPd7v4R] c.m.s.service.LoyaltyShippingService : Calculating shipping for country=BR, zip=01001-000, cartTotal=100.0
INFO [lgPd7v4R] c.m.s.service.LoyaltyShippingService : Using database rate baseRate=20.00, regionalSurcharge=0.00
INFO [lgPd7v4R] c.m.s.service.LoyaltyShippingService : Applied tier=STANDARD discount=0.0
WARN [lgPd7v4R] c.m.s.service.PromoEvaluatorService : Promo code EXPIRED10 was not found or is inactive
INFO [lgPd7v4R] c.m.s.service.LoyaltyShippingService : Applied promo discount=0
INFO [lgPd7v4R] c.m.s.service.LoyaltyShippingService : Discount total=0.0 capped=false netFreight=20.00
INFO [lgPd7v4R] c.m.s.service.LoyaltyShippingService : Calculated Brazil taxes importTax=52.0000, icmsTax=14.746990
INFO [lgPd7v4R] c.m.s.service.LoyaltyShippingService : Shipping calculation result grossFreight=20.00, totalSurcharges=66.746990, finalFee=86.746990
INFO [lgPd7v4R] c.m.s.c.CheckoutShippingController : Shipping calculation completed with final fee 86.75
INFO [z2l08XIp] c.m.s.c.CheckoutShippingController : Shipping calculation requested
INFO [z2l08XIp] c.m.s.service.LoyaltyShippingService : Calculating shipping for country=BR, zip=01001-000, cartTotal=20.0
INFO [z2l08XIp] c.m.s.service.LoyaltyShippingService : Using database rate baseRate=20.00, regionalSurcharge=0.00
INFO [z2l08XIp] c.m.s.service.LoyaltyShippingService : Applied tier=SILVER discount=2.000
INFO [z2l08XIp] c.m.s.service.PromoEvaluatorService : No promo code supplied
INFO [z2l08XIp] c.m.s.service.LoyaltyShippingService : Applied promo discount=0
INFO [z2l08XIp] c.m.s.service.LoyaltyShippingService : Discount total=2.000 capped=false netFreight=18.000
INFO [z2l08XIp] c.m.s.service.LoyaltyShippingService : Calculated Brazil taxes importTax=7.60000, icmsTax=5.243378
INFO [z2l08XIp] c.m.s.service.LoyaltyShippingService : Shipping calculation result grossFreight=20.00, totalSurcharges=12.843378, finalFee=30.843378
INFO [z2l08XIp] c.m.s.c.CheckoutShippingController : Shipping calculation completed with final fee 30.84
INFO [mDkN19gT] c.m.s.c.CheckoutShippingController : Shipping calculation requested
INFO [mDkN19gT] c.m.s.service.LoyaltyShippingService : Calculating shipping for country=BR, zip=01001-000, cartTotal=40.0
INFO [mDkN19gT] c.m.s.service.LoyaltyShippingService : Using database rate baseRate=20.00, regionalSurcharge=0.00
INFO [mDkN19gT] c.m.s.service.LoyaltyShippingService : Applied tier=SILVER discount=4.000
INFO [mDkN19gT] c.m.s.service.PromoEvaluatorService : Promo code SUMMER5 applied flat discount 5.0000
INFO [mDkN19gT] c.m.s.service.LoyaltyShippingService : Applied promo discount=5.0000
INFO [mDkN19gT] c.m.s.service.LoyaltyShippingService : Discount total=9.0000 capped=false netFreight=11.0000
INFO [mDkN19gT] c.m.s.service.LoyaltyShippingService : Calculated Brazil taxes importTax=10.600000, icmsTax=4.424097
INFO [mDkN19gT] c.m.s.service.LoyaltyShippingService : Shipping calculation result grossFreight=20.00, totalSurcharges=15.024097, finalFee=26.024097
INFO [mDkN19gT] c.m.s.c.CheckoutShippingController : Shipping calculation completed with final fee 26.02
INFO [ROoD9nWu] c.m.s.c.CheckoutShippingController : Shipping calculation requested
INFO [ROoD9nWu] c.m.s.service.LoyaltyShippingService : Calculating shipping for country=BR, zip=01001-000, cartTotal=30.0
INFO [ROoD9nWu] c.m.s.service.LoyaltyShippingService : Using database rate baseRate=20.00, regionalSurcharge=0.00
INFO [ROoD9nWu] c.m.s.service.LoyaltyShippingService : Applied tier=SILVER discount=3.000
INFO [ROoD9nWu] c.m.s.service.PromoEvaluatorService : Promo code WELCOME10 applied percentage discount
INFO [ROoD9nWu] c.m.s.service.LoyaltyShippingService : Applied promo discount=2.000000
INFO [ROoD9nWu] c.m.s.service.LoyaltyShippingService : Discount total=5.000000 capped=false netFreight=15.000000
INFO [ROoD9nWu] c.m.s.service.LoyaltyShippingService : Calculated Brazil taxes importTax=9.00000000, icmsTax=4.915669
INFO [ROoD9nWu] c.m.s.service.LoyaltyShippingService : Shipping calculation result grossFreight=20.00, totalSurcharges=13.91566900, finalFee=28.91566900
INFO [ROoD9nWu] c.m.s.c.CheckoutShippingController : Shipping calculation completed with final fee 28.92
INFO [6wr4pbxO] c.m.s.c.CheckoutShippingController : Shipping calculation requested
INFO [6wr4pbxO] c.m.s.service.LoyaltyShippingService : Calculating shipping for country=BR, zip=01001-000, cartTotal=100.0
INFO [6wr4pbxO] c.m.s.service.LoyaltyShippingService : Using database rate baseRate=20.00, regionalSurcharge=0.00
INFO [6wr4pbxO] c.m.s.service.LoyaltyShippingService : Applied tier=SILVER discount=10.000
INFO [6wr4pbxO] c.m.s.service.PromoEvaluatorService : Promo code VIP20 applied percentage discount
INFO [6wr4pbxO] c.m.s.service.LoyaltyShippingService : Applied promo discount=4.000000
INFO [6wr4pbxO] c.m.s.service.LoyaltyShippingService : Discount total=14.000000 capped=false netFreight=6.000000
INFO [6wr4pbxO] c.m.s.service.LoyaltyShippingService : Calculated Brazil taxes importTax=43.60000000, icmsTax=10.159030
INFO [6wr4pbxO] c.m.s.service.LoyaltyShippingService : Shipping calculation result grossFreight=20.00, totalSurcharges=53.75903000, finalFee=59.75903000
INFO [6wr4pbxO] c.m.s.c.CheckoutShippingController : Shipping calculation completed with final fee 59.76
INFO [SVKtBrHz] c.m.s.c.CheckoutShippingController : Shipping calculation requested
INFO [SVKtBrHz] c.m.s.service.LoyaltyShippingService : Calculating shipping for country=BR, zip=01001-000, cartTotal=40.0
INFO [SVKtBrHz] c.m.s.service.LoyaltyShippingService : Using database rate baseRate=20.00, regionalSurcharge=0.00
INFO [SVKtBrHz] c.m.s.service.LoyaltyShippingService : Applied tier=SILVER discount=4.000
INFO [SVKtBrHz] c.m.s.service.PromoEvaluatorService : Promo code VIP20 rejected below cart minimum 50.00
INFO [SVKtBrHz] c.m.s.service.LoyaltyShippingService : Applied promo discount=0
INFO [SVKtBrHz] c.m.s.service.LoyaltyShippingService : Discount total=4.000 capped=false netFreight=16.000
INFO [SVKtBrHz] c.m.s.service.LoyaltyShippingService : Calculated Brazil taxes importTax=13.60000, icmsTax=6.062659
INFO [SVKtBrHz] c.m.s.service.LoyaltyShippingService : Shipping calculation result grossFreight=20.00, totalSurcharges=19.662659, finalFee=35.662659
INFO [SVKtBrHz] c.m.s.c.CheckoutShippingController : Shipping calculation completed with final fee 35.66
INFO [ZYDzBKPV] c.m.s.c.CheckoutShippingController : Shipping calculation requested
INFO [ZYDzBKPV] c.m.s.service.LoyaltyShippingService : Calculating shipping for country=BR, zip=01001-000, cartTotal=100.0
INFO [ZYDzBKPV] c.m.s.service.LoyaltyShippingService : Using database rate baseRate=20.00, regionalSurcharge=0.00
INFO [ZYDzBKPV] c.m.s.service.LoyaltyShippingService : Applied tier=SILVER discount=10.000
INFO [ZYDzBKPV] c.m.s.service.PromoEvaluatorService : Promo code FREESHIP10 applied flat discount 10.0000
INFO [ZYDzBKPV] c.m.s.service.LoyaltyShippingService : Applied promo discount=10.0000
INFO [ZYDzBKPV] c.m.s.service.LoyaltyShippingService : Discount total=20.0000 capped=false netFreight=0.0000
INFO [ZYDzBKPV] c.m.s.service.LoyaltyShippingService : Calculated Brazil taxes importTax=40.000000, icmsTax=8.192776
INFO [ZYDzBKPV] c.m.s.service.LoyaltyShippingService : Shipping calculation result grossFreight=20.00, totalSurcharges=48.192776, finalFee=48.192776
INFO [ZYDzBKPV] c.m.s.c.CheckoutShippingController : Shipping calculation completed with final fee 48.19
INFO [YscDsupr] c.m.s.c.CheckoutShippingController : Shipping calculation requested
INFO [YscDsupr] c.m.s.service.LoyaltyShippingService : Calculating shipping for country=BR, zip=01001-000, cartTotal=40.0
INFO [YscDsupr] c.m.s.service.LoyaltyShippingService : Using database rate baseRate=20.00, regionalSurcharge=0.00
INFO [YscDsupr] c.m.s.service.LoyaltyShippingService : Applied tier=SILVER discount=4.000
INFO [YscDsupr] c.m.s.service.PromoEvaluatorService : Promo code EARLYBIRD5 applied flat discount 5.0000
INFO [YscDsupr] c.m.s.service.LoyaltyShippingService : Applied promo discount=5.0000
INFO [YscDsupr] c.m.s.service.LoyaltyShippingService : Discount total=9.0000 capped=false netFreight=11.0000
INFO [YscDsupr] c.m.s.service.LoyaltyShippingService : Calculated Brazil taxes importTax=10.600000, icmsTax=4.424097
INFO [YscDsupr] c.m.s.service.LoyaltyShippingService : Shipping calculation result grossFreight=20.00, totalSurcharges=15.024097, finalFee=26.024097
INFO [YscDsupr] c.m.s.c.CheckoutShippingController : Shipping calculation completed with final fee 26.02
INFO [pUrWBIoY] c.m.s.c.CheckoutShippingController : Shipping calculation requested
INFO [pUrWBIoY] c.m.s.service.LoyaltyShippingService : Calculating shipping for country=BR, zip=01001-000, cartTotal=30.0
INFO [pUrWBIoY] c.m.s.service.LoyaltyShippingService : Using database rate baseRate=20.00, regionalSurcharge=0.00
INFO [pUrWBIoY] c.m.s.service.LoyaltyShippingService : Applied tier=SILVER discount=3.000
INFO [pUrWBIoY] c.m.s.service.PromoEvaluatorService : Promo code EARLYBIRD5 rejected outside time window
INFO [pUrWBIoY] c.m.s.service.LoyaltyShippingService : Applied promo discount=0
INFO [pUrWBIoY] c.m.s.service.LoyaltyShippingService : Discount total=3.000 capped=false netFreight=17.000
INFO [pUrWBIoY] c.m.s.service.LoyaltyShippingService : Calculated Brazil taxes importTax=9.40000, icmsTax=5.407224
INFO [pUrWBIoY] c.m.s.service.LoyaltyShippingService : Shipping calculation result grossFreight=20.00, totalSurcharges=14.807224, finalFee=31.807224
INFO [pUrWBIoY] c.m.s.c.CheckoutShippingController : Shipping calculation completed with final fee 31.81
INFO [I8H8N0BX] c.m.s.c.CheckoutShippingController : Shipping calculation requested
INFO [I8H8N0BX] c.m.s.service.LoyaltyShippingService : Calculating shipping for country=BR, zip=01001-000, cartTotal=20.0
INFO [I8H8N0BX] c.m.s.service.LoyaltyShippingService : Using database rate baseRate=20.00, regionalSurcharge=0.00
INFO [I8H8N0BX] c.m.s.service.LoyaltyShippingService : Applied tier=SILVER discount=2.000
INFO [I8H8N0BX] c.m.s.service.PromoEvaluatorService : Promo code NIGHTOWL10 applied remaining-fee percentage discount
INFO [I8H8N0BX] c.m.s.service.LoyaltyShippingService : Applied promo discount=1.8000000
INFO [I8H8N0BX] c.m.s.service.LoyaltyShippingService : Discount total=3.8000000 capped=false netFreight=16.2000000
INFO [I8H8N0BX] c.m.s.service.LoyaltyShippingService : Calculated Brazil taxes importTax=7.240000000, icmsTax=4.800970
INFO [I8H8N0BX] c.m.s.service.LoyaltyShippingService : Shipping calculation result grossFreight=20.00, totalSurcharges=12.040970000, finalFee=28.240970000
INFO [I8H8N0BX] c.m.s.c.CheckoutShippingController : Shipping calculation completed with final fee 28.24
INFO [wJ3OKA03] c.m.s.c.CheckoutShippingController : Shipping calculation requested
INFO [wJ3OKA03] c.m.s.service.LoyaltyShippingService : Calculating shipping for country=BR, zip=01001-000, cartTotal=20.0
INFO [wJ3OKA03] c.m.s.service.LoyaltyShippingService : Using database rate baseRate=20.00, regionalSurcharge=0.00
INFO [wJ3OKA03] c.m.s.service.LoyaltyShippingService : Applied tier=SILVER discount=2.000
INFO [wJ3OKA03] c.m.s.service.PromoEvaluatorService : Promo code NIGHTOWL10 rejected outside time window
INFO [wJ3OKA03] c.m.s.service.LoyaltyShippingService : Applied promo discount=0
INFO [wJ3OKA03] c.m.s.service.LoyaltyShippingService : Discount total=2.000 capped=false netFreight=18.000
INFO [wJ3OKA03] c.m.s.service.LoyaltyShippingService : Calculated Brazil taxes importTax=7.60000, icmsTax=5.243378
INFO [wJ3OKA03] c.m.s.service.LoyaltyShippingService : Shipping calculation result grossFreight=20.00, totalSurcharges=12.843378, finalFee=30.843378
INFO [wJ3OKA03] c.m.s.c.CheckoutShippingController : Shipping calculation completed with final fee 30.84
INFO [NrFVTPUm] c.m.s.c.CheckoutShippingController : Shipping calculation requested
INFO [NrFVTPUm] c.m.s.service.LoyaltyShippingService : Calculating shipping for country=BR, zip=01001-000, cartTotal=100.0
INFO [NrFVTPUm] c.m.s.service.LoyaltyShippingService : Using database rate baseRate=20.00, regionalSurcharge=0.00
INFO [NrFVTPUm] c.m.s.service.LoyaltyShippingService : Applied tier=SILVER discount=10.000
WARN [NrFVTPUm] c.m.s.service.PromoEvaluatorService : Promo code EXPIRED10 was not found or is inactive
INFO [NrFVTPUm] c.m.s.service.LoyaltyShippingService : Applied promo discount=0
INFO [NrFVTPUm] c.m.s.service.LoyaltyShippingService : Discount total=10.000 capped=false netFreight=10.000
INFO [NrFVTPUm] c.m.s.service.LoyaltyShippingService : Calculated Brazil taxes importTax=46.00000, icmsTax=11.469883
INFO [NrFVTPUm] c.m.s.service.LoyaltyShippingService : Shipping calculation result grossFreight=20.00, totalSurcharges=57.469883, finalFee=67.469883
INFO [NrFVTPUm] c.m.s.c.CheckoutShippingController : Shipping calculation completed with final fee 67.47
INFO [kkU1xCMv] c.m.s.c.CheckoutShippingController : Shipping calculation requested
INFO [kkU1xCMv] c.m.s.service.LoyaltyShippingService : Calculating shipping for country=BR, zip=01001-000, cartTotal=20.0
INFO [kkU1xCMv] c.m.s.service.LoyaltyShippingService : Using database rate baseRate=20.00, regionalSurcharge=0.00
INFO [kkU1xCMv] c.m.s.service.LoyaltyShippingService : Applied tier=GOLD discount=4.000
INFO [kkU1xCMv] c.m.s.service.PromoEvaluatorService : No promo code supplied
INFO [kkU1xCMv] c.m.s.service.LoyaltyShippingService : Applied promo discount=0
INFO [kkU1xCMv] c.m.s.service.LoyaltyShippingService : Discount total=4.000 capped=false netFreight=16.000
INFO [kkU1xCMv] c.m.s.service.LoyaltyShippingService : Calculated Brazil taxes importTax=7.20000, icmsTax=4.751806
INFO [kkU1xCMv] c.m.s.service.LoyaltyShippingService : Shipping calculation result grossFreight=20.00, totalSurcharges=11.951806, finalFee=27.951806
INFO [kkU1xCMv] c.m.s.c.CheckoutShippingController : Shipping calculation completed with final fee 27.95
INFO [oQuMcM4k] c.m.s.c.CheckoutShippingController : Shipping calculation requested
INFO [oQuMcM4k] c.m.s.service.LoyaltyShippingService : Calculating shipping for country=BR, zip=01001-000, cartTotal=40.0
INFO [oQuMcM4k] c.m.s.service.LoyaltyShippingService : Using database rate baseRate=20.00, regionalSurcharge=0.00
INFO [oQuMcM4k] c.m.s.service.LoyaltyShippingService : Applied tier=GOLD discount=8.000
INFO [oQuMcM4k] c.m.s.service.PromoEvaluatorService : Promo code SUMMER5 applied flat discount 5.0000
INFO [oQuMcM4k] c.m.s.service.LoyaltyShippingService : Applied promo discount=5.0000
INFO [oQuMcM4k] c.m.s.service.LoyaltyShippingService : Discount total=13.0000 capped=false netFreight=7.0000
INFO [oQuMcM4k] c.m.s.service.LoyaltyShippingService : Calculated Brazil taxes importTax=9.400000, icmsTax=3.359030
INFO [oQuMcM4k] c.m.s.service.LoyaltyShippingService : Shipping calculation result grossFreight=20.00, totalSurcharges=12.759030, finalFee=19.759030
INFO [oQuMcM4k] c.m.s.c.CheckoutShippingController : Shipping calculation completed with final fee 19.76
INFO [Us0CAVcw] c.m.s.c.CheckoutShippingController : Shipping calculation requested
INFO [Us0CAVcw] c.m.s.service.LoyaltyShippingService : Calculating shipping for country=BR, zip=01001-000, cartTotal=30.0
INFO [Us0CAVcw] c.m.s.service.LoyaltyShippingService : Using database rate baseRate=20.00, regionalSurcharge=0.00
INFO [Us0CAVcw] c.m.s.service.LoyaltyShippingService : Applied tier=GOLD discount=6.000
INFO [Us0CAVcw] c.m.s.service.PromoEvaluatorService : Promo code WELCOME10 applied percentage discount
INFO [Us0CAVcw] c.m.s.service.LoyaltyShippingService : Applied promo discount=2.000000
INFO [Us0CAVcw] c.m.s.service.LoyaltyShippingService : Discount total=8.000000 capped=false netFreight=12.000000
INFO [Us0CAVcw] c.m.s.service.LoyaltyShippingService : Calculated Brazil taxes importTax=8.40000000, icmsTax=4.178311
INFO [Us0CAVcw] c.m.s.service.LoyaltyShippingService : Shipping calculation result grossFreight=20.00, totalSurcharges=12.57831100, finalFee=24.57831100
INFO [Us0CAVcw] c.m.s.c.CheckoutShippingController : Shipping calculation completed with final fee 24.58
INFO [4BL6IpvL] c.m.s.c.CheckoutShippingController : Shipping calculation requested
INFO [4BL6IpvL] c.m.s.service.LoyaltyShippingService : Calculating shipping for country=BR, zip=01001-000, cartTotal=100.0
INFO [4BL6IpvL] c.m.s.service.LoyaltyShippingService : Using database rate baseRate=20.00, regionalSurcharge=0.00
INFO [4BL6IpvL] c.m.s.service.LoyaltyShippingService : Applied tier=GOLD discount=20.000
INFO [4BL6IpvL] c.m.s.service.PromoEvaluatorService : Promo code VIP20 applied percentage discount
INFO [4BL6IpvL] c.m.s.service.LoyaltyShippingService : Applied promo discount=4.000000
INFO [4BL6IpvL] c.m.s.service.LoyaltyShippingService : Discount total=24.000000 capped=false netFreight=0
INFO [4BL6IpvL] c.m.s.service.LoyaltyShippingService : Calculated Brazil taxes importTax=40.000, icmsTax=8.192776
INFO [4BL6IpvL] c.m.s.service.LoyaltyShippingService : Shipping calculation result grossFreight=20.00, totalSurcharges=48.192776, finalFee=48.192776
INFO [4BL6IpvL] c.m.s.c.CheckoutShippingController : Shipping calculation completed with final fee 48.19
INFO [KVXPHEv5] c.m.s.c.CheckoutShippingController : Shipping calculation requested
INFO [KVXPHEv5] c.m.s.service.LoyaltyShippingService : Calculating shipping for country=BR, zip=01001-000, cartTotal=40.0
INFO [KVXPHEv5] c.m.s.service.LoyaltyShippingService : Using database rate baseRate=20.00, regionalSurcharge=0.00
INFO [KVXPHEv5] c.m.s.service.LoyaltyShippingService : Applied tier=GOLD discount=8.000
INFO [KVXPHEv5] c.m.s.service.PromoEvaluatorService : Promo code VIP20 rejected below cart minimum 50.00
INFO [KVXPHEv5] c.m.s.service.LoyaltyShippingService : Applied promo discount=0
INFO [KVXPHEv5] c.m.s.service.LoyaltyShippingService : Discount total=8.000 capped=false netFreight=12.000
INFO [KVXPHEv5] c.m.s.service.LoyaltyShippingService : Calculated Brazil taxes importTax=11.20000, icmsTax=4.751806
INFO [KVXPHEv5] c.m.s.service.LoyaltyShippingService : Shipping calculation result grossFreight=20.00, totalSurcharges=15.951806, finalFee=27.951806
INFO [KVXPHEv5] c.m.s.c.CheckoutShippingController : Shipping calculation completed with final fee 27.95
INFO [TDOKVfik] c.m.s.c.CheckoutShippingController : Shipping calculation requested
INFO [TDOKVfik] c.m.s.service.LoyaltyShippingService : Calculating shipping for country=BR, zip=01001-000, cartTotal=100.0
INFO [TDOKVfik] c.m.s.service.LoyaltyShippingService : Using database rate baseRate=20.00, regionalSurcharge=0.00
INFO [TDOKVfik] c.m.s.service.LoyaltyShippingService : Applied tier=GOLD discount=20.000
INFO [TDOKVfik] c.m.s.service.PromoEvaluatorService : Promo code FREESHIP10 applied flat discount 10.0000
INFO [TDOKVfik] c.m.s.service.LoyaltyShippingService : Applied promo discount=10.0000
INFO [TDOKVfik] c.m.s.service.LoyaltyShippingService : Discount total=30.0000 capped=false netFreight=0
INFO [TDOKVfik] c.m.s.service.LoyaltyShippingService : Calculated Brazil taxes importTax=40.000, icmsTax=8.192776
INFO [TDOKVfik] c.m.s.service.LoyaltyShippingService : Shipping calculation result grossFreight=20.00, totalSurcharges=48.192776, finalFee=48.192776
INFO [TDOKVfik] c.m.s.c.CheckoutShippingController : Shipping calculation completed with final fee 48.19
INFO [QUIcxfSw] c.m.s.c.CheckoutShippingController : Shipping calculation requested
INFO [QUIcxfSw] c.m.s.service.LoyaltyShippingService : Calculating shipping for country=BR, zip=01001-000, cartTotal=40.0
INFO [QUIcxfSw] c.m.s.service.LoyaltyShippingService : Using database rate baseRate=20.00, regionalSurcharge=0.00
INFO [QUIcxfSw] c.m.s.service.LoyaltyShippingService : Applied tier=GOLD discount=8.000
INFO [QUIcxfSw] c.m.s.service.PromoEvaluatorService : Promo code EARLYBIRD5 applied flat discount 5.0000
INFO [QUIcxfSw] c.m.s.service.LoyaltyShippingService : Applied promo discount=5.0000
INFO [QUIcxfSw] c.m.s.service.LoyaltyShippingService : Discount total=13.0000 capped=false netFreight=7.0000
INFO [QUIcxfSw] c.m.s.service.LoyaltyShippingService : Calculated Brazil taxes importTax=9.400000, icmsTax=3.359030
INFO [QUIcxfSw] c.m.s.service.LoyaltyShippingService : Shipping calculation result grossFreight=20.00, totalSurcharges=12.759030, finalFee=19.759030
INFO [QUIcxfSw] c.m.s.c.CheckoutShippingController : Shipping calculation completed with final fee 19.76
INFO [VF2bZDBG] c.m.s.c.CheckoutShippingController : Shipping calculation requested
INFO [VF2bZDBG] c.m.s.service.LoyaltyShippingService : Calculating shipping for country=BR, zip=01001-000, cartTotal=30.0
INFO [VF2bZDBG] c.m.s.service.LoyaltyShippingService : Using database rate baseRate=20.00, regionalSurcharge=0.00
INFO [VF2bZDBG] c.m.s.service.LoyaltyShippingService : Applied tier=GOLD discount=6.000
INFO [VF2bZDBG] c.m.s.service.PromoEvaluatorService : Promo code EARLYBIRD5 rejected outside time window
INFO [VF2bZDBG] c.m.s.service.LoyaltyShippingService : Applied promo discount=0
INFO [VF2bZDBG] c.m.s.service.LoyaltyShippingService : Discount total=6.000 capped=false netFreight=14.000
INFO [VF2bZDBG] c.m.s.service.LoyaltyShippingService : Calculated Brazil taxes importTax=8.80000, icmsTax=4.669883
INFO [VF2bZDBG] c.m.s.service.LoyaltyShippingService : Shipping calculation result grossFreight=20.00, totalSurcharges=13.469883, finalFee=27.469883
INFO [VF2bZDBG] c.m.s.c.CheckoutShippingController : Shipping calculation completed with final fee 27.47
INFO [rdmMslc9] c.m.s.c.CheckoutShippingController : Shipping calculation requested
INFO [rdmMslc9] c.m.s.service.LoyaltyShippingService : Calculating shipping for country=BR, zip=01001-000, cartTotal=20.0
INFO [rdmMslc9] c.m.s.service.LoyaltyShippingService : Using database rate baseRate=20.00, regionalSurcharge=0.00
INFO [rdmMslc9] c.m.s.service.LoyaltyShippingService : Applied tier=GOLD discount=4.000
INFO [rdmMslc9] c.m.s.service.PromoEvaluatorService : Promo code NIGHTOWL10 applied remaining-fee percentage discount
INFO [rdmMslc9] c.m.s.service.LoyaltyShippingService : Applied promo discount=1.6000000
INFO [rdmMslc9] c.m.s.service.LoyaltyShippingService : Discount total=5.6000000 capped=false netFreight=14.4000000
INFO [rdmMslc9] c.m.s.service.LoyaltyShippingService : Calculated Brazil taxes importTax=6.880000000, icmsTax=4.358562
INFO [rdmMslc9] c.m.s.service.LoyaltyShippingService : Shipping calculation result grossFreight=20.00, totalSurcharges=11.238562000, finalFee=25.638562000
INFO [rdmMslc9] c.m.s.c.CheckoutShippingController : Shipping calculation completed with final fee 25.64
INFO [qnlS9lmP] c.m.s.c.CheckoutShippingController : Shipping calculation requested
INFO [qnlS9lmP] c.m.s.service.LoyaltyShippingService : Calculating shipping for country=BR, zip=01001-000, cartTotal=20.0
INFO [qnlS9lmP] c.m.s.service.LoyaltyShippingService : Using database rate baseRate=20.00, regionalSurcharge=0.00
INFO [qnlS9lmP] c.m.s.service.LoyaltyShippingService : Applied tier=GOLD discount=4.000
INFO [qnlS9lmP] c.m.s.service.PromoEvaluatorService : Promo code NIGHTOWL10 rejected outside time window
INFO [qnlS9lmP] c.m.s.service.LoyaltyShippingService : Applied promo discount=0
INFO [qnlS9lmP] c.m.s.service.LoyaltyShippingService : Discount total=4.000 capped=false netFreight=16.000
INFO [qnlS9lmP] c.m.s.service.LoyaltyShippingService : Calculated Brazil taxes importTax=7.20000, icmsTax=4.751806
INFO [qnlS9lmP] c.m.s.service.LoyaltyShippingService : Shipping calculation result grossFreight=20.00, totalSurcharges=11.951806, finalFee=27.951806
INFO [qnlS9lmP] c.m.s.c.CheckoutShippingController : Shipping calculation completed with final fee 27.95
INFO [mNH14ZLc] c.m.s.c.CheckoutShippingController : Shipping calculation requested
INFO [mNH14ZLc] c.m.s.service.LoyaltyShippingService : Calculating shipping for country=BR, zip=01001-000, cartTotal=100.0
INFO [mNH14ZLc] c.m.s.service.LoyaltyShippingService : Using database rate baseRate=20.00, regionalSurcharge=0.00
INFO [mNH14ZLc] c.m.s.service.LoyaltyShippingService : Applied tier=GOLD discount=20.000
WARN [mNH14ZLc] c.m.s.service.PromoEvaluatorService : Promo code EXPIRED10 was not found or is inactive
INFO [mNH14ZLc] c.m.s.service.LoyaltyShippingService : Applied promo discount=0
INFO [mNH14ZLc] c.m.s.service.LoyaltyShippingService : Discount total=20.000 capped=false netFreight=0.000
INFO [mNH14ZLc] c.m.s.service.LoyaltyShippingService : Calculated Brazil taxes importTax=40.00000, icmsTax=8.192776
INFO [mNH14ZLc] c.m.s.service.LoyaltyShippingService : Shipping calculation result grossFreight=20.00, totalSurcharges=48.192776, finalFee=48.192776
INFO [mNH14ZLc] c.m.s.c.CheckoutShippingController : Shipping calculation completed with final fee 48.19
INFO [dW3iPh1H] c.m.s.c.CheckoutShippingController : Shipping calculation requested
INFO [dW3iPh1H] c.m.s.service.LoyaltyShippingService : Calculating shipping for country=BR, zip=01001-000, cartTotal=20.0
INFO [dW3iPh1H] c.m.s.service.LoyaltyShippingService : Using database rate baseRate=20.00, regionalSurcharge=0.00
INFO [dW3iPh1H] c.m.s.service.LoyaltyShippingService : Applied tier=VIP discount=6.000
INFO [dW3iPh1H] c.m.s.service.PromoEvaluatorService : No promo code supplied
INFO [dW3iPh1H] c.m.s.service.LoyaltyShippingService : Applied promo discount=0
INFO [dW3iPh1H] c.m.s.service.LoyaltyShippingService : Discount total=6.000 capped=false netFreight=14.000
INFO [dW3iPh1H] c.m.s.service.LoyaltyShippingService : Calculated Brazil taxes importTax=6.80000, icmsTax=4.260234
INFO [dW3iPh1H] c.m.s.service.LoyaltyShippingService : Shipping calculation result grossFreight=20.00, totalSurcharges=11.060234, finalFee=25.060234
INFO [dW3iPh1H] c.m.s.c.CheckoutShippingController : Shipping calculation completed with final fee 25.06
INFO [wPK0uivv] c.m.s.c.CheckoutShippingController : Shipping calculation requested
INFO [wPK0uivv] c.m.s.service.LoyaltyShippingService : Calculating shipping for country=BR, zip=01001-000, cartTotal=40.0
INFO [wPK0uivv] c.m.s.service.LoyaltyShippingService : Using database rate baseRate=20.00, regionalSurcharge=0.00
INFO [wPK0uivv] c.m.s.service.LoyaltyShippingService : Applied tier=VIP discount=12.000
INFO [wPK0uivv] c.m.s.service.PromoEvaluatorService : Promo code SUMMER5 applied flat discount 5.0000
INFO [wPK0uivv] c.m.s.service.LoyaltyShippingService : Applied promo discount=5.0000
INFO [wPK0uivv] c.m.s.service.LoyaltyShippingService : Discount total=17.0000 capped=false netFreight=3.0000
INFO [wPK0uivv] c.m.s.service.LoyaltyShippingService : Calculated Brazil taxes importTax=8.600000, icmsTax=2.375903
INFO [wPK0uivv] c.m.s.service.LoyaltyShippingService : Shipping calculation result grossFreight=20.00, totalSurcharges=10.975903, finalFee=13.975903
INFO [wPK0uivv] c.m.s.c.CheckoutShippingController : Shipping calculation completed with final fee 13.98
INFO [amARVkHH] c.m.s.c.CheckoutShippingController : Shipping calculation requested
INFO [amARVkHH] c.m.s.service.LoyaltyShippingService : Calculating shipping for country=BR, zip=01001-000, cartTotal=30.0
INFO [amARVkHH] c.m.s.service.LoyaltyShippingService : Using database rate baseRate=20.00, regionalSurcharge=0.00
INFO [amARVkHH] c.m.s.service.LoyaltyShippingService : Applied tier=VIP discount=9.000
INFO [amARVkHH] c.m.s.service.PromoEvaluatorService : Promo code WELCOME10 applied percentage discount
INFO [amARVkHH] c.m.s.service.LoyaltyShippingService : Applied promo discount=2.000000
INFO [amARVkHH] c.m.s.service.LoyaltyShippingService : Discount total=11.000000 capped=false netFreight=9.000000
INFO [amARVkHH] c.m.s.service.LoyaltyShippingService : Calculated Brazil taxes importTax=7.80000000, icmsTax=3.440970
INFO [amARVkHH] c.m.s.service.LoyaltyShippingService : Shipping calculation result grossFreight=20.00, totalSurcharges=11.24097000, finalFee=20.24097000
INFO [amARVkHH] c.m.s.c.CheckoutShippingController : Shipping calculation completed with final fee 20.24
INFO [m59iRatt] c.m.s.c.CheckoutShippingController : Shipping calculation requested
INFO [m59iRatt] c.m.s.service.LoyaltyShippingService : Calculating shipping for country=BR, zip=01001-000, cartTotal=100.0
INFO [m59iRatt] c.m.s.service.LoyaltyShippingService : Using database rate baseRate=20.00, regionalSurcharge=0.00
INFO [m59iRatt] c.m.s.service.LoyaltyShippingService : Applied tier=VIP discount=30.000
INFO [m59iRatt] c.m.s.service.PromoEvaluatorService : Promo code VIP20 applied percentage discount
INFO [m59iRatt] c.m.s.service.LoyaltyShippingService : Applied promo discount=4.000000
INFO [m59iRatt] c.m.s.service.LoyaltyShippingService : Discount total=34.000000 capped=false netFreight=0
INFO [m59iRatt] c.m.s.service.LoyaltyShippingService : Calculated Brazil taxes importTax=40.000, icmsTax=8.192776
INFO [m59iRatt] c.m.s.service.LoyaltyShippingService : Shipping calculation result grossFreight=20.00, totalSurcharges=48.192776, finalFee=48.192776
INFO [m59iRatt] c.m.s.c.CheckoutShippingController : Shipping calculation completed with final fee 48.19
INFO [NcV5kc9m] c.m.s.c.CheckoutShippingController : Shipping calculation requested
INFO [NcV5kc9m] c.m.s.service.LoyaltyShippingService : Calculating shipping for country=BR, zip=01001-000, cartTotal=40.0
INFO [NcV5kc9m] c.m.s.service.LoyaltyShippingService : Using database rate baseRate=20.00, regionalSurcharge=0.00
INFO [NcV5kc9m] c.m.s.service.LoyaltyShippingService : Applied tier=VIP discount=12.000
INFO [NcV5kc9m] c.m.s.service.PromoEvaluatorService : Promo code VIP20 rejected below cart minimum 50.00
INFO [NcV5kc9m] c.m.s.service.LoyaltyShippingService : Applied promo discount=0
INFO [NcV5kc9m] c.m.s.service.LoyaltyShippingService : Discount total=12.000 capped=false netFreight=8.000
INFO [NcV5kc9m] c.m.s.service.LoyaltyShippingService : Calculated Brazil taxes importTax=9.60000, icmsTax=3.604816
INFO [NcV5kc9m] c.m.s.service.LoyaltyShippingService : Shipping calculation result grossFreight=20.00, totalSurcharges=13.204816, finalFee=21.204816
INFO [NcV5kc9m] c.m.s.c.CheckoutShippingController : Shipping calculation completed with final fee 21.20
INFO [NfV0MAXl] c.m.s.c.CheckoutShippingController : Shipping calculation requested
INFO [NfV0MAXl] c.m.s.service.LoyaltyShippingService : Calculating shipping for country=BR, zip=01001-000, cartTotal=100.0
INFO [NfV0MAXl] c.m.s.service.LoyaltyShippingService : Using database rate baseRate=20.00, regionalSurcharge=0.00
INFO [NfV0MAXl] c.m.s.service.LoyaltyShippingService : Applied tier=VIP discount=30.000
INFO [NfV0MAXl] c.m.s.service.PromoEvaluatorService : Promo code FREESHIP10 applied flat discount 10.0000
INFO [NfV0MAXl] c.m.s.service.LoyaltyShippingService : Applied promo discount=10.0000
INFO [NfV0MAXl] c.m.s.service.LoyaltyShippingService : Discount total=40.0000 capped=false netFreight=0
INFO [NfV0MAXl] c.m.s.service.LoyaltyShippingService : Calculated Brazil taxes importTax=40.000, icmsTax=8.192776
INFO [NfV0MAXl] c.m.s.service.LoyaltyShippingService : Shipping calculation result grossFreight=20.00, totalSurcharges=48.192776, finalFee=48.192776
INFO [NfV0MAXl] c.m.s.c.CheckoutShippingController : Shipping calculation completed with final fee 48.19
INFO [09mp272o] c.m.s.c.CheckoutShippingController : Shipping calculation requested
INFO [09mp272o] c.m.s.service.LoyaltyShippingService : Calculating shipping for country=BR, zip=01001-000, cartTotal=40.0
INFO [09mp272o] c.m.s.service.LoyaltyShippingService : Using database rate baseRate=20.00, regionalSurcharge=0.00
INFO [09mp272o] c.m.s.service.LoyaltyShippingService : Applied tier=VIP discount=12.000
INFO [09mp272o] c.m.s.service.PromoEvaluatorService : Promo code EARLYBIRD5 applied flat discount 5.0000
INFO [09mp272o] c.m.s.service.LoyaltyShippingService : Applied promo discount=5.0000
INFO [09mp272o] c.m.s.service.LoyaltyShippingService : Discount total=17.0000 capped=false netFreight=3.0000
INFO [09mp272o] c.m.s.service.LoyaltyShippingService : Calculated Brazil taxes importTax=8.600000, icmsTax=2.375903
INFO [09mp272o] c.m.s.service.LoyaltyShippingService : Shipping calculation result grossFreight=20.00, totalSurcharges=10.975903, finalFee=13.975903
INFO [09mp272o] c.m.s.c.CheckoutShippingController : Shipping calculation completed with final fee 13.98
INFO [aphU0sua] c.m.s.c.CheckoutShippingController : Shipping calculation requested
INFO [aphU0sua] c.m.s.service.LoyaltyShippingService : Calculating shipping for country=BR, zip=01001-000, cartTotal=30.0
INFO [aphU0sua] c.m.s.service.LoyaltyShippingService : Using database rate baseRate=20.00, regionalSurcharge=0.00
INFO [aphU0sua] c.m.s.service.LoyaltyShippingService : Applied tier=VIP discount=9.000
INFO [aphU0sua] c.m.s.service.PromoEvaluatorService : Promo code EARLYBIRD5 rejected outside time window
INFO [aphU0sua] c.m.s.service.LoyaltyShippingService : Applied promo discount=0
INFO [aphU0sua] c.m.s.service.LoyaltyShippingService : Discount total=9.000 capped=false netFreight=11.000
INFO [aphU0sua] c.m.s.service.LoyaltyShippingService : Calculated Brazil taxes importTax=8.20000, icmsTax=3.932525
INFO [aphU0sua] c.m.s.service.LoyaltyShippingService : Shipping calculation result grossFreight=20.00, totalSurcharges=12.132525, finalFee=23.132525
INFO [aphU0sua] c.m.s.c.CheckoutShippingController : Shipping calculation completed with final fee 23.13
INFO [u8lsM83z] c.m.s.c.CheckoutShippingController : Shipping calculation requested
INFO [u8lsM83z] c.m.s.service.LoyaltyShippingService : Calculating shipping for country=BR, zip=01001-000, cartTotal=20.0
INFO [u8lsM83z] c.m.s.service.LoyaltyShippingService : Using database rate baseRate=20.00, regionalSurcharge=0.00
INFO [u8lsM83z] c.m.s.service.LoyaltyShippingService : Applied tier=VIP discount=6.000
INFO [u8lsM83z] c.m.s.service.PromoEvaluatorService : Promo code NIGHTOWL10 applied remaining-fee percentage discount
INFO [u8lsM83z] c.m.s.service.LoyaltyShippingService : Applied promo discount=1.4000000
INFO [u8lsM83z] c.m.s.service.LoyaltyShippingService : Discount total=7.4000000 capped=false netFreight=12.6000000
INFO [u8lsM83z] c.m.s.service.LoyaltyShippingService : Calculated Brazil taxes importTax=6.520000000, icmsTax=3.916137
INFO [u8lsM83z] c.m.s.service.LoyaltyShippingService : Shipping calculation result grossFreight=20.00, totalSurcharges=10.436137000, finalFee=23.036137000
INFO [u8lsM83z] c.m.s.c.CheckoutShippingController : Shipping calculation completed with final fee 23.04
INFO [XhNEZV5k] c.m.s.c.CheckoutShippingController : Shipping calculation requested
INFO [XhNEZV5k] c.m.s.service.LoyaltyShippingService : Calculating shipping for country=BR, zip=01001-000, cartTotal=20.0
INFO [XhNEZV5k] c.m.s.service.LoyaltyShippingService : Using database rate baseRate=20.00, regionalSurcharge=0.00
INFO [XhNEZV5k] c.m.s.service.LoyaltyShippingService : Applied tier=VIP discount=6.000
INFO [XhNEZV5k] c.m.s.service.PromoEvaluatorService : Promo code NIGHTOWL10 rejected outside time window
INFO [XhNEZV5k] c.m.s.service.LoyaltyShippingService : Applied promo discount=0
INFO [XhNEZV5k] c.m.s.service.LoyaltyShippingService : Discount total=6.000 capped=false netFreight=14.000
INFO [XhNEZV5k] c.m.s.service.LoyaltyShippingService : Calculated Brazil taxes importTax=6.80000, icmsTax=4.260234
INFO [XhNEZV5k] c.m.s.service.LoyaltyShippingService : Shipping calculation result grossFreight=20.00, totalSurcharges=11.060234, finalFee=25.060234
INFO [XhNEZV5k] c.m.s.c.CheckoutShippingController : Shipping calculation completed with final fee 25.06
INFO [cisOrlmJ] c.m.s.c.CheckoutShippingController : Shipping calculation requested
INFO [cisOrlmJ] c.m.s.service.LoyaltyShippingService : Calculating shipping for country=BR, zip=01001-000, cartTotal=100.0
INFO [cisOrlmJ] c.m.s.service.LoyaltyShippingService : Using database rate baseRate=20.00, regionalSurcharge=0.00
INFO [cisOrlmJ] c.m.s.service.LoyaltyShippingService : Applied tier=VIP discount=30.000
WARN [cisOrlmJ] c.m.s.service.PromoEvaluatorService : Promo code EXPIRED10 was not found or is inactive
INFO [cisOrlmJ] c.m.s.service.LoyaltyShippingService : Applied promo discount=0
INFO [cisOrlmJ] c.m.s.service.LoyaltyShippingService : Discount total=30.000 capped=false netFreight=0
INFO [cisOrlmJ] c.m.s.service.LoyaltyShippingService : Calculated Brazil taxes importTax=40.000, icmsTax=8.192776
INFO [cisOrlmJ] c.m.s.service.LoyaltyShippingService : Shipping calculation result grossFreight=20.00, totalSurcharges=48.192776, finalFee=48.192776
INFO [cisOrlmJ] c.m.s.c.CheckoutShippingController : Shipping calculation completed with final fee 48.19
INFO [5KZUZzJJ] c.m.s.c.CheckoutShippingController : Shipping calculation requested
INFO [5KZUZzJJ] c.m.s.service.LoyaltyShippingService : Calculating shipping for country=BR, zip=20001-000, cartTotal=20.0
INFO [5KZUZzJJ] c.m.s.service.LoyaltyShippingService : Using database rate baseRate=22.00, regionalSurcharge=2.00
INFO [5KZUZzJJ] c.m.s.service.LoyaltyShippingService : Applied tier=STANDARD discount=0.0
INFO [5KZUZzJJ] c.m.s.service.PromoEvaluatorService : No promo code supplied
INFO [5KZUZzJJ] c.m.s.service.LoyaltyShippingService : Applied promo discount=0
INFO [5KZUZzJJ] c.m.s.service.LoyaltyShippingService : Discount total=0.0 capped=false netFreight=24.00
INFO [5KZUZzJJ] c.m.s.service.LoyaltyShippingService : Calculated Brazil taxes importTax=8.8000, icmsTax=6.718077
INFO [5KZUZzJJ] c.m.s.service.LoyaltyShippingService : Shipping calculation result grossFreight=24.00, totalSurcharges=15.518077, finalFee=39.518077
INFO [5KZUZzJJ] c.m.s.c.CheckoutShippingController : Shipping calculation completed with final fee 39.52
INFO [UiRc57IT] c.m.s.c.CheckoutShippingController : Shipping calculation requested
INFO [UiRc57IT] c.m.s.service.LoyaltyShippingService : Calculating shipping for country=BR, zip=20001-000, cartTotal=40.0
INFO [UiRc57IT] c.m.s.service.LoyaltyShippingService : Using database rate baseRate=22.00, regionalSurcharge=2.00
INFO [UiRc57IT] c.m.s.service.LoyaltyShippingService : Applied tier=STANDARD discount=0.0
INFO [UiRc57IT] c.m.s.service.PromoEvaluatorService : Promo code SUMMER5 applied flat discount 5.0000
INFO [UiRc57IT] c.m.s.service.LoyaltyShippingService : Applied promo discount=5.0000
INFO [UiRc57IT] c.m.s.service.LoyaltyShippingService : Discount total=5.0000 capped=false netFreight=19.0000
INFO [UiRc57IT] c.m.s.service.LoyaltyShippingService : Calculated Brazil taxes importTax=15.400000, icmsTax=7.045786
INFO [UiRc57IT] c.m.s.service.LoyaltyShippingService : Shipping calculation result grossFreight=24.00, totalSurcharges=22.445786, finalFee=41.445786
INFO [UiRc57IT] c.m.s.c.CheckoutShippingController : Shipping calculation completed with final fee 41.45
INFO [DlxDH9Kb] c.m.s.c.CheckoutShippingController : Shipping calculation requested
INFO [DlxDH9Kb] c.m.s.service.LoyaltyShippingService : Calculating shipping for country=BR, zip=20001-000, cartTotal=30.0
INFO [DlxDH9Kb] c.m.s.service.LoyaltyShippingService : Using database rate baseRate=22.00, regionalSurcharge=2.00
INFO [DlxDH9Kb] c.m.s.service.LoyaltyShippingService : Applied tier=STANDARD discount=0.0
INFO [DlxDH9Kb] c.m.s.service.PromoEvaluatorService : Promo code WELCOME10 applied percentage discount
INFO [DlxDH9Kb] c.m.s.service.LoyaltyShippingService : Applied promo discount=2.400000
INFO [DlxDH9Kb] c.m.s.service.LoyaltyShippingService : Discount total=2.400000 capped=false netFreight=21.600000
INFO [DlxDH9Kb] c.m.s.service.LoyaltyShippingService : Calculated Brazil taxes importTax=10.96000000, icmsTax=6.668913
INFO [DlxDH9Kb] c.m.s.service.LoyaltyShippingService : Shipping calculation result grossFreight=24.00, totalSurcharges=17.62891300, finalFee=39.22891300
INFO [DlxDH9Kb] c.m.s.c.CheckoutShippingController : Shipping calculation completed with final fee 39.23
INFO [ikCk3jJj] c.m.s.c.CheckoutShippingController : Shipping calculation requested
INFO [ikCk3jJj] c.m.s.service.LoyaltyShippingService : Calculating shipping for country=BR, zip=20001-000, cartTotal=100.0
INFO [ikCk3jJj] c.m.s.service.LoyaltyShippingService : Using database rate baseRate=22.00, regionalSurcharge=2.00
INFO [ikCk3jJj] c.m.s.service.LoyaltyShippingService : Applied tier=STANDARD discount=0.0
INFO [ikCk3jJj] c.m.s.service.PromoEvaluatorService : Promo code VIP20 applied percentage discount
INFO [ikCk3jJj] c.m.s.service.LoyaltyShippingService : Applied promo discount=4.800000
INFO [ikCk3jJj] c.m.s.service.LoyaltyShippingService : Discount total=4.800000 capped=false netFreight=19.200000
INFO [ikCk3jJj] c.m.s.service.LoyaltyShippingService : Calculated Brazil taxes importTax=51.52000000, icmsTax=14.484816
INFO [ikCk3jJj] c.m.s.service.LoyaltyShippingService : Shipping calculation result grossFreight=24.00, totalSurcharges=66.00481600, finalFee=85.20481600
INFO [ikCk3jJj] c.m.s.c.CheckoutShippingController : Shipping calculation completed with final fee 85.20
INFO [0BFbdsYZ] c.m.s.c.CheckoutShippingController : Shipping calculation requested
INFO [0BFbdsYZ] c.m.s.service.LoyaltyShippingService : Calculating shipping for country=BR, zip=20001-000, cartTotal=40.0
INFO [0BFbdsYZ] c.m.s.service.LoyaltyShippingService : Using database rate baseRate=22.00, regionalSurcharge=2.00
INFO [0BFbdsYZ] c.m.s.service.LoyaltyShippingService : Applied tier=STANDARD discount=0.0
INFO [0BFbdsYZ] c.m.s.service.PromoEvaluatorService : Promo code VIP20 rejected below cart minimum 50.00
INFO [0BFbdsYZ] c.m.s.service.LoyaltyShippingService : Applied promo discount=0
INFO [0BFbdsYZ] c.m.s.service.LoyaltyShippingService : Discount total=0.0 capped=false netFreight=24.00
INFO [0BFbdsYZ] c.m.s.service.LoyaltyShippingService : Calculated Brazil taxes importTax=18.4000, icmsTax=8.684331
INFO [0BFbdsYZ] c.m.s.service.LoyaltyShippingService : Shipping calculation result grossFreight=24.00, totalSurcharges=27.084331, finalFee=51.084331
INFO [0BFbdsYZ] c.m.s.c.CheckoutShippingController : Shipping calculation completed with final fee 51.08
INFO [XLGziyeW] c.m.s.c.CheckoutShippingController : Shipping calculation requested
INFO [XLGziyeW] c.m.s.service.LoyaltyShippingService : Calculating shipping for country=BR, zip=20001-000, cartTotal=100.0
INFO [XLGziyeW] c.m.s.service.LoyaltyShippingService : Using database rate baseRate=22.00, regionalSurcharge=2.00
INFO [XLGziyeW] c.m.s.service.LoyaltyShippingService : Applied tier=STANDARD discount=0.0
INFO [XLGziyeW] c.m.s.service.PromoEvaluatorService : Promo code FREESHIP10 applied flat discount 10.0000
INFO [XLGziyeW] c.m.s.service.LoyaltyShippingService : Applied promo discount=10.0000
INFO [XLGziyeW] c.m.s.service.LoyaltyShippingService : Discount total=10.0000 capped=false netFreight=14.0000
INFO [XLGziyeW] c.m.s.service.LoyaltyShippingService : Calculated Brazil taxes importTax=48.400000, icmsTax=12.780719
INFO [XLGziyeW] c.m.s.service.LoyaltyShippingService : Shipping calculation result grossFreight=24.00, totalSurcharges=61.180719, finalFee=75.180719
INFO [XLGziyeW] c.m.s.c.CheckoutShippingController : Shipping calculation completed with final fee 75.18
INFO [aeNak8gI] c.m.s.c.CheckoutShippingController : Shipping calculation requested
INFO [aeNak8gI] c.m.s.service.LoyaltyShippingService : Calculating shipping for country=BR, zip=20001-000, cartTotal=40.0
INFO [aeNak8gI] c.m.s.service.LoyaltyShippingService : Using database rate baseRate=22.00, regionalSurcharge=2.00
INFO [aeNak8gI] c.m.s.service.LoyaltyShippingService : Applied tier=STANDARD discount=0.0
INFO [aeNak8gI] c.m.s.service.PromoEvaluatorService : Promo code EARLYBIRD5 applied flat discount 5.0000
INFO [aeNak8gI] c.m.s.service.LoyaltyShippingService : Applied promo discount=5.0000
INFO [aeNak8gI] c.m.s.service.LoyaltyShippingService : Discount total=5.0000 capped=false netFreight=19.0000
INFO [aeNak8gI] c.m.s.service.LoyaltyShippingService : Calculated Brazil taxes importTax=15.400000, icmsTax=7.045786
INFO [aeNak8gI] c.m.s.service.LoyaltyShippingService : Shipping calculation result grossFreight=24.00, totalSurcharges=22.445786, finalFee=41.445786
INFO [aeNak8gI] c.m.s.c.CheckoutShippingController : Shipping calculation completed with final fee 41.45
INFO [qC67GPfh] c.m.s.c.CheckoutShippingController : Shipping calculation requested
INFO [qC67GPfh] c.m.s.service.LoyaltyShippingService : Calculating shipping for country=BR, zip=20001-000, cartTotal=30.0
INFO [qC67GPfh] c.m.s.service.LoyaltyShippingService : Using database rate baseRate=22.00, regionalSurcharge=2.00
INFO [qC67GPfh] c.m.s.service.LoyaltyShippingService : Applied tier=STANDARD discount=0.0
INFO [qC67GPfh] c.m.s.service.PromoEvaluatorService : Promo code EARLYBIRD5 rejected outside time window
INFO [qC67GPfh] c.m.s.service.LoyaltyShippingService : Applied promo discount=0
INFO [qC67GPfh] c.m.s.service.LoyaltyShippingService : Discount total=0.0 capped=false netFreight=24.00
INFO [qC67GPfh] c.m.s.service.LoyaltyShippingService : Calculated Brazil taxes importTax=12.4000, icmsTax=7.455418
INFO [qC67GPfh] c.m.s.service.LoyaltyShippingService : Shipping calculation result grossFreight=24.00, totalSurcharges=19.855418, finalFee=43.855418
INFO [qC67GPfh] c.m.s.c.CheckoutShippingController : Shipping calculation completed with final fee 43.86
INFO [h24w8dyC] c.m.s.c.CheckoutShippingController : Shipping calculation requested
INFO [h24w8dyC] c.m.s.service.LoyaltyShippingService : Calculating shipping for country=BR, zip=20001-000, cartTotal=20.0
INFO [h24w8dyC] c.m.s.service.LoyaltyShippingService : Using database rate baseRate=22.00, regionalSurcharge=2.00
INFO [h24w8dyC] c.m.s.service.LoyaltyShippingService : Applied tier=STANDARD discount=0.0
INFO [h24w8dyC] c.m.s.service.PromoEvaluatorService : Promo code NIGHTOWL10 applied remaining-fee percentage discount
INFO [h24w8dyC] c.m.s.service.LoyaltyShippingService : Applied promo discount=2.400000
INFO [h24w8dyC] c.m.s.service.LoyaltyShippingService : Discount total=2.400000 capped=false netFreight=21.600000
INFO [h24w8dyC] c.m.s.service.LoyaltyShippingService : Calculated Brazil taxes importTax=8.32000000, icmsTax=6.128194
INFO [h24w8dyC] c.m.s.service.LoyaltyShippingService : Shipping calculation result grossFreight=24.00, totalSurcharges=14.44819400, finalFee=36.04819400
INFO [h24w8dyC] c.m.s.c.CheckoutShippingController : Shipping calculation completed with final fee 36.05
INFO [VWhnaM4J] c.m.s.c.CheckoutShippingController : Shipping calculation requested
INFO [VWhnaM4J] c.m.s.service.LoyaltyShippingService : Calculating shipping for country=BR, zip=20001-000, cartTotal=20.0
INFO [VWhnaM4J] c.m.s.service.LoyaltyShippingService : Using database rate baseRate=22.00, regionalSurcharge=2.00
INFO [VWhnaM4J] c.m.s.service.LoyaltyShippingService : Applied tier=STANDARD discount=0.0
INFO [VWhnaM4J] c.m.s.service.PromoEvaluatorService : Promo code NIGHTOWL10 rejected outside time window
INFO [VWhnaM4J] c.m.s.service.LoyaltyShippingService : Applied promo discount=0
INFO [VWhnaM4J] c.m.s.service.LoyaltyShippingService : Discount total=0.0 capped=false netFreight=24.00
INFO [VWhnaM4J] c.m.s.service.LoyaltyShippingService : Calculated Brazil taxes importTax=8.8000, icmsTax=6.718077
INFO [VWhnaM4J] c.m.s.service.LoyaltyShippingService : Shipping calculation result grossFreight=24.00, totalSurcharges=15.518077, finalFee=39.518077
INFO [VWhnaM4J] c.m.s.c.CheckoutShippingController : Shipping calculation completed with final fee 39.52
INFO [B16aOcqO] c.m.s.c.CheckoutShippingController : Shipping calculation requested
INFO [B16aOcqO] c.m.s.service.LoyaltyShippingService : Calculating shipping for country=BR, zip=20001-000, cartTotal=100.0
INFO [B16aOcqO] c.m.s.service.LoyaltyShippingService : Using database rate baseRate=22.00, regionalSurcharge=2.00
INFO [B16aOcqO] c.m.s.service.LoyaltyShippingService : Applied tier=STANDARD discount=0.0
WARN [B16aOcqO] c.m.s.service.PromoEvaluatorService : Promo code EXPIRED10 was not found or is inactive
INFO [B16aOcqO] c.m.s.service.LoyaltyShippingService : Applied promo discount=0
INFO [B16aOcqO] c.m.s.service.LoyaltyShippingService : Discount total=0.0 capped=false netFreight=24.00
INFO [B16aOcqO] c.m.s.service.LoyaltyShippingService : Calculated Brazil taxes importTax=54.4000, icmsTax=16.057826
INFO [B16aOcqO] c.m.s.service.LoyaltyShippingService : Shipping calculation result grossFreight=24.00, totalSurcharges=70.457826, finalFee=94.457826
INFO [B16aOcqO] c.m.s.c.CheckoutShippingController : Shipping calculation completed with final fee 94.46
INFO [aQKDxScJ] c.m.s.c.CheckoutShippingController : Shipping calculation requested
INFO [aQKDxScJ] c.m.s.service.LoyaltyShippingService : Calculating shipping for country=BR, zip=20001-000, cartTotal=20.0
INFO [aQKDxScJ] c.m.s.service.LoyaltyShippingService : Using database rate baseRate=22.00, regionalSurcharge=2.00
INFO [aQKDxScJ] c.m.s.service.LoyaltyShippingService : Applied tier=SILVER discount=2.000
INFO [aQKDxScJ] c.m.s.service.PromoEvaluatorService : No promo code supplied
INFO [aQKDxScJ] c.m.s.service.LoyaltyShippingService : Applied promo discount=0
INFO [aQKDxScJ] c.m.s.service.LoyaltyShippingService : Discount total=2.000 capped=false netFreight=22.000
INFO [aQKDxScJ] c.m.s.service.LoyaltyShippingService : Calculated Brazil taxes importTax=8.40000, icmsTax=6.226505
INFO [aQKDxScJ] c.m.s.service.LoyaltyShippingService : Shipping calculation result grossFreight=24.00, totalSurcharges=14.626505, finalFee=36.626505
INFO [aQKDxScJ] c.m.s.c.CheckoutShippingController : Shipping calculation completed with final fee 36.63
INFO [n9sAA3kA] c.m.s.c.CheckoutShippingController : Shipping calculation requested
INFO [n9sAA3kA] c.m.s.service.LoyaltyShippingService : Calculating shipping for country=BR, zip=20001-000, cartTotal=40.0
INFO [n9sAA3kA] c.m.s.service.LoyaltyShippingService : Using database rate baseRate=22.00, regionalSurcharge=2.00
INFO [n9sAA3kA] c.m.s.service.LoyaltyShippingService : Applied tier=SILVER discount=4.000
INFO [n9sAA3kA] c.m.s.service.PromoEvaluatorService : Promo code SUMMER5 applied flat discount 5.0000
INFO [n9sAA3kA] c.m.s.service.LoyaltyShippingService : Applied promo discount=5.0000
INFO [n9sAA3kA] c.m.s.service.LoyaltyShippingService : Discount total=9.0000 capped=false netFreight=15.0000
INFO [n9sAA3kA] c.m.s.service.LoyaltyShippingService : Calculated Brazil taxes importTax=13.000000, icmsTax=5.734933
INFO [n9sAA3kA] c.m.s.service.LoyaltyShippingService : Shipping calculation result grossFreight=24.00, totalSurcharges=18.734933, finalFee=33.734933
INFO [n9sAA3kA] c.m.s.c.CheckoutShippingController : Shipping calculation completed with final fee 33.73
INFO [d5rVA63B] c.m.s.c.CheckoutShippingController : Shipping calculation requested
INFO [d5rVA63B] c.m.s.service.LoyaltyShippingService : Calculating shipping for country=BR, zip=20001-000, cartTotal=30.0
INFO [d5rVA63B] c.m.s.service.LoyaltyShippingService : Using database rate baseRate=22.00, regionalSurcharge=2.00
INFO [d5rVA63B] c.m.s.service.LoyaltyShippingService : Applied tier=SILVER discount=3.000
INFO [d5rVA63B] c.m.s.service.PromoEvaluatorService : Promo code WELCOME10 applied percentage discount
INFO [d5rVA63B] c.m.s.service.LoyaltyShippingService : Applied promo discount=2.400000
INFO [d5rVA63B] c.m.s.service.LoyaltyShippingService : Discount total=5.400000 capped=false netFreight=18.600000
INFO [d5rVA63B] c.m.s.service.LoyaltyShippingService : Calculated Brazil taxes importTax=9.72000000, icmsTax=5.800485
INFO [d5rVA63B] c.m.s.service.LoyaltyShippingService : Shipping calculation result grossFreight=24.00, totalSurcharges=15.52048500, finalFee=34.12048500
INFO [d5rVA63B] c.m.s.c.CheckoutShippingController : Shipping calculation completed with final fee 34.12
INFO [rV4ZAEsk] c.m.s.c.CheckoutShippingController : Shipping calculation requested
INFO [rV4ZAEsk] c.m.s.service.LoyaltyShippingService : Calculating shipping for country=BR, zip=20001-000, cartTotal=100.0
INFO [rV4ZAEsk] c.m.s.service.LoyaltyShippingService : Using database rate baseRate=22.00, regionalSurcharge=2.00
INFO [rV4ZAEsk] c.m.s.service.LoyaltyShippingService : Applied tier=SILVER discount=10.000
INFO [rV4ZAEsk] c.m.s.service.PromoEvaluatorService : Promo code VIP20 applied percentage discount
INFO [rV4ZAEsk] c.m.s.service.LoyaltyShippingService : Applied promo discount=4.800000
INFO [rV4ZAEsk] c.m.s.service.LoyaltyShippingService : Discount total=14.800000 capped=false netFreight=9.200000
INFO [rV4ZAEsk] c.m.s.service.LoyaltyShippingService : Calculated Brazil taxes importTax=45.52000000, icmsTax=11.207709
INFO [rV4ZAEsk] c.m.s.service.LoyaltyShippingService : Shipping calculation result grossFreight=24.00, totalSurcharges=56.72770900, finalFee=65.92770900
INFO [rV4ZAEsk] c.m.s.c.CheckoutShippingController : Shipping calculation completed with final fee 65.93
INFO [MTQfFQyB] c.m.s.c.CheckoutShippingController : Shipping calculation requested
INFO [MTQfFQyB] c.m.s.service.LoyaltyShippingService : Calculating shipping for country=BR, zip=20001-000, cartTotal=40.0
INFO [MTQfFQyB] c.m.s.service.LoyaltyShippingService : Using database rate baseRate=22.00, regionalSurcharge=2.00
INFO [MTQfFQyB] c.m.s.service.LoyaltyShippingService : Applied tier=SILVER discount=4.000
INFO [MTQfFQyB] c.m.s.service.PromoEvaluatorService : Promo code VIP20 rejected below cart minimum 50.00
INFO [MTQfFQyB] c.m.s.service.LoyaltyShippingService : Applied promo discount=0
INFO [MTQfFQyB] c.m.s.service.LoyaltyShippingService : Discount total=4.000 capped=false netFreight=20.000
INFO [MTQfFQyB] c.m.s.service.LoyaltyShippingService : Calculated Brazil taxes importTax=16.00000, icmsTax=7.373495
INFO [MTQfFQyB] c.m.s.service.LoyaltyShippingService : Shipping calculation result grossFreight=24.00, totalSurcharges=23.373495, finalFee=43.373495
INFO [MTQfFQyB] c.m.s.c.CheckoutShippingController : Shipping calculation completed with final fee 43.37
INFO [iy2bOUtE] c.m.s.c.CheckoutShippingController : Shipping calculation requested
INFO [iy2bOUtE] c.m.s.service.LoyaltyShippingService : Calculating shipping for country=BR, zip=20001-000, cartTotal=100.0
INFO [iy2bOUtE] c.m.s.service.LoyaltyShippingService : Using database rate baseRate=22.00, regionalSurcharge=2.00
INFO [iy2bOUtE] c.m.s.service.LoyaltyShippingService : Applied tier=SILVER discount=10.000
INFO [iy2bOUtE] c.m.s.service.PromoEvaluatorService : Promo code FREESHIP10 applied flat discount 10.0000
INFO [iy2bOUtE] c.m.s.service.LoyaltyShippingService : Applied promo discount=10.0000
INFO [iy2bOUtE] c.m.s.service.LoyaltyShippingService : Discount total=20.0000 capped=false netFreight=4.0000
INFO [iy2bOUtE] c.m.s.service.LoyaltyShippingService : Calculated Brazil taxes importTax=42.400000, icmsTax=9.503612
INFO [iy2bOUtE] c.m.s.service.LoyaltyShippingService : Shipping calculation result grossFreight=24.00, totalSurcharges=51.903612, finalFee=55.903612
INFO [iy2bOUtE] c.m.s.c.CheckoutShippingController : Shipping calculation completed with final fee 55.90
INFO [1wctfe0A] c.m.s.c.CheckoutShippingController : Shipping calculation requested
INFO [1wctfe0A] c.m.s.service.LoyaltyShippingService : Calculating shipping for country=BR, zip=20001-000, cartTotal=40.0
INFO [1wctfe0A] c.m.s.service.LoyaltyShippingService : Using database rate baseRate=22.00, regionalSurcharge=2.00
INFO [1wctfe0A] c.m.s.service.LoyaltyShippingService : Applied tier=SILVER discount=4.000
INFO [1wctfe0A] c.m.s.service.PromoEvaluatorService : Promo code EARLYBIRD5 applied flat discount 5.0000
INFO [1wctfe0A] c.m.s.service.LoyaltyShippingService : Applied promo discount=5.0000
INFO [1wctfe0A] c.m.s.service.LoyaltyShippingService : Discount total=9.0000 capped=false netFreight=15.0000
INFO [1wctfe0A] c.m.s.service.LoyaltyShippingService : Calculated Brazil taxes importTax=13.000000, icmsTax=5.734933
INFO [1wctfe0A] c.m.s.service.LoyaltyShippingService : Shipping calculation result grossFreight=24.00, totalSurcharges=18.734933, finalFee=33.734933
INFO [1wctfe0A] c.m.s.c.CheckoutShippingController : Shipping calculation completed with final fee 33.73
INFO [hHPqLvWI] c.m.s.c.CheckoutShippingController : Shipping calculation requested
INFO [hHPqLvWI] c.m.s.service.LoyaltyShippingService : Calculating shipping for country=BR, zip=20001-000, cartTotal=30.0
INFO [hHPqLvWI] c.m.s.service.LoyaltyShippingService : Using database rate baseRate=22.00, regionalSurcharge=2.00
INFO [hHPqLvWI] c.m.s.service.LoyaltyShippingService : Applied tier=SILVER discount=3.000
INFO [hHPqLvWI] c.m.s.service.PromoEvaluatorService : Promo code EARLYBIRD5 rejected outside time window
INFO [hHPqLvWI] c.m.s.service.LoyaltyShippingService : Applied promo discount=0
INFO [hHPqLvWI] c.m.s.service.LoyaltyShippingService : Discount total=3.000 capped=false netFreight=21.000
INFO [hHPqLvWI] c.m.s.service.LoyaltyShippingService : Calculated Brazil taxes importTax=10.60000, icmsTax=6.472291
INFO [hHPqLvWI] c.m.s.service.LoyaltyShippingService : Shipping calculation result grossFreight=24.00, totalSurcharges=17.072291, finalFee=38.072291
INFO [hHPqLvWI] c.m.s.c.CheckoutShippingController : Shipping calculation completed with final fee 38.07
INFO [9TKLM8vh] c.m.s.c.CheckoutShippingController : Shipping calculation requested
INFO [9TKLM8vh] c.m.s.service.LoyaltyShippingService : Calculating shipping for country=BR, zip=20001-000, cartTotal=20.0
INFO [9TKLM8vh] c.m.s.service.LoyaltyShippingService : Using database rate baseRate=22.00, regionalSurcharge=2.00
INFO [9TKLM8vh] c.m.s.service.LoyaltyShippingService : Applied tier=SILVER discount=2.000
INFO [9TKLM8vh] c.m.s.service.PromoEvaluatorService : Promo code NIGHTOWL10 applied remaining-fee percentage discount
INFO [9TKLM8vh] c.m.s.service.LoyaltyShippingService : Applied promo discount=2.2000000
INFO [9TKLM8vh] c.m.s.service.LoyaltyShippingService : Discount total=4.2000000 capped=false netFreight=19.8000000
INFO [9TKLM8vh] c.m.s.service.LoyaltyShippingService : Calculated Brazil taxes importTax=7.960000000, icmsTax=5.685786
INFO [9TKLM8vh] c.m.s.service.LoyaltyShippingService : Shipping calculation result grossFreight=24.00, totalSurcharges=13.645786000, finalFee=33.445786000
INFO [9TKLM8vh] c.m.s.c.CheckoutShippingController : Shipping calculation completed with final fee 33.45
INFO [aUJy8gah] c.m.s.c.CheckoutShippingController : Shipping calculation requested
INFO [aUJy8gah] c.m.s.service.LoyaltyShippingService : Calculating shipping for country=BR, zip=20001-000, cartTotal=20.0
INFO [aUJy8gah] c.m.s.service.LoyaltyShippingService : Using database rate baseRate=22.00, regionalSurcharge=2.00
INFO [aUJy8gah] c.m.s.service.LoyaltyShippingService : Applied tier=SILVER discount=2.000
INFO [aUJy8gah] c.m.s.service.PromoEvaluatorService : Promo code NIGHTOWL10 rejected outside time window
INFO [aUJy8gah] c.m.s.service.LoyaltyShippingService : Applied promo discount=0
INFO [aUJy8gah] c.m.s.service.LoyaltyShippingService : Discount total=2.000 capped=false netFreight=22.000
INFO [aUJy8gah] c.m.s.service.LoyaltyShippingService : Calculated Brazil taxes importTax=8.40000, icmsTax=6.226505
INFO [aUJy8gah] c.m.s.service.LoyaltyShippingService : Shipping calculation result grossFreight=24.00, totalSurcharges=14.626505, finalFee=36.626505
INFO [aUJy8gah] c.m.s.c.CheckoutShippingController : Shipping calculation completed with final fee 36.63
INFO [SNV060ta] c.m.s.c.CheckoutShippingController : Shipping calculation requested
INFO [SNV060ta] c.m.s.service.LoyaltyShippingService : Calculating shipping for country=BR, zip=20001-000, cartTotal=100.0
INFO [SNV060ta] c.m.s.service.LoyaltyShippingService : Using database rate baseRate=22.00, regionalSurcharge=2.00
INFO [SNV060ta] c.m.s.service.LoyaltyShippingService : Applied tier=SILVER discount=10.000
WARN [SNV060ta] c.m.s.service.PromoEvaluatorService : Promo code EXPIRED10 was not found or is inactive
INFO [SNV060ta] c.m.s.service.LoyaltyShippingService : Applied promo discount=0
INFO [SNV060ta] c.m.s.service.LoyaltyShippingService : Discount total=10.000 capped=false netFreight=14.000
INFO [SNV060ta] c.m.s.service.LoyaltyShippingService : Calculated Brazil taxes importTax=48.40000, icmsTax=12.780719
INFO [SNV060ta] c.m.s.service.LoyaltyShippingService : Shipping calculation result grossFreight=24.00, totalSurcharges=61.180719, finalFee=75.180719
INFO [SNV060ta] c.m.s.c.CheckoutShippingController : Shipping calculation completed with final fee 75.18
INFO [QIuaSENN] c.m.s.c.CheckoutShippingController : Shipping calculation requested
INFO [QIuaSENN] c.m.s.service.LoyaltyShippingService : Calculating shipping for country=BR, zip=20001-000, cartTotal=20.0
INFO [QIuaSENN] c.m.s.service.LoyaltyShippingService : Using database rate baseRate=22.00, regionalSurcharge=2.00
INFO [QIuaSENN] c.m.s.service.LoyaltyShippingService : Applied tier=GOLD discount=4.000
INFO [QIuaSENN] c.m.s.service.PromoEvaluatorService : No promo code supplied
INFO [QIuaSENN] c.m.s.service.LoyaltyShippingService : Applied promo discount=0
INFO [QIuaSENN] c.m.s.service.LoyaltyShippingService : Discount total=4.000 capped=false netFreight=20.000
INFO [QIuaSENN] c.m.s.service.LoyaltyShippingService : Calculated Brazil taxes importTax=8.00000, icmsTax=5.734933
INFO [QIuaSENN] c.m.s.service.LoyaltyShippingService : Shipping calculation result grossFreight=24.00, totalSurcharges=13.734933, finalFee=33.734933
INFO [QIuaSENN] c.m.s.c.CheckoutShippingController : Shipping calculation completed with final fee 33.73
INFO [tovWnOxj] c.m.s.c.CheckoutShippingController : Shipping calculation requested
INFO [tovWnOxj] c.m.s.service.LoyaltyShippingService : Calculating shipping for country=BR, zip=20001-000, cartTotal=40.0
INFO [tovWnOxj] c.m.s.service.LoyaltyShippingService : Using database rate baseRate=22.00, regionalSurcharge=2.00
INFO [tovWnOxj] c.m.s.service.LoyaltyShippingService : Applied tier=GOLD discount=8.000
INFO [tovWnOxj] c.m.s.service.PromoEvaluatorService : Promo code SUMMER5 applied flat discount 5.0000
INFO [tovWnOxj] c.m.s.service.LoyaltyShippingService : Applied promo discount=5.0000
INFO [tovWnOxj] c.m.s.service.LoyaltyShippingService : Discount total=13.0000 capped=false netFreight=11.0000
INFO [tovWnOxj] c.m.s.service.LoyaltyShippingService : Calculated Brazil taxes importTax=10.600000, icmsTax=4.424097
INFO [tovWnOxj] c.m.s.service.LoyaltyShippingService : Shipping calculation result grossFreight=24.00, totalSurcharges=15.024097, finalFee=26.024097
INFO [tovWnOxj] c.m.s.c.CheckoutShippingController : Shipping calculation completed with final fee 26.02
INFO [Oi4Qi1KE] c.m.s.c.CheckoutShippingController : Shipping calculation requested
INFO [Oi4Qi1KE] c.m.s.service.LoyaltyShippingService : Calculating shipping for country=BR, zip=20001-000, cartTotal=30.0
INFO [Oi4Qi1KE] c.m.s.service.LoyaltyShippingService : Using database rate baseRate=22.00, regionalSurcharge=2.00
INFO [Oi4Qi1KE] c.m.s.service.LoyaltyShippingService : Applied tier=GOLD discount=6.000
INFO [Oi4Qi1KE] c.m.s.service.PromoEvaluatorService : Promo code WELCOME10 applied percentage discount
INFO [Oi4Qi1KE] c.m.s.service.LoyaltyShippingService : Applied promo discount=2.400000
INFO [Oi4Qi1KE] c.m.s.service.LoyaltyShippingService : Discount total=8.400000 capped=false netFreight=15.600000
INFO [Oi4Qi1KE] c.m.s.service.LoyaltyShippingService : Calculated Brazil taxes importTax=9.12000000, icmsTax=5.063127
INFO [Oi4Qi1KE] c.m.s.service.LoyaltyShippingService : Shipping calculation result grossFreight=24.00, totalSurcharges=14.18312700, finalFee=29.78312700
INFO [Oi4Qi1KE] c.m.s.c.CheckoutShippingController : Shipping calculation completed with final fee 29.78
INFO [J9UEdeGL] c.m.s.c.CheckoutShippingController : Shipping calculation requested
INFO [J9UEdeGL] c.m.s.service.LoyaltyShippingService : Calculating shipping for country=BR, zip=20001-000, cartTotal=100.0
INFO [J9UEdeGL] c.m.s.service.LoyaltyShippingService : Using database rate baseRate=22.00, regionalSurcharge=2.00
INFO [J9UEdeGL] c.m.s.service.LoyaltyShippingService : Applied tier=GOLD discount=20.000
INFO [J9UEdeGL] c.m.s.service.PromoEvaluatorService : Promo code VIP20 applied percentage discount
INFO [J9UEdeGL] c.m.s.service.LoyaltyShippingService : Applied promo discount=4.800000
INFO [J9UEdeGL] c.m.s.service.LoyaltyShippingService : Discount total=24.800000 capped=false netFreight=0
INFO [J9UEdeGL] c.m.s.service.LoyaltyShippingService : Calculated Brazil taxes importTax=40.000, icmsTax=8.192776
INFO [J9UEdeGL] c.m.s.service.LoyaltyShippingService : Shipping calculation result grossFreight=24.00, totalSurcharges=48.192776, finalFee=48.192776
INFO [J9UEdeGL] c.m.s.c.CheckoutShippingController : Shipping calculation completed with final fee 48.19
INFO [fk6il1hh] c.m.s.c.CheckoutShippingController : Shipping calculation requested
INFO [fk6il1hh] c.m.s.service.LoyaltyShippingService : Calculating shipping for country=BR, zip=20001-000, cartTotal=40.0
INFO [fk6il1hh] c.m.s.service.LoyaltyShippingService : Using database rate baseRate=22.00, regionalSurcharge=2.00
INFO [fk6il1hh] c.m.s.service.LoyaltyShippingService : Applied tier=GOLD discount=8.000
INFO [fk6il1hh] c.m.s.service.PromoEvaluatorService : Promo code VIP20 rejected below cart minimum 50.00
INFO [fk6il1hh] c.m.s.service.LoyaltyShippingService : Applied promo discount=0
INFO [fk6il1hh] c.m.s.service.LoyaltyShippingService : Discount total=8.000 capped=false netFreight=16.000
INFO [fk6il1hh] c.m.s.service.LoyaltyShippingService : Calculated Brazil taxes importTax=13.60000, icmsTax=6.062659
INFO [fk6il1hh] c.m.s.service.LoyaltyShippingService : Shipping calculation result grossFreight=24.00, totalSurcharges=19.662659, finalFee=35.662659
INFO [fk6il1hh] c.m.s.c.CheckoutShippingController : Shipping calculation completed with final fee 35.66
INFO [uJLbIldz] c.m.s.c.CheckoutShippingController : Shipping calculation requested
INFO [uJLbIldz] c.m.s.service.LoyaltyShippingService : Calculating shipping for country=BR, zip=20001-000, cartTotal=100.0
INFO [uJLbIldz] c.m.s.service.LoyaltyShippingService : Using database rate baseRate=22.00, regionalSurcharge=2.00
INFO [uJLbIldz] c.m.s.service.LoyaltyShippingService : Applied tier=GOLD discount=20.000
INFO [uJLbIldz] c.m.s.service.PromoEvaluatorService : Promo code FREESHIP10 applied flat discount 10.0000
INFO [uJLbIldz] c.m.s.service.LoyaltyShippingService : Applied promo discount=10.0000
INFO [uJLbIldz] c.m.s.service.LoyaltyShippingService : Discount total=30.0000 capped=false netFreight=0
INFO [uJLbIldz] c.m.s.service.LoyaltyShippingService : Calculated Brazil taxes importTax=40.000, icmsTax=8.192776
INFO [uJLbIldz] c.m.s.service.LoyaltyShippingService : Shipping calculation result grossFreight=24.00, totalSurcharges=48.192776, finalFee=48.192776
INFO [uJLbIldz] c.m.s.c.CheckoutShippingController : Shipping calculation completed with final fee 48.19
INFO [kc3dTMAb] c.m.s.c.CheckoutShippingController : Shipping calculation requested
INFO [kc3dTMAb] c.m.s.service.LoyaltyShippingService : Calculating shipping for country=BR, zip=20001-000, cartTotal=40.0
INFO [kc3dTMAb] c.m.s.service.LoyaltyShippingService : Using database rate baseRate=22.00, regionalSurcharge=2.00
INFO [kc3dTMAb] c.m.s.service.LoyaltyShippingService : Applied tier=GOLD discount=8.000
INFO [kc3dTMAb] c.m.s.service.PromoEvaluatorService : Promo code EARLYBIRD5 applied flat discount 5.0000
INFO [kc3dTMAb] c.m.s.service.LoyaltyShippingService : Applied promo discount=5.0000
INFO [kc3dTMAb] c.m.s.service.LoyaltyShippingService : Discount total=13.0000 capped=false netFreight=11.0000
INFO [kc3dTMAb] c.m.s.service.LoyaltyShippingService : Calculated Brazil taxes importTax=10.600000, icmsTax=4.424097
INFO [kc3dTMAb] c.m.s.service.LoyaltyShippingService : Shipping calculation result grossFreight=24.00, totalSurcharges=15.024097, finalFee=26.024097
INFO [kc3dTMAb] c.m.s.c.CheckoutShippingController : Shipping calculation completed with final fee 26.02
INFO [H2rvuUbX] c.m.s.c.CheckoutShippingController : Shipping calculation requested
INFO [H2rvuUbX] c.m.s.service.LoyaltyShippingService : Calculating shipping for country=BR, zip=20001-000, cartTotal=30.0
INFO [H2rvuUbX] c.m.s.service.LoyaltyShippingService : Using database rate baseRate=22.00, regionalSurcharge=2.00
INFO [H2rvuUbX] c.m.s.service.LoyaltyShippingService : Applied tier=GOLD discount=6.000
INFO [H2rvuUbX] c.m.s.service.PromoEvaluatorService : Promo code EARLYBIRD5 rejected outside time window
INFO [H2rvuUbX] c.m.s.service.LoyaltyShippingService : Applied promo discount=0
INFO [H2rvuUbX] c.m.s.service.LoyaltyShippingService : Discount total=6.000 capped=false netFreight=18.000
INFO [H2rvuUbX] c.m.s.service.LoyaltyShippingService : Calculated Brazil taxes importTax=9.60000, icmsTax=5.653010
INFO [H2rvuUbX] c.m.s.service.LoyaltyShippingService : Shipping calculation result grossFreight=24.00, totalSurcharges=15.253010, finalFee=33.253010
INFO [H2rvuUbX] c.m.s.c.CheckoutShippingController : Shipping calculation completed with final fee 33.25
INFO [eN73rsp8] c.m.s.c.CheckoutShippingController : Shipping calculation requested
INFO [eN73rsp8] c.m.s.service.LoyaltyShippingService : Calculating shipping for country=BR, zip=20001-000, cartTotal=20.0
INFO [eN73rsp8] c.m.s.service.LoyaltyShippingService : Using database rate baseRate=22.00, regionalSurcharge=2.00
INFO [eN73rsp8] c.m.s.service.LoyaltyShippingService : Applied tier=GOLD discount=4.000
INFO [eN73rsp8] c.m.s.service.PromoEvaluatorService : Promo code NIGHTOWL10 applied remaining-fee percentage discount
INFO [eN73rsp8] c.m.s.service.LoyaltyShippingService : Applied promo discount=2.0000000
INFO [eN73rsp8] c.m.s.service.LoyaltyShippingService : Discount total=6.0000000 capped=false netFreight=18.0000000
INFO [eN73rsp8] c.m.s.service.LoyaltyShippingService : Calculated Brazil taxes importTax=7.600000000, icmsTax=5.243378
INFO [eN73rsp8] c.m.s.service.LoyaltyShippingService : Shipping calculation result grossFreight=24.00, totalSurcharges=12.843378000, finalFee=30.843378000
INFO [eN73rsp8] c.m.s.c.CheckoutShippingController : Shipping calculation completed with final fee 30.84
INFO [Jtq6MpVQ] c.m.s.c.CheckoutShippingController : Shipping calculation requested
INFO [Jtq6MpVQ] c.m.s.service.LoyaltyShippingService : Calculating shipping for country=BR, zip=20001-000, cartTotal=20.0
INFO [Jtq6MpVQ] c.m.s.service.LoyaltyShippingService : Using database rate baseRate=22.00, regionalSurcharge=2.00
INFO [Jtq6MpVQ] c.m.s.service.LoyaltyShippingService : Applied tier=GOLD discount=4.000
INFO [Jtq6MpVQ] c.m.s.service.PromoEvaluatorService : Promo code NIGHTOWL10 rejected outside time window
INFO [Jtq6MpVQ] c.m.s.service.LoyaltyShippingService : Applied promo discount=0
INFO [Jtq6MpVQ] c.m.s.service.LoyaltyShippingService : Discount total=4.000 capped=false netFreight=20.000
INFO [Jtq6MpVQ] c.m.s.service.LoyaltyShippingService : Calculated Brazil taxes importTax=8.00000, icmsTax=5.734933
INFO [Jtq6MpVQ] c.m.s.service.LoyaltyShippingService : Shipping calculation result grossFreight=24.00, totalSurcharges=13.734933, finalFee=33.734933
INFO [Jtq6MpVQ] c.m.s.c.CheckoutShippingController : Shipping calculation completed with final fee 33.73
INFO [c0CeWufo] c.m.s.c.CheckoutShippingController : Shipping calculation requested
INFO [c0CeWufo] c.m.s.service.LoyaltyShippingService : Calculating shipping for country=BR, zip=20001-000, cartTotal=100.0
INFO [c0CeWufo] c.m.s.service.LoyaltyShippingService : Using database rate baseRate=22.00, regionalSurcharge=2.00
INFO [c0CeWufo] c.m.s.service.LoyaltyShippingService : Applied tier=GOLD discount=20.000
WARN [c0CeWufo] c.m.s.service.PromoEvaluatorService : Promo code EXPIRED10 was not found or is inactive
INFO [c0CeWufo] c.m.s.service.LoyaltyShippingService : Applied promo discount=0
INFO [c0CeWufo] c.m.s.service.LoyaltyShippingService : Discount total=20.000 capped=false netFreight=4.000
INFO [c0CeWufo] c.m.s.service.LoyaltyShippingService : Calculated Brazil taxes importTax=42.40000, icmsTax=9.503612
INFO [c0CeWufo] c.m.s.service.LoyaltyShippingService : Shipping calculation result grossFreight=24.00, totalSurcharges=51.903612, finalFee=55.903612
INFO [c0CeWufo] c.m.s.c.CheckoutShippingController : Shipping calculation completed with final fee 55.90
INFO [RHQTmuPF] c.m.s.c.CheckoutShippingController : Shipping calculation requested
INFO [RHQTmuPF] c.m.s.service.LoyaltyShippingService : Calculating shipping for country=BR, zip=20001-000, cartTotal=20.0
INFO [RHQTmuPF] c.m.s.service.LoyaltyShippingService : Using database rate baseRate=22.00, regionalSurcharge=2.00
INFO [RHQTmuPF] c.m.s.service.LoyaltyShippingService : Applied tier=VIP discount=6.000
INFO [RHQTmuPF] c.m.s.service.PromoEvaluatorService : No promo code supplied
INFO [RHQTmuPF] c.m.s.service.LoyaltyShippingService : Applied promo discount=0
INFO [RHQTmuPF] c.m.s.service.LoyaltyShippingService : Discount total=6.000 capped=false netFreight=18.000
INFO [RHQTmuPF] c.m.s.service.LoyaltyShippingService : Calculated Brazil taxes importTax=7.60000, icmsTax=5.243378
INFO [RHQTmuPF] c.m.s.service.LoyaltyShippingService : Shipping calculation result grossFreight=24.00, totalSurcharges=12.843378, finalFee=30.843378
INFO [RHQTmuPF] c.m.s.c.CheckoutShippingController : Shipping calculation completed with final fee 30.84
INFO [QXVCTZT3] c.m.s.c.CheckoutShippingController : Shipping calculation requested
INFO [QXVCTZT3] c.m.s.service.LoyaltyShippingService : Calculating shipping for country=BR, zip=20001-000, cartTotal=40.0
INFO [QXVCTZT3] c.m.s.service.LoyaltyShippingService : Using database rate baseRate=22.00, regionalSurcharge=2.00
INFO [QXVCTZT3] c.m.s.service.LoyaltyShippingService : Applied tier=VIP discount=12.000
INFO [QXVCTZT3] c.m.s.service.PromoEvaluatorService : Promo code SUMMER5 applied flat discount 5.0000
INFO [QXVCTZT3] c.m.s.service.LoyaltyShippingService : Applied promo discount=5.0000
INFO [QXVCTZT3] c.m.s.service.LoyaltyShippingService : Discount total=17.0000 capped=false netFreight=7.0000
INFO [QXVCTZT3] c.m.s.service.LoyaltyShippingService : Calculated Brazil taxes importTax=9.400000, icmsTax=3.359030
INFO [QXVCTZT3] c.m.s.service.LoyaltyShippingService : Shipping calculation result grossFreight=24.00, totalSurcharges=12.759030, finalFee=19.759030
INFO [QXVCTZT3] c.m.s.c.CheckoutShippingController : Shipping calculation completed with final fee 19.76
INFO [UwVhQVhX] c.m.s.c.CheckoutShippingController : Shipping calculation requested
INFO [UwVhQVhX] c.m.s.service.LoyaltyShippingService : Calculating shipping for country=BR, zip=20001-000, cartTotal=30.0
INFO [UwVhQVhX] c.m.s.service.LoyaltyShippingService : Using database rate baseRate=22.00, regionalSurcharge=2.00
INFO [UwVhQVhX] c.m.s.service.LoyaltyShippingService : Applied tier=VIP discount=9.000
INFO [UwVhQVhX] c.m.s.service.PromoEvaluatorService : Promo code WELCOME10 applied percentage discount
INFO [UwVhQVhX] c.m.s.service.LoyaltyShippingService : Applied promo discount=2.400000
INFO [UwVhQVhX] c.m.s.service.LoyaltyShippingService : Discount total=11.400000 capped=false netFreight=12.600000
INFO [UwVhQVhX] c.m.s.service.LoyaltyShippingService : Calculated Brazil taxes importTax=8.52000000, icmsTax=4.325786
INFO [UwVhQVhX] c.m.s.service.LoyaltyShippingService : Shipping calculation result grossFreight=24.00, totalSurcharges=12.84578600, finalFee=25.44578600
INFO [UwVhQVhX] c.m.s.c.CheckoutShippingController : Shipping calculation completed with final fee 25.45
INFO [CdC4rlqN] c.m.s.c.CheckoutShippingController : Shipping calculation requested
INFO [CdC4rlqN] c.m.s.service.LoyaltyShippingService : Calculating shipping for country=BR, zip=20001-000, cartTotal=100.0
INFO [CdC4rlqN] c.m.s.service.LoyaltyShippingService : Using database rate baseRate=22.00, regionalSurcharge=2.00
INFO [CdC4rlqN] c.m.s.service.LoyaltyShippingService : Applied tier=VIP discount=30.000
INFO [CdC4rlqN] c.m.s.service.PromoEvaluatorService : Promo code VIP20 applied percentage discount
INFO [CdC4rlqN] c.m.s.service.LoyaltyShippingService : Applied promo discount=4.800000
INFO [CdC4rlqN] c.m.s.service.LoyaltyShippingService : Discount total=34.800000 capped=false netFreight=0
INFO [CdC4rlqN] c.m.s.service.LoyaltyShippingService : Calculated Brazil taxes importTax=40.000, icmsTax=8.192776
INFO [CdC4rlqN] c.m.s.service.LoyaltyShippingService : Shipping calculation result grossFreight=24.00, totalSurcharges=48.192776, finalFee=48.192776
INFO [CdC4rlqN] c.m.s.c.CheckoutShippingController : Shipping calculation completed with final fee 48.19
INFO [gRTYlQ2e] c.m.s.c.CheckoutShippingController : Shipping calculation requested
INFO [gRTYlQ2e] c.m.s.service.LoyaltyShippingService : Calculating shipping for country=BR, zip=20001-000, cartTotal=40.0
INFO [gRTYlQ2e] c.m.s.service.LoyaltyShippingService : Using database rate baseRate=22.00, regionalSurcharge=2.00
INFO [gRTYlQ2e] c.m.s.service.LoyaltyShippingService : Applied tier=VIP discount=12.000
INFO [gRTYlQ2e] c.m.s.service.PromoEvaluatorService : Promo code VIP20 rejected below cart minimum 50.00
INFO [gRTYlQ2e] c.m.s.service.LoyaltyShippingService : Applied promo discount=0
INFO [gRTYlQ2e] c.m.s.service.LoyaltyShippingService : Discount total=12.000 capped=false netFreight=12.000
INFO [gRTYlQ2e] c.m.s.service.LoyaltyShippingService : Calculated Brazil taxes importTax=11.20000, icmsTax=4.751806
INFO [gRTYlQ2e] c.m.s.service.LoyaltyShippingService : Shipping calculation result grossFreight=24.00, totalSurcharges=15.951806, finalFee=27.951806
INFO [gRTYlQ2e] c.m.s.c.CheckoutShippingController : Shipping calculation completed with final fee 27.95
INFO [3obY2Suz] c.m.s.c.CheckoutShippingController : Shipping calculation requested
INFO [3obY2Suz] c.m.s.service.LoyaltyShippingService : Calculating shipping for country=BR, zip=20001-000, cartTotal=100.0
INFO [3obY2Suz] c.m.s.service.LoyaltyShippingService : Using database rate baseRate=22.00, regionalSurcharge=2.00
INFO [3obY2Suz] c.m.s.service.LoyaltyShippingService : Applied tier=VIP discount=30.000
INFO [3obY2Suz] c.m.s.service.PromoEvaluatorService : Promo code FREESHIP10 applied flat discount 10.0000
INFO [3obY2Suz] c.m.s.service.LoyaltyShippingService : Applied promo discount=10.0000
INFO [3obY2Suz] c.m.s.service.LoyaltyShippingService : Discount total=40.0000 capped=false netFreight=0
INFO [3obY2Suz] c.m.s.service.LoyaltyShippingService : Calculated Brazil taxes importTax=40.000, icmsTax=8.192776
INFO [3obY2Suz] c.m.s.service.LoyaltyShippingService : Shipping calculation result grossFreight=24.00, totalSurcharges=48.192776, finalFee=48.192776
INFO [3obY2Suz] c.m.s.c.CheckoutShippingController : Shipping calculation completed with final fee 48.19
INFO [nQMtcAHC] c.m.s.c.CheckoutShippingController : Shipping calculation requested
INFO [nQMtcAHC] c.m.s.service.LoyaltyShippingService : Calculating shipping for country=BR, zip=20001-000, cartTotal=40.0
INFO [nQMtcAHC] c.m.s.service.LoyaltyShippingService : Using database rate baseRate=22.00, regionalSurcharge=2.00
INFO [nQMtcAHC] c.m.s.service.LoyaltyShippingService : Applied tier=VIP discount=12.000
INFO [nQMtcAHC] c.m.s.service.PromoEvaluatorService : Promo code EARLYBIRD5 applied flat discount 5.0000
INFO [nQMtcAHC] c.m.s.service.LoyaltyShippingService : Applied promo discount=5.0000
INFO [nQMtcAHC] c.m.s.service.LoyaltyShippingService : Discount total=17.0000 capped=false netFreight=7.0000
INFO [nQMtcAHC] c.m.s.service.LoyaltyShippingService : Calculated Brazil taxes importTax=9.400000, icmsTax=3.359030
INFO [nQMtcAHC] c.m.s.service.LoyaltyShippingService : Shipping calculation result grossFreight=24.00, totalSurcharges=12.759030, finalFee=19.759030
INFO [nQMtcAHC] c.m.s.c.CheckoutShippingController : Shipping calculation completed with final fee 19.76
INFO [ShrNnIyd] c.m.s.c.CheckoutShippingController : Shipping calculation requested
INFO [ShrNnIyd] c.m.s.service.LoyaltyShippingService : Calculating shipping for country=BR, zip=20001-000, cartTotal=30.0
INFO [ShrNnIyd] c.m.s.service.LoyaltyShippingService : Using database rate baseRate=22.00, regionalSurcharge=2.00
INFO [ShrNnIyd] c.m.s.service.LoyaltyShippingService : Applied tier=VIP discount=9.000
INFO [ShrNnIyd] c.m.s.service.PromoEvaluatorService : Promo code EARLYBIRD5 rejected outside time window
INFO [ShrNnIyd] c.m.s.service.LoyaltyShippingService : Applied promo discount=0
INFO [ShrNnIyd] c.m.s.service.LoyaltyShippingService : Discount total=9.000 capped=false netFreight=15.000
INFO [ShrNnIyd] c.m.s.service.LoyaltyShippingService : Calculated Brazil taxes importTax=9.00000, icmsTax=4.915669
INFO [ShrNnIyd] c.m.s.service.LoyaltyShippingService : Shipping calculation result grossFreight=24.00, totalSurcharges=13.915669, finalFee=28.915669
INFO [ShrNnIyd] c.m.s.c.CheckoutShippingController : Shipping calculation completed with final fee 28.92
INFO [jdO37LjC] c.m.s.c.CheckoutShippingController : Shipping calculation requested
INFO [jdO37LjC] c.m.s.service.LoyaltyShippingService : Calculating shipping for country=BR, zip=20001-000, cartTotal=20.0
INFO [jdO37LjC] c.m.s.service.LoyaltyShippingService : Using database rate baseRate=22.00, regionalSurcharge=2.00
INFO [jdO37LjC] c.m.s.service.LoyaltyShippingService : Applied tier=VIP discount=6.000
INFO [jdO37LjC] c.m.s.service.PromoEvaluatorService : Promo code NIGHTOWL10 applied remaining-fee percentage discount
INFO [jdO37LjC] c.m.s.service.LoyaltyShippingService : Applied promo discount=1.8000000
INFO [jdO37LjC] c.m.s.service.LoyaltyShippingService : Discount total=7.8000000 capped=false netFreight=16.2000000
INFO [jdO37LjC] c.m.s.service.LoyaltyShippingService : Calculated Brazil taxes importTax=7.240000000, icmsTax=4.800970
INFO [jdO37LjC] c.m.s.service.LoyaltyShippingService : Shipping calculation result grossFreight=24.00, totalSurcharges=12.040970000, finalFee=28.240970000
INFO [jdO37LjC] c.m.s.c.CheckoutShippingController : Shipping calculation completed with final fee 28.24
INFO [FHDxZ0CL] c.m.s.c.CheckoutShippingController : Shipping calculation requested
INFO [FHDxZ0CL] c.m.s.service.LoyaltyShippingService : Calculating shipping for country=BR, zip=20001-000, cartTotal=20.0
INFO [FHDxZ0CL] c.m.s.service.LoyaltyShippingService : Using database rate baseRate=22.00, regionalSurcharge=2.00
INFO [FHDxZ0CL] c.m.s.service.LoyaltyShippingService : Applied tier=VIP discount=6.000
INFO [FHDxZ0CL] c.m.s.service.PromoEvaluatorService : Promo code NIGHTOWL10 rejected outside time window
INFO [FHDxZ0CL] c.m.s.service.LoyaltyShippingService : Applied promo discount=0
INFO [FHDxZ0CL] c.m.s.service.LoyaltyShippingService : Discount total=6.000 capped=false netFreight=18.000
INFO [FHDxZ0CL] c.m.s.service.LoyaltyShippingService : Calculated Brazil taxes importTax=7.60000, icmsTax=5.243378
INFO [FHDxZ0CL] c.m.s.service.LoyaltyShippingService : Shipping calculation result grossFreight=24.00, totalSurcharges=12.843378, finalFee=30.843378
INFO [FHDxZ0CL] c.m.s.c.CheckoutShippingController : Shipping calculation completed with final fee 30.84
INFO [XAVqtm9U] c.m.s.c.CheckoutShippingController : Shipping calculation requested
INFO [XAVqtm9U] c.m.s.service.LoyaltyShippingService : Calculating shipping for country=BR, zip=20001-000, cartTotal=100.0
INFO [XAVqtm9U] c.m.s.service.LoyaltyShippingService : Using database rate baseRate=22.00, regionalSurcharge=2.00
INFO [XAVqtm9U] c.m.s.service.LoyaltyShippingService : Applied tier=VIP discount=30.000
WARN [XAVqtm9U] c.m.s.service.PromoEvaluatorService : Promo code EXPIRED10 was not found or is inactive
INFO [XAVqtm9U] c.m.s.service.LoyaltyShippingService : Applied promo discount=0
INFO [XAVqtm9U] c.m.s.service.LoyaltyShippingService : Discount total=30.000 capped=false netFreight=0
INFO [XAVqtm9U] c.m.s.service.LoyaltyShippingService : Calculated Brazil taxes importTax=40.000, icmsTax=8.192776
INFO [XAVqtm9U] c.m.s.service.LoyaltyShippingService : Shipping calculation result grossFreight=24.00, totalSurcharges=48.192776, finalFee=48.192776
INFO [XAVqtm9U] c.m.s.c.CheckoutShippingController : Shipping calculation completed with final fee 48.19
INFO [J1ihY8N3] c.m.s.c.CheckoutShippingController : Shipping calculation requested
INFO [J1ihY8N3] c.m.s.service.LoyaltyShippingService : Calculating shipping for country=BR, zip=90001-000, cartTotal=20.0
INFO [J1ihY8N3] c.m.s.service.LoyaltyShippingService : Using database rate baseRate=25.00, regionalSurcharge=6.50
INFO [J1ihY8N3] c.m.s.service.LoyaltyShippingService : Applied tier=STANDARD discount=0.0
INFO [J1ihY8N3] c.m.s.service.PromoEvaluatorService : No promo code supplied
INFO [J1ihY8N3] c.m.s.service.LoyaltyShippingService : Applied promo discount=0
INFO [J1ihY8N3] c.m.s.service.LoyaltyShippingService : Discount total=0.0 capped=false netFreight=31.50
INFO [J1ihY8N3] c.m.s.service.LoyaltyShippingService : Calculated Brazil taxes importTax=10.9000, icmsTax=8.684331
INFO [J1ihY8N3] c.m.s.service.LoyaltyShippingService : Shipping calculation result grossFreight=31.50, totalSurcharges=19.584331, finalFee=51.084331
INFO [J1ihY8N3] c.m.s.c.CheckoutShippingController : Shipping calculation completed with final fee 51.08
INFO [ETkYW1AE] c.m.s.c.CheckoutShippingController : Shipping calculation requested
INFO [ETkYW1AE] c.m.s.service.LoyaltyShippingService : Calculating shipping for country=BR, zip=90001-000, cartTotal=40.0
INFO [ETkYW1AE] c.m.s.service.LoyaltyShippingService : Using database rate baseRate=25.00, regionalSurcharge=6.50
INFO [ETkYW1AE] c.m.s.service.LoyaltyShippingService : Applied tier=STANDARD discount=0.0
INFO [ETkYW1AE] c.m.s.service.PromoEvaluatorService : Promo code SUMMER5 applied flat discount 5.0000
INFO [ETkYW1AE] c.m.s.service.LoyaltyShippingService : Applied promo discount=5.0000
INFO [ETkYW1AE] c.m.s.service.LoyaltyShippingService : Discount total=5.0000 capped=false netFreight=26.5000
INFO [ETkYW1AE] c.m.s.service.LoyaltyShippingService : Calculated Brazil taxes importTax=19.900000, icmsTax=9.503612
INFO [ETkYW1AE] c.m.s.service.LoyaltyShippingService : Shipping calculation result grossFreight=31.50, totalSurcharges=29.403612, finalFee=55.903612
INFO [ETkYW1AE] c.m.s.c.CheckoutShippingController : Shipping calculation completed with final fee 55.90
INFO [EDtES3ih] c.m.s.c.CheckoutShippingController : Shipping calculation requested
INFO [EDtES3ih] c.m.s.service.LoyaltyShippingService : Calculating shipping for country=BR, zip=90001-000, cartTotal=30.0
INFO [EDtES3ih] c.m.s.service.LoyaltyShippingService : Using database rate baseRate=25.00, regionalSurcharge=6.50
INFO [EDtES3ih] c.m.s.service.LoyaltyShippingService : Applied tier=STANDARD discount=0.0
INFO [EDtES3ih] c.m.s.service.PromoEvaluatorService : Promo code WELCOME10 applied percentage discount
INFO [EDtES3ih] c.m.s.service.LoyaltyShippingService : Applied promo discount=3.150000
INFO [EDtES3ih] c.m.s.service.LoyaltyShippingService : Discount total=3.150000 capped=false netFreight=28.350000
INFO [EDtES3ih] c.m.s.service.LoyaltyShippingService : Calculated Brazil taxes importTax=15.01000000, icmsTax=8.880970
INFO [EDtES3ih] c.m.s.service.LoyaltyShippingService : Shipping calculation result grossFreight=31.50, totalSurcharges=23.89097000, finalFee=52.24097000
INFO [EDtES3ih] c.m.s.c.CheckoutShippingController : Shipping calculation completed with final fee 52.24
INFO [5ltYaO3R] c.m.s.c.CheckoutShippingController : Shipping calculation requested
INFO [5ltYaO3R] c.m.s.service.LoyaltyShippingService : Calculating shipping for country=BR, zip=90001-000, cartTotal=100.0
INFO [5ltYaO3R] c.m.s.service.LoyaltyShippingService : Using database rate baseRate=25.00, regionalSurcharge=6.50
INFO [5ltYaO3R] c.m.s.service.LoyaltyShippingService : Applied tier=STANDARD discount=0.0
INFO [5ltYaO3R] c.m.s.service.PromoEvaluatorService : Promo code VIP20 applied percentage discount
INFO [5ltYaO3R] c.m.s.service.LoyaltyShippingService : Applied promo discount=6.300000
INFO [5ltYaO3R] c.m.s.service.LoyaltyShippingService : Discount total=6.300000 capped=false netFreight=25.200000
INFO [5ltYaO3R] c.m.s.service.LoyaltyShippingService : Calculated Brazil taxes importTax=55.12000000, icmsTax=16.451087
INFO [5ltYaO3R] c.m.s.service.LoyaltyShippingService : Shipping calculation result grossFreight=31.50, totalSurcharges=71.57108700, finalFee=96.77108700
INFO [5ltYaO3R] c.m.s.c.CheckoutShippingController : Shipping calculation completed with final fee 96.77
INFO [roCcOFF7] c.m.s.c.CheckoutShippingController : Shipping calculation requested
INFO [roCcOFF7] c.m.s.service.LoyaltyShippingService : Calculating shipping for country=BR, zip=90001-000, cartTotal=40.0
INFO [roCcOFF7] c.m.s.service.LoyaltyShippingService : Using database rate baseRate=25.00, regionalSurcharge=6.50
INFO [roCcOFF7] c.m.s.service.LoyaltyShippingService : Applied tier=STANDARD discount=0.0
INFO [roCcOFF7] c.m.s.service.PromoEvaluatorService : Promo code VIP20 rejected below cart minimum 50.00
INFO [roCcOFF7] c.m.s.service.LoyaltyShippingService : Applied promo discount=0
INFO [roCcOFF7] c.m.s.service.LoyaltyShippingService : Discount total=0.0 capped=false netFreight=31.50
INFO [roCcOFF7] c.m.s.service.LoyaltyShippingService : Calculated Brazil taxes importTax=22.9000, icmsTax=11.142174
INFO [roCcOFF7] c.m.s.service.LoyaltyShippingService : Shipping calculation result grossFreight=31.50, totalSurcharges=34.042174, finalFee=65.542174
INFO [roCcOFF7] c.m.s.c.CheckoutShippingController : Shipping calculation completed with final fee 65.54
INFO [sWqmTCBc] c.m.s.c.CheckoutShippingController : Shipping calculation requested
INFO [sWqmTCBc] c.m.s.service.LoyaltyShippingService : Calculating shipping for country=BR, zip=90001-000, cartTotal=100.0
INFO [sWqmTCBc] c.m.s.service.LoyaltyShippingService : Using database rate baseRate=25.00, regionalSurcharge=6.50
INFO [sWqmTCBc] c.m.s.service.LoyaltyShippingService : Applied tier=STANDARD discount=0.0
INFO [sWqmTCBc] c.m.s.service.PromoEvaluatorService : Promo code FREESHIP10 applied flat discount 10.0000
INFO [sWqmTCBc] c.m.s.service.LoyaltyShippingService : Applied promo discount=10.0000
INFO [sWqmTCBc] c.m.s.service.LoyaltyShippingService : Discount total=10.0000 capped=false netFreight=21.5000
INFO [sWqmTCBc] c.m.s.service.LoyaltyShippingService : Calculated Brazil taxes importTax=52.900000, icmsTax=15.238562
INFO [sWqmTCBc] c.m.s.service.LoyaltyShippingService : Shipping calculation result grossFreight=31.50, totalSurcharges=68.138562, finalFee=89.638562
INFO [sWqmTCBc] c.m.s.c.CheckoutShippingController : Shipping calculation completed with final fee 89.64
INFO [kQOcf7wn] c.m.s.c.CheckoutShippingController : Shipping calculation requested
INFO [kQOcf7wn] c.m.s.service.LoyaltyShippingService : Calculating shipping for country=BR, zip=90001-000, cartTotal=40.0
INFO [kQOcf7wn] c.m.s.service.LoyaltyShippingService : Using database rate baseRate=25.00, regionalSurcharge=6.50
INFO [kQOcf7wn] c.m.s.service.LoyaltyShippingService : Applied tier=STANDARD discount=0.0
INFO [kQOcf7wn] c.m.s.service.PromoEvaluatorService : Promo code EARLYBIRD5 applied flat discount 5.0000
INFO [kQOcf7wn] c.m.s.service.LoyaltyShippingService : Applied promo discount=5.0000
INFO [kQOcf7wn] c.m.s.service.LoyaltyShippingService : Discount total=5.0000 capped=false netFreight=26.5000
INFO [kQOcf7wn] c.m.s.service.LoyaltyShippingService : Calculated Brazil taxes importTax=19.900000, icmsTax=9.503612
INFO [kQOcf7wn] c.m.s.service.LoyaltyShippingService : Shipping calculation result grossFreight=31.50, totalSurcharges=29.403612, finalFee=55.903612
INFO [kQOcf7wn] c.m.s.c.CheckoutShippingController : Shipping calculation completed with final fee 55.90
INFO [gno2HBaw] c.m.s.c.CheckoutShippingController : Shipping calculation requested
INFO [gno2HBaw] c.m.s.service.LoyaltyShippingService : Calculating shipping for country=BR, zip=90001-000, cartTotal=30.0
INFO [gno2HBaw] c.m.s.service.LoyaltyShippingService : Using database rate baseRate=25.00, regionalSurcharge=6.50
INFO [gno2HBaw] c.m.s.service.LoyaltyShippingService : Applied tier=STANDARD discount=0.0
INFO [gno2HBaw] c.m.s.service.PromoEvaluatorService : Promo code EARLYBIRD5 rejected outside time window
INFO [gno2HBaw] c.m.s.service.LoyaltyShippingService : Applied promo discount=0
INFO [gno2HBaw] c.m.s.service.LoyaltyShippingService : Discount total=0.0 capped=false netFreight=31.50
INFO [gno2HBaw] c.m.s.service.LoyaltyShippingService : Calculated Brazil taxes importTax=16.9000, icmsTax=9.913261
INFO [gno2HBaw] c.m.s.service.LoyaltyShippingService : Shipping calculation result grossFreight=31.50, totalSurcharges=26.813261, finalFee=58.313261
INFO [gno2HBaw] c.m.s.c.CheckoutShippingController : Shipping calculation completed with final fee 58.31
INFO [b6eZ8YJL] c.m.s.c.CheckoutShippingController : Shipping calculation requested
INFO [b6eZ8YJL] c.m.s.service.LoyaltyShippingService : Calculating shipping for country=BR, zip=90001-000, cartTotal=20.0
INFO [b6eZ8YJL] c.m.s.service.LoyaltyShippingService : Using database rate baseRate=25.00, regionalSurcharge=6.50
INFO [b6eZ8YJL] c.m.s.service.LoyaltyShippingService : Applied tier=STANDARD discount=0.0
INFO [b6eZ8YJL] c.m.s.service.PromoEvaluatorService : Promo code NIGHTOWL10 applied remaining-fee percentage discount
INFO [b6eZ8YJL] c.m.s.service.LoyaltyShippingService : Applied promo discount=3.150000
INFO [b6eZ8YJL] c.m.s.service.LoyaltyShippingService : Discount total=3.150000 capped=false netFreight=28.350000
INFO [b6eZ8YJL] c.m.s.service.LoyaltyShippingService : Calculated Brazil taxes importTax=9.67000000, icmsTax=7.787224
INFO [b6eZ8YJL] c.m.s.service.LoyaltyShippingService : Shipping calculation result grossFreight=31.50, totalSurcharges=17.45722400, finalFee=45.80722400
INFO [b6eZ8YJL] c.m.s.c.CheckoutShippingController : Shipping calculation completed with final fee 45.81
INFO [LgVYiJ9q] c.m.s.c.CheckoutShippingController : Shipping calculation requested
INFO [LgVYiJ9q] c.m.s.service.LoyaltyShippingService : Calculating shipping for country=BR, zip=90001-000, cartTotal=20.0
INFO [LgVYiJ9q] c.m.s.service.LoyaltyShippingService : Using database rate baseRate=25.00, regionalSurcharge=6.50
INFO [LgVYiJ9q] c.m.s.service.LoyaltyShippingService : Applied tier=STANDARD discount=0.0
INFO [LgVYiJ9q] c.m.s.service.PromoEvaluatorService : Promo code NIGHTOWL10 rejected outside time window
INFO [LgVYiJ9q] c.m.s.service.LoyaltyShippingService : Applied promo discount=0
INFO [LgVYiJ9q] c.m.s.service.LoyaltyShippingService : Discount total=0.0 capped=false netFreight=31.50
INFO [LgVYiJ9q] c.m.s.service.LoyaltyShippingService : Calculated Brazil taxes importTax=10.9000, icmsTax=8.684331
INFO [LgVYiJ9q] c.m.s.service.LoyaltyShippingService : Shipping calculation result grossFreight=31.50, totalSurcharges=19.584331, finalFee=51.084331
INFO [LgVYiJ9q] c.m.s.c.CheckoutShippingController : Shipping calculation completed with final fee 51.08
INFO [qxAcQ6fK] c.m.s.c.CheckoutShippingController : Shipping calculation requested
INFO [qxAcQ6fK] c.m.s.service.LoyaltyShippingService : Calculating shipping for country=BR, zip=90001-000, cartTotal=100.0
INFO [qxAcQ6fK] c.m.s.service.LoyaltyShippingService : Using database rate baseRate=25.00, regionalSurcharge=6.50
INFO [qxAcQ6fK] c.m.s.service.LoyaltyShippingService : Applied tier=STANDARD discount=0.0
WARN [qxAcQ6fK] c.m.s.service.PromoEvaluatorService : Promo code EXPIRED10 was not found or is inactive
INFO [qxAcQ6fK] c.m.s.service.LoyaltyShippingService : Applied promo discount=0
INFO [qxAcQ6fK] c.m.s.service.LoyaltyShippingService : Discount total=0.0 capped=false netFreight=31.50
INFO [qxAcQ6fK] c.m.s.service.LoyaltyShippingService : Calculated Brazil taxes importTax=58.9000, icmsTax=18.515669
INFO [qxAcQ6fK] c.m.s.service.LoyaltyShippingService : Shipping calculation result grossFreight=31.50, totalSurcharges=77.415669, finalFee=108.915669
INFO [qxAcQ6fK] c.m.s.c.CheckoutShippingController : Shipping calculation completed with final fee 108.92
INFO [VvfSoEXG] c.m.s.c.CheckoutShippingController : Shipping calculation requested
INFO [VvfSoEXG] c.m.s.service.LoyaltyShippingService : Calculating shipping for country=BR, zip=90001-000, cartTotal=20.0
INFO [VvfSoEXG] c.m.s.service.LoyaltyShippingService : Using database rate baseRate=25.00, regionalSurcharge=6.50
INFO [VvfSoEXG] c.m.s.service.LoyaltyShippingService : Applied tier=SILVER discount=2.000
INFO [VvfSoEXG] c.m.s.service.PromoEvaluatorService : No promo code supplied
INFO [VvfSoEXG] c.m.s.service.LoyaltyShippingService : Applied promo discount=0
INFO [VvfSoEXG] c.m.s.service.LoyaltyShippingService : Discount total=2.000 capped=false netFreight=29.500
INFO [VvfSoEXG] c.m.s.service.LoyaltyShippingService : Calculated Brazil taxes importTax=9.90000, icmsTax=8.069883
INFO [VvfSoEXG] c.m.s.service.LoyaltyShippingService : Shipping calculation result grossFreight=31.50, totalSurcharges=17.969883, finalFee=47.469883
INFO [VvfSoEXG] c.m.s.c.CheckoutShippingController : Shipping calculation completed with final fee 47.47
INFO [GICEtaIY] c.m.s.c.CheckoutShippingController : Shipping calculation requested
INFO [GICEtaIY] c.m.s.service.LoyaltyShippingService : Calculating shipping for country=BR, zip=90001-000, cartTotal=40.0
INFO [GICEtaIY] c.m.s.service.LoyaltyShippingService : Using database rate baseRate=25.00, regionalSurcharge=6.50
INFO [GICEtaIY] c.m.s.service.LoyaltyShippingService : Applied tier=SILVER discount=4.000
INFO [GICEtaIY] c.m.s.service.PromoEvaluatorService : Promo code SUMMER5 applied flat discount 5.0000
INFO [GICEtaIY] c.m.s.service.LoyaltyShippingService : Applied promo discount=5.0000
INFO [GICEtaIY] c.m.s.service.LoyaltyShippingService : Discount total=9.0000 capped=false netFreight=22.5000
INFO [GICEtaIY] c.m.s.service.LoyaltyShippingService : Calculated Brazil taxes importTax=17.500000, icmsTax=8.192776
INFO [GICEtaIY] c.m.s.service.LoyaltyShippingService : Shipping calculation result grossFreight=31.50, totalSurcharges=25.692776, finalFee=48.192776
INFO [GICEtaIY] c.m.s.c.CheckoutShippingController : Shipping calculation completed with final fee 48.19
INFO [bEqUcg5l] c.m.s.c.CheckoutShippingController : Shipping calculation requested
INFO [bEqUcg5l] c.m.s.service.LoyaltyShippingService : Calculating shipping for country=BR, zip=90001-000, cartTotal=30.0
INFO [bEqUcg5l] c.m.s.service.LoyaltyShippingService : Using database rate baseRate=25.00, regionalSurcharge=6.50
INFO [bEqUcg5l] c.m.s.service.LoyaltyShippingService : Applied tier=SILVER discount=3.000
INFO [bEqUcg5l] c.m.s.service.PromoEvaluatorService : Promo code WELCOME10 applied percentage discount
INFO [bEqUcg5l] c.m.s.service.LoyaltyShippingService : Applied promo discount=3.150000
INFO [bEqUcg5l] c.m.s.service.LoyaltyShippingService : Discount total=6.150000 capped=false netFreight=25.350000
INFO [bEqUcg5l] c.m.s.service.LoyaltyShippingService : Calculated Brazil taxes importTax=13.21000000, icmsTax=7.897826
INFO [bEqUcg5l] c.m.s.service.LoyaltyShippingService : Shipping calculation result grossFreight=31.50, totalSurcharges=21.10782600, finalFee=46.45782600
INFO [bEqUcg5l] c.m.s.c.CheckoutShippingController : Shipping calculation completed with final fee 46.46
INFO [ZofFA5a8] c.m.s.c.CheckoutShippingController : Shipping calculation requested
INFO [ZofFA5a8] c.m.s.service.LoyaltyShippingService : Calculating shipping for country=BR, zip=90001-000, cartTotal=100.0
INFO [ZofFA5a8] c.m.s.service.LoyaltyShippingService : Using database rate baseRate=25.00, regionalSurcharge=6.50
INFO [ZofFA5a8] c.m.s.service.LoyaltyShippingService : Applied tier=SILVER discount=10.000
INFO [ZofFA5a8] c.m.s.service.PromoEvaluatorService : Promo code VIP20 applied percentage discount
INFO [ZofFA5a8] c.m.s.service.LoyaltyShippingService : Applied promo discount=6.300000
INFO [ZofFA5a8] c.m.s.service.LoyaltyShippingService : Discount total=16.300000 capped=false netFreight=15.200000
INFO [ZofFA5a8] c.m.s.service.LoyaltyShippingService : Calculated Brazil taxes importTax=49.12000000, icmsTax=13.173980
INFO [ZofFA5a8] c.m.s.service.LoyaltyShippingService : Shipping calculation result grossFreight=31.50, totalSurcharges=62.29398000, finalFee=77.49398000
INFO [ZofFA5a8] c.m.s.c.CheckoutShippingController : Shipping calculation completed with final fee 77.49
INFO [bch8Sw39] c.m.s.c.CheckoutShippingController : Shipping calculation requested
INFO [bch8Sw39] c.m.s.service.LoyaltyShippingService : Calculating shipping for country=BR, zip=90001-000, cartTotal=40.0
INFO [bch8Sw39] c.m.s.service.LoyaltyShippingService : Using database rate baseRate=25.00, regionalSurcharge=6.50
INFO [bch8Sw39] c.m.s.service.LoyaltyShippingService : Applied tier=SILVER discount=4.000
INFO [bch8Sw39] c.m.s.service.PromoEvaluatorService : Promo code VIP20 rejected below cart minimum 50.00
INFO [bch8Sw39] c.m.s.service.LoyaltyShippingService : Applied promo discount=0
INFO [bch8Sw39] c.m.s.service.LoyaltyShippingService : Discount total=4.000 capped=false netFreight=27.500
INFO [bch8Sw39] c.m.s.service.LoyaltyShippingService : Calculated Brazil taxes importTax=20.50000, icmsTax=9.831321
INFO [bch8Sw39] c.m.s.service.LoyaltyShippingService : Shipping calculation result grossFreight=31.50, totalSurcharges=30.331321, finalFee=57.831321
INFO [bch8Sw39] c.m.s.c.CheckoutShippingController : Shipping calculation completed with final fee 57.83
INFO [gwTmYy1s] c.m.s.c.CheckoutShippingController : Shipping calculation requested
INFO [gwTmYy1s] c.m.s.service.LoyaltyShippingService : Calculating shipping for country=BR, zip=90001-000, cartTotal=100.0
INFO [gwTmYy1s] c.m.s.service.LoyaltyShippingService : Using database rate baseRate=25.00, regionalSurcharge=6.50
INFO [gwTmYy1s] c.m.s.service.LoyaltyShippingService : Applied tier=SILVER discount=10.000
INFO [gwTmYy1s] c.m.s.service.PromoEvaluatorService : Promo code FREESHIP10 applied flat discount 10.0000
INFO [gwTmYy1s] c.m.s.service.LoyaltyShippingService : Applied promo discount=10.0000
INFO [gwTmYy1s] c.m.s.service.LoyaltyShippingService : Discount total=20.0000 capped=false netFreight=11.5000
INFO [gwTmYy1s] c.m.s.service.LoyaltyShippingService : Calculated Brazil taxes importTax=46.900000, icmsTax=11.961438
INFO [gwTmYy1s] c.m.s.service.LoyaltyShippingService : Shipping calculation result grossFreight=31.50, totalSurcharges=58.861438, finalFee=70.361438
INFO [gwTmYy1s] c.m.s.c.CheckoutShippingController : Shipping calculation completed with final fee 70.36
INFO [ITVEjpSJ] c.m.s.c.CheckoutShippingController : Shipping calculation requested
INFO [ITVEjpSJ] c.m.s.service.LoyaltyShippingService : Calculating shipping for country=BR, zip=90001-000, cartTotal=40.0
INFO [ITVEjpSJ] c.m.s.service.LoyaltyShippingService : Using database rate baseRate=25.00, regionalSurcharge=6.50
INFO [ITVEjpSJ] c.m.s.service.LoyaltyShippingService : Applied tier=SILVER discount=4.000
INFO [ITVEjpSJ] c.m.s.service.PromoEvaluatorService : Promo code EARLYBIRD5 applied flat discount 5.0000
INFO [ITVEjpSJ] c.m.s.service.LoyaltyShippingService : Applied promo discount=5.0000
INFO [ITVEjpSJ] c.m.s.service.LoyaltyShippingService : Discount total=9.0000 capped=false netFreight=22.5000
INFO [ITVEjpSJ] c.m.s.service.LoyaltyShippingService : Calculated Brazil taxes importTax=17.500000, icmsTax=8.192776
INFO [ITVEjpSJ] c.m.s.service.LoyaltyShippingService : Shipping calculation result grossFreight=31.50, totalSurcharges=25.692776, finalFee=48.192776
INFO [ITVEjpSJ] c.m.s.c.CheckoutShippingController : Shipping calculation completed with final fee 48.19
INFO [su7VQukN] c.m.s.c.CheckoutShippingController : Shipping calculation requested
INFO [su7VQukN] c.m.s.service.LoyaltyShippingService : Calculating shipping for country=BR, zip=90001-000, cartTotal=30.0
INFO [su7VQukN] c.m.s.service.LoyaltyShippingService : Using database rate baseRate=25.00, regionalSurcharge=6.50
INFO [su7VQukN] c.m.s.service.LoyaltyShippingService : Applied tier=SILVER discount=3.000
INFO [su7VQukN] c.m.s.service.PromoEvaluatorService : Promo code EARLYBIRD5 rejected outside time window
INFO [su7VQukN] c.m.s.service.LoyaltyShippingService : Applied promo discount=0
INFO [su7VQukN] c.m.s.service.LoyaltyShippingService : Discount total=3.000 capped=false netFreight=28.500
INFO [su7VQukN] c.m.s.service.LoyaltyShippingService : Calculated Brazil taxes importTax=15.10000, icmsTax=8.930117
INFO [su7VQukN] c.m.s.service.LoyaltyShippingService : Shipping calculation result grossFreight=31.50, totalSurcharges=24.030117, finalFee=52.530117
INFO [su7VQukN] c.m.s.c.CheckoutShippingController : Shipping calculation completed with final fee 52.53
INFO [8WKNC22e] c.m.s.c.CheckoutShippingController : Shipping calculation requested
INFO [8WKNC22e] c.m.s.service.LoyaltyShippingService : Calculating shipping for country=BR, zip=90001-000, cartTotal=20.0
INFO [8WKNC22e] c.m.s.service.LoyaltyShippingService : Using database rate baseRate=25.00, regionalSurcharge=6.50
INFO [8WKNC22e] c.m.s.service.LoyaltyShippingService : Applied tier=SILVER discount=2.000
INFO [8WKNC22e] c.m.s.service.PromoEvaluatorService : Promo code NIGHTOWL10 applied remaining-fee percentage discount
INFO [8WKNC22e] c.m.s.service.LoyaltyShippingService : Applied promo discount=2.9500000
INFO [8WKNC22e] c.m.s.service.LoyaltyShippingService : Discount total=4.9500000 capped=false netFreight=26.5500000
INFO [8WKNC22e] c.m.s.service.LoyaltyShippingService : Calculated Brazil taxes importTax=9.310000000, icmsTax=7.344816
INFO [8WKNC22e] c.m.s.service.LoyaltyShippingService : Shipping calculation result grossFreight=31.50, totalSurcharges=16.654816000, finalFee=43.204816000
INFO [8WKNC22e] c.m.s.c.CheckoutShippingController : Shipping calculation completed with final fee 43.20
INFO [DZoe31my] c.m.s.c.CheckoutShippingController : Shipping calculation requested
INFO [DZoe31my] c.m.s.service.LoyaltyShippingService : Calculating shipping for country=BR, zip=90001-000, cartTotal=20.0
INFO [DZoe31my] c.m.s.service.LoyaltyShippingService : Using database rate baseRate=25.00, regionalSurcharge=6.50
INFO [DZoe31my] c.m.s.service.LoyaltyShippingService : Applied tier=SILVER discount=2.000
INFO [DZoe31my] c.m.s.service.PromoEvaluatorService : Promo code NIGHTOWL10 rejected outside time window
INFO [DZoe31my] c.m.s.service.LoyaltyShippingService : Applied promo discount=0
INFO [DZoe31my] c.m.s.service.LoyaltyShippingService : Discount total=2.000 capped=false netFreight=29.500
INFO [DZoe31my] c.m.s.service.LoyaltyShippingService : Calculated Brazil taxes importTax=9.90000, icmsTax=8.069883
INFO [DZoe31my] c.m.s.service.LoyaltyShippingService : Shipping calculation result grossFreight=31.50, totalSurcharges=17.969883, finalFee=47.469883
INFO [DZoe31my] c.m.s.c.CheckoutShippingController : Shipping calculation completed with final fee 47.47
INFO [xkweCHxC] c.m.s.c.CheckoutShippingController : Shipping calculation requested
INFO [xkweCHxC] c.m.s.service.LoyaltyShippingService : Calculating shipping for country=BR, zip=90001-000, cartTotal=100.0
INFO [xkweCHxC] c.m.s.service.LoyaltyShippingService : Using database rate baseRate=25.00, regionalSurcharge=6.50
INFO [xkweCHxC] c.m.s.service.LoyaltyShippingService : Applied tier=SILVER discount=10.000
WARN [xkweCHxC] c.m.s.service.PromoEvaluatorService : Promo code EXPIRED10 was not found or is inactive
INFO [xkweCHxC] c.m.s.service.LoyaltyShippingService : Applied promo discount=0
INFO [xkweCHxC] c.m.s.service.LoyaltyShippingService : Discount total=10.000 capped=false netFreight=21.500
INFO [xkweCHxC] c.m.s.service.LoyaltyShippingService : Calculated Brazil taxes importTax=52.90000, icmsTax=15.238562
INFO [xkweCHxC] c.m.s.service.LoyaltyShippingService : Shipping calculation result grossFreight=31.50, totalSurcharges=68.138562, finalFee=89.638562
INFO [xkweCHxC] c.m.s.c.CheckoutShippingController : Shipping calculation completed with final fee 89.64
INFO [crt8s6oN] c.m.s.c.CheckoutShippingController : Shipping calculation requested
INFO [crt8s6oN] c.m.s.service.LoyaltyShippingService : Calculating shipping for country=BR, zip=90001-000, cartTotal=20.0
INFO [crt8s6oN] c.m.s.service.LoyaltyShippingService : Using database rate baseRate=25.00, regionalSurcharge=6.50
INFO [crt8s6oN] c.m.s.service.LoyaltyShippingService : Applied tier=GOLD discount=4.000
INFO [crt8s6oN] c.m.s.service.PromoEvaluatorService : No promo code supplied
INFO [crt8s6oN] c.m.s.service.LoyaltyShippingService : Applied promo discount=0
INFO [crt8s6oN] c.m.s.service.LoyaltyShippingService : Discount total=4.000 capped=false netFreight=27.500
INFO [crt8s6oN] c.m.s.service.LoyaltyShippingService : Calculated Brazil taxes importTax=9.50000, icmsTax=7.578311
INFO [crt8s6oN] c.m.s.service.LoyaltyShippingService : Shipping calculation result grossFreight=31.50, totalSurcharges=17.078311, finalFee=44.578311
INFO [crt8s6oN] c.m.s.c.CheckoutShippingController : Shipping calculation completed with final fee 44.58
INFO [HEzURcaa] c.m.s.c.CheckoutShippingController : Shipping calculation requested
INFO [HEzURcaa] c.m.s.service.LoyaltyShippingService : Calculating shipping for country=BR, zip=90001-000, cartTotal=40.0
INFO [HEzURcaa] c.m.s.service.LoyaltyShippingService : Using database rate baseRate=25.00, regionalSurcharge=6.50
INFO [HEzURcaa] c.m.s.service.LoyaltyShippingService : Applied tier=GOLD discount=8.000
INFO [HEzURcaa] c.m.s.service.PromoEvaluatorService : Promo code SUMMER5 applied flat discount 5.0000
INFO [HEzURcaa] c.m.s.service.LoyaltyShippingService : Applied promo discount=5.0000
INFO [HEzURcaa] c.m.s.service.LoyaltyShippingService : Discount total=13.0000 capped=false netFreight=18.5000
INFO [HEzURcaa] c.m.s.service.LoyaltyShippingService : Calculated Brazil taxes importTax=15.100000, icmsTax=6.881923
INFO [HEzURcaa] c.m.s.service.LoyaltyShippingService : Shipping calculation result grossFreight=31.50, totalSurcharges=21.981923, finalFee=40.481923
INFO [HEzURcaa] c.m.s.c.CheckoutShippingController : Shipping calculation completed with final fee 40.48
INFO [rn50sHJV] c.m.s.c.CheckoutShippingController : Shipping calculation requested
INFO [rn50sHJV] c.m.s.service.LoyaltyShippingService : Calculating shipping for country=BR, zip=90001-000, cartTotal=30.0
INFO [rn50sHJV] c.m.s.service.LoyaltyShippingService : Using database rate baseRate=25.00, regionalSurcharge=6.50
INFO [rn50sHJV] c.m.s.service.LoyaltyShippingService : Applied tier=GOLD discount=6.000
INFO [rn50sHJV] c.m.s.service.PromoEvaluatorService : Promo code WELCOME10 applied percentage discount
INFO [rn50sHJV] c.m.s.service.LoyaltyShippingService : Applied promo discount=3.150000
INFO [rn50sHJV] c.m.s.service.LoyaltyShippingService : Discount total=9.150000 capped=false netFreight=22.350000
INFO [rn50sHJV] c.m.s.service.LoyaltyShippingService : Calculated Brazil taxes importTax=11.41000000, icmsTax=6.914699
INFO [rn50sHJV] c.m.s.service.LoyaltyShippingService : Shipping calculation result grossFreight=31.50, totalSurcharges=18.32469900, finalFee=40.67469900
INFO [rn50sHJV] c.m.s.c.CheckoutShippingController : Shipping calculation completed with final fee 40.67
INFO [UQxTT1y1] c.m.s.c.CheckoutShippingController : Shipping calculation requested
INFO [UQxTT1y1] c.m.s.service.LoyaltyShippingService : Calculating shipping for country=BR, zip=90001-000, cartTotal=100.0
INFO [UQxTT1y1] c.m.s.service.LoyaltyShippingService : Using database rate baseRate=25.00, regionalSurcharge=6.50
INFO [UQxTT1y1] c.m.s.service.LoyaltyShippingService : Applied tier=GOLD discount=20.000
INFO [UQxTT1y1] c.m.s.service.PromoEvaluatorService : Promo code VIP20 applied percentage discount
INFO [UQxTT1y1] c.m.s.service.LoyaltyShippingService : Applied promo discount=6.300000
INFO [UQxTT1y1] c.m.s.service.LoyaltyShippingService : Discount total=26.300000 capped=false netFreight=5.200000
INFO [UQxTT1y1] c.m.s.service.LoyaltyShippingService : Calculated Brazil taxes importTax=43.12000000, icmsTax=9.896873
INFO [UQxTT1y1] c.m.s.service.LoyaltyShippingService : Shipping calculation result grossFreight=31.50, totalSurcharges=53.01687300, finalFee=58.21687300
INFO [UQxTT1y1] c.m.s.c.CheckoutShippingController : Shipping calculation completed with final fee 58.22
INFO [iYEsk42d] c.m.s.c.CheckoutShippingController : Shipping calculation requested
INFO [iYEsk42d] c.m.s.service.LoyaltyShippingService : Calculating shipping for country=BR, zip=90001-000, cartTotal=40.0
INFO [iYEsk42d] c.m.s.service.LoyaltyShippingService : Using database rate baseRate=25.00, regionalSurcharge=6.50
INFO [iYEsk42d] c.m.s.service.LoyaltyShippingService : Applied tier=GOLD discount=8.000
INFO [iYEsk42d] c.m.s.service.PromoEvaluatorService : Promo code VIP20 rejected below cart minimum 50.00
INFO [iYEsk42d] c.m.s.service.LoyaltyShippingService : Applied promo discount=0
INFO [iYEsk42d] c.m.s.service.LoyaltyShippingService : Discount total=8.000 capped=false netFreight=23.500
INFO [iYEsk42d] c.m.s.service.LoyaltyShippingService : Calculated Brazil taxes importTax=18.10000, icmsTax=8.520485
INFO [iYEsk42d] c.m.s.service.LoyaltyShippingService : Shipping calculation result grossFreight=31.50, totalSurcharges=26.620485, finalFee=50.120485
INFO [iYEsk42d] c.m.s.c.CheckoutShippingController : Shipping calculation completed with final fee 50.12
INFO [cttkJjaN] c.m.s.c.CheckoutShippingController : Shipping calculation requested
INFO [cttkJjaN] c.m.s.service.LoyaltyShippingService : Calculating shipping for country=BR, zip=90001-000, cartTotal=100.0
INFO [cttkJjaN] c.m.s.service.LoyaltyShippingService : Using database rate baseRate=25.00, regionalSurcharge=6.50
INFO [cttkJjaN] c.m.s.service.LoyaltyShippingService : Applied tier=GOLD discount=20.000
INFO [cttkJjaN] c.m.s.service.PromoEvaluatorService : Promo code FREESHIP10 applied flat discount 10.0000
INFO [cttkJjaN] c.m.s.service.LoyaltyShippingService : Applied promo discount=10.0000
INFO [cttkJjaN] c.m.s.service.LoyaltyShippingService : Discount total=30.0000 capped=false netFreight=1.5000
INFO [cttkJjaN] c.m.s.service.LoyaltyShippingService : Calculated Brazil taxes importTax=40.900000, icmsTax=8.684331
INFO [cttkJjaN] c.m.s.service.LoyaltyShippingService : Shipping calculation result grossFreight=31.50, totalSurcharges=49.584331, finalFee=51.084331
INFO [cttkJjaN] c.m.s.c.CheckoutShippingController : Shipping calculation completed with final fee 51.08
INFO [eYBfjJbG] c.m.s.c.CheckoutShippingController : Shipping calculation requested
INFO [eYBfjJbG] c.m.s.service.LoyaltyShippingService : Calculating shipping for country=BR, zip=90001-000, cartTotal=40.0
INFO [eYBfjJbG] c.m.s.service.LoyaltyShippingService : Using database rate baseRate=25.00, regionalSurcharge=6.50
INFO [eYBfjJbG] c.m.s.service.LoyaltyShippingService : Applied tier=GOLD discount=8.000
INFO [eYBfjJbG] c.m.s.service.PromoEvaluatorService : Promo code EARLYBIRD5 applied flat discount 5.0000
INFO [eYBfjJbG] c.m.s.service.LoyaltyShippingService : Applied promo discount=5.0000
INFO [eYBfjJbG] c.m.s.service.LoyaltyShippingService : Discount total=13.0000 capped=false netFreight=18.5000
INFO [eYBfjJbG] c.m.s.service.LoyaltyShippingService : Calculated Brazil taxes importTax=15.100000, icmsTax=6.881923
INFO [eYBfjJbG] c.m.s.service.LoyaltyShippingService : Shipping calculation result grossFreight=31.50, totalSurcharges=21.981923, finalFee=40.481923
INFO [eYBfjJbG] c.m.s.c.CheckoutShippingController : Shipping calculation completed with final fee 40.48
INFO [1wLJIwuN] c.m.s.c.CheckoutShippingController : Shipping calculation requested
INFO [1wLJIwuN] c.m.s.service.LoyaltyShippingService : Calculating shipping for country=BR, zip=90001-000, cartTotal=30.0
INFO [1wLJIwuN] c.m.s.service.LoyaltyShippingService : Using database rate baseRate=25.00, regionalSurcharge=6.50
INFO [1wLJIwuN] c.m.s.service.LoyaltyShippingService : Applied tier=GOLD discount=6.000
INFO [1wLJIwuN] c.m.s.service.PromoEvaluatorService : Promo code EARLYBIRD5 rejected outside time window
INFO [1wLJIwuN] c.m.s.service.LoyaltyShippingService : Applied promo discount=0
INFO [1wLJIwuN] c.m.s.service.LoyaltyShippingService : Discount total=6.000 capped=false netFreight=25.500
INFO [1wLJIwuN] c.m.s.service.LoyaltyShippingService : Calculated Brazil taxes importTax=13.30000, icmsTax=7.946990
INFO [1wLJIwuN] c.m.s.service.LoyaltyShippingService : Shipping calculation result grossFreight=31.50, totalSurcharges=21.246990, finalFee=46.746990
INFO [1wLJIwuN] c.m.s.c.CheckoutShippingController : Shipping calculation completed with final fee 46.75
INFO [44L4iH0b] c.m.s.c.CheckoutShippingController : Shipping calculation requested
INFO [44L4iH0b] c.m.s.service.LoyaltyShippingService : Calculating shipping for country=BR, zip=90001-000, cartTotal=20.0
INFO [44L4iH0b] c.m.s.service.LoyaltyShippingService : Using database rate baseRate=25.00, regionalSurcharge=6.50
INFO [44L4iH0b] c.m.s.service.LoyaltyShippingService : Applied tier=GOLD discount=4.000
INFO [44L4iH0b] c.m.s.service.PromoEvaluatorService : Promo code NIGHTOWL10 applied remaining-fee percentage discount
INFO [44L4iH0b] c.m.s.service.LoyaltyShippingService : Applied promo discount=2.7500000
INFO [44L4iH0b] c.m.s.service.LoyaltyShippingService : Discount total=6.7500000 capped=false netFreight=24.7500000
INFO [44L4iH0b] c.m.s.service.LoyaltyShippingService : Calculated Brazil taxes importTax=8.950000000, icmsTax=6.902408
INFO [44L4iH0b] c.m.s.service.LoyaltyShippingService : Shipping calculation result grossFreight=31.50, totalSurcharges=15.852408000, finalFee=40.602408000
INFO [44L4iH0b] c.m.s.c.CheckoutShippingController : Shipping calculation completed with final fee 40.60
INFO [kjLCeCfd] c.m.s.c.CheckoutShippingController : Shipping calculation requested
INFO [kjLCeCfd] c.m.s.service.LoyaltyShippingService : Calculating shipping for country=BR, zip=90001-000, cartTotal=20.0
INFO [kjLCeCfd] c.m.s.service.LoyaltyShippingService : Using database rate baseRate=25.00, regionalSurcharge=6.50
INFO [kjLCeCfd] c.m.s.service.LoyaltyShippingService : Applied tier=GOLD discount=4.000
INFO [kjLCeCfd] c.m.s.service.PromoEvaluatorService : Promo code NIGHTOWL10 rejected outside time window
INFO [kjLCeCfd] c.m.s.service.LoyaltyShippingService : Applied promo discount=0
INFO [kjLCeCfd] c.m.s.service.LoyaltyShippingService : Discount total=4.000 capped=false netFreight=27.500
INFO [kjLCeCfd] c.m.s.service.LoyaltyShippingService : Calculated Brazil taxes importTax=9.50000, icmsTax=7.578311
INFO [kjLCeCfd] c.m.s.service.LoyaltyShippingService : Shipping calculation result grossFreight=31.50, totalSurcharges=17.078311, finalFee=44.578311
INFO [kjLCeCfd] c.m.s.c.CheckoutShippingController : Shipping calculation completed with final fee 44.58
INFO [xHb490Ou] c.m.s.c.CheckoutShippingController : Shipping calculation requested
INFO [xHb490Ou] c.m.s.service.LoyaltyShippingService : Calculating shipping for country=BR, zip=90001-000, cartTotal=100.0
INFO [xHb490Ou] c.m.s.service.LoyaltyShippingService : Using database rate baseRate=25.00, regionalSurcharge=6.50
INFO [xHb490Ou] c.m.s.service.LoyaltyShippingService : Applied tier=GOLD discount=20.000
WARN [xHb490Ou] c.m.s.service.PromoEvaluatorService : Promo code EXPIRED10 was not found or is inactive
INFO [xHb490Ou] c.m.s.service.LoyaltyShippingService : Applied promo discount=0
INFO [xHb490Ou] c.m.s.service.LoyaltyShippingService : Discount total=20.000 capped=false netFreight=11.500
INFO [xHb490Ou] c.m.s.service.LoyaltyShippingService : Calculated Brazil taxes importTax=46.90000, icmsTax=11.961438
INFO [xHb490Ou] c.m.s.service.LoyaltyShippingService : Shipping calculation result grossFreight=31.50, totalSurcharges=58.861438, finalFee=70.361438
INFO [xHb490Ou] c.m.s.c.CheckoutShippingController : Shipping calculation completed with final fee 70.36
INFO [ygRq5T4Z] c.m.s.c.CheckoutShippingController : Shipping calculation requested
INFO [ygRq5T4Z] c.m.s.service.LoyaltyShippingService : Calculating shipping for country=BR, zip=90001-000, cartTotal=20.0
INFO [ygRq5T4Z] c.m.s.service.LoyaltyShippingService : Using database rate baseRate=25.00, regionalSurcharge=6.50
INFO [ygRq5T4Z] c.m.s.service.LoyaltyShippingService : Applied tier=VIP discount=6.000
INFO [ygRq5T4Z] c.m.s.service.PromoEvaluatorService : No promo code supplied
INFO [ygRq5T4Z] c.m.s.service.LoyaltyShippingService : Applied promo discount=0
INFO [ygRq5T4Z] c.m.s.service.LoyaltyShippingService : Discount total=6.000 capped=false netFreight=25.500
INFO [ygRq5T4Z] c.m.s.service.LoyaltyShippingService : Calculated Brazil taxes importTax=9.10000, icmsTax=7.086739
INFO [ygRq5T4Z] c.m.s.service.LoyaltyShippingService : Shipping calculation result grossFreight=31.50, totalSurcharges=16.186739, finalFee=41.686739
INFO [ygRq5T4Z] c.m.s.c.CheckoutShippingController : Shipping calculation completed with final fee 41.69
INFO [WdSSavOy] c.m.s.c.CheckoutShippingController : Shipping calculation requested
INFO [WdSSavOy] c.m.s.service.LoyaltyShippingService : Calculating shipping for country=BR, zip=90001-000, cartTotal=40.0
INFO [WdSSavOy] c.m.s.service.LoyaltyShippingService : Using database rate baseRate=25.00, regionalSurcharge=6.50
INFO [WdSSavOy] c.m.s.service.LoyaltyShippingService : Applied tier=VIP discount=12.000
INFO [WdSSavOy] c.m.s.service.PromoEvaluatorService : Promo code SUMMER5 applied flat discount 5.0000
INFO [WdSSavOy] c.m.s.service.LoyaltyShippingService : Applied promo discount=5.0000
INFO [WdSSavOy] c.m.s.service.LoyaltyShippingService : Discount total=17.0000 capped=false netFreight=14.5000
INFO [WdSSavOy] c.m.s.service.LoyaltyShippingService : Calculated Brazil taxes importTax=12.700000, icmsTax=5.571087
INFO [WdSSavOy] c.m.s.service.LoyaltyShippingService : Shipping calculation result grossFreight=31.50, totalSurcharges=18.271087, finalFee=32.771087
INFO [WdSSavOy] c.m.s.c.CheckoutShippingController : Shipping calculation completed with final fee 32.77
INFO [emh1seNR] c.m.s.c.CheckoutShippingController : Shipping calculation requested
INFO [emh1seNR] c.m.s.service.LoyaltyShippingService : Calculating shipping for country=BR, zip=90001-000, cartTotal=30.0
INFO [emh1seNR] c.m.s.service.LoyaltyShippingService : Using database rate baseRate=25.00, regionalSurcharge=6.50
INFO [emh1seNR] c.m.s.service.LoyaltyShippingService : Applied tier=VIP discount=9.000
INFO [emh1seNR] c.m.s.service.PromoEvaluatorService : Promo code WELCOME10 applied percentage discount
INFO [emh1seNR] c.m.s.service.LoyaltyShippingService : Applied promo discount=3.150000
INFO [emh1seNR] c.m.s.service.LoyaltyShippingService : Discount total=12.150000 capped=false netFreight=19.350000
INFO [emh1seNR] c.m.s.service.LoyaltyShippingService : Calculated Brazil taxes importTax=9.87000000, icmsTax=5.984816
INFO [emh1seNR] c.m.s.service.LoyaltyShippingService : Shipping calculation result grossFreight=31.50, totalSurcharges=15.85481600, finalFee=35.20481600
INFO [emh1seNR] c.m.s.c.CheckoutShippingController : Shipping calculation completed with final fee 35.20
INFO [1GXevTJ9] c.m.s.c.CheckoutShippingController : Shipping calculation requested
INFO [1GXevTJ9] c.m.s.service.LoyaltyShippingService : Calculating shipping for country=BR, zip=90001-000, cartTotal=100.0
INFO [1GXevTJ9] c.m.s.service.LoyaltyShippingService : Using database rate baseRate=25.00, regionalSurcharge=6.50
INFO [1GXevTJ9] c.m.s.service.LoyaltyShippingService : Applied tier=VIP discount=30.000
INFO [1GXevTJ9] c.m.s.service.PromoEvaluatorService : Promo code VIP20 applied percentage discount
INFO [1GXevTJ9] c.m.s.service.LoyaltyShippingService : Applied promo discount=6.300000
INFO [1GXevTJ9] c.m.s.service.LoyaltyShippingService : Discount total=36.300000 capped=false netFreight=0
INFO [1GXevTJ9] c.m.s.service.LoyaltyShippingService : Calculated Brazil taxes importTax=40.000, icmsTax=8.192776
INFO [1GXevTJ9] c.m.s.service.LoyaltyShippingService : Shipping calculation result grossFreight=31.50, totalSurcharges=48.192776, finalFee=48.192776
INFO [1GXevTJ9] c.m.s.c.CheckoutShippingController : Shipping calculation completed with final fee 48.19
INFO [HAbou6zb] c.m.s.c.CheckoutShippingController : Shipping calculation requested
INFO [HAbou6zb] c.m.s.service.LoyaltyShippingService : Calculating shipping for country=BR, zip=90001-000, cartTotal=40.0
INFO [HAbou6zb] c.m.s.service.LoyaltyShippingService : Using database rate baseRate=25.00, regionalSurcharge=6.50
INFO [HAbou6zb] c.m.s.service.LoyaltyShippingService : Applied tier=VIP discount=12.000
INFO [HAbou6zb] c.m.s.service.PromoEvaluatorService : Promo code VIP20 rejected below cart minimum 50.00
INFO [HAbou6zb] c.m.s.service.LoyaltyShippingService : Applied promo discount=0
INFO [HAbou6zb] c.m.s.service.LoyaltyShippingService : Discount total=12.000 capped=false netFreight=19.500
INFO [HAbou6zb] c.m.s.service.LoyaltyShippingService : Calculated Brazil taxes importTax=15.70000, icmsTax=7.209632
INFO [HAbou6zb] c.m.s.service.LoyaltyShippingService : Shipping calculation result grossFreight=31.50, totalSurcharges=22.909632, finalFee=42.409632
INFO [HAbou6zb] c.m.s.c.CheckoutShippingController : Shipping calculation completed with final fee 42.41
INFO [vO8uxJhD] c.m.s.c.CheckoutShippingController : Shipping calculation requested
INFO [vO8uxJhD] c.m.s.service.LoyaltyShippingService : Calculating shipping for country=BR, zip=90001-000, cartTotal=100.0
INFO [vO8uxJhD] c.m.s.service.LoyaltyShippingService : Using database rate baseRate=25.00, regionalSurcharge=6.50
INFO [vO8uxJhD] c.m.s.service.LoyaltyShippingService : Applied tier=VIP discount=30.000
INFO [vO8uxJhD] c.m.s.service.PromoEvaluatorService : Promo code FREESHIP10 applied flat discount 10.0000
INFO [vO8uxJhD] c.m.s.service.LoyaltyShippingService : Applied promo discount=10.0000
INFO [vO8uxJhD] c.m.s.service.LoyaltyShippingService : Discount total=40.0000 capped=false netFreight=0
INFO [vO8uxJhD] c.m.s.service.LoyaltyShippingService : Calculated Brazil taxes importTax=40.000, icmsTax=8.192776
INFO [vO8uxJhD] c.m.s.service.LoyaltyShippingService : Shipping calculation result grossFreight=31.50, totalSurcharges=48.192776, finalFee=48.192776
INFO [vO8uxJhD] c.m.s.c.CheckoutShippingController : Shipping calculation completed with final fee 48.19
INFO [csMaMRK5] c.m.s.c.CheckoutShippingController : Shipping calculation requested
INFO [csMaMRK5] c.m.s.service.LoyaltyShippingService : Calculating shipping for country=BR, zip=90001-000, cartTotal=40.0
INFO [csMaMRK5] c.m.s.service.LoyaltyShippingService : Using database rate baseRate=25.00, regionalSurcharge=6.50
INFO [csMaMRK5] c.m.s.service.LoyaltyShippingService : Applied tier=VIP discount=12.000
INFO [csMaMRK5] c.m.s.service.PromoEvaluatorService : Promo code EARLYBIRD5 applied flat discount 5.0000
INFO [csMaMRK5] c.m.s.service.LoyaltyShippingService : Applied promo discount=5.0000
INFO [csMaMRK5] c.m.s.service.LoyaltyShippingService : Discount total=17.0000 capped=false netFreight=14.5000
INFO [csMaMRK5] c.m.s.service.LoyaltyShippingService : Calculated Brazil taxes importTax=12.700000, icmsTax=5.571087
INFO [csMaMRK5] c.m.s.service.LoyaltyShippingService : Shipping calculation result grossFreight=31.50, totalSurcharges=18.271087, finalFee=32.771087
INFO [csMaMRK5] c.m.s.c.CheckoutShippingController : Shipping calculation completed with final fee 32.77
INFO [ayP4oV2P] c.m.s.c.CheckoutShippingController : Shipping calculation requested
INFO [ayP4oV2P] c.m.s.service.LoyaltyShippingService : Calculating shipping for country=BR, zip=90001-000, cartTotal=30.0
INFO [ayP4oV2P] c.m.s.service.LoyaltyShippingService : Using database rate baseRate=25.00, regionalSurcharge=6.50
INFO [ayP4oV2P] c.m.s.service.LoyaltyShippingService : Applied tier=VIP discount=9.000
INFO [ayP4oV2P] c.m.s.service.PromoEvaluatorService : Promo code EARLYBIRD5 rejected outside time window
INFO [ayP4oV2P] c.m.s.service.LoyaltyShippingService : Applied promo discount=0
INFO [ayP4oV2P] c.m.s.service.LoyaltyShippingService : Discount total=9.000 capped=false netFreight=22.500
INFO [ayP4oV2P] c.m.s.service.LoyaltyShippingService : Calculated Brazil taxes importTax=11.50000, icmsTax=6.963863
INFO [ayP4oV2P] c.m.s.service.LoyaltyShippingService : Shipping calculation result grossFreight=31.50, totalSurcharges=18.463863, finalFee=40.963863
INFO [ayP4oV2P] c.m.s.c.CheckoutShippingController : Shipping calculation completed with final fee 40.96
INFO [ID7Xxr5E] c.m.s.c.CheckoutShippingController : Shipping calculation requested
INFO [ID7Xxr5E] c.m.s.service.LoyaltyShippingService : Calculating shipping for country=BR, zip=90001-000, cartTotal=20.0
INFO [ID7Xxr5E] c.m.s.service.LoyaltyShippingService : Using database rate baseRate=25.00, regionalSurcharge=6.50
INFO [ID7Xxr5E] c.m.s.service.LoyaltyShippingService : Applied tier=VIP discount=6.000
INFO [ID7Xxr5E] c.m.s.service.PromoEvaluatorService : Promo code NIGHTOWL10 applied remaining-fee percentage discount
INFO [ID7Xxr5E] c.m.s.service.LoyaltyShippingService : Applied promo discount=2.5500000
INFO [ID7Xxr5E] c.m.s.service.LoyaltyShippingService : Discount total=8.5500000 capped=false netFreight=22.9500000
INFO [ID7Xxr5E] c.m.s.service.LoyaltyShippingService : Calculated Brazil taxes importTax=8.590000000, icmsTax=6.460000
INFO [ID7Xxr5E] c.m.s.service.LoyaltyShippingService : Shipping calculation result grossFreight=31.50, totalSurcharges=15.050000000, finalFee=38.000000000
INFO [ID7Xxr5E] c.m.s.c.CheckoutShippingController : Shipping calculation completed with final fee 38.00
INFO [9wE6MMgy] c.m.s.c.CheckoutShippingController : Shipping calculation requested
INFO [9wE6MMgy] c.m.s.service.LoyaltyShippingService : Calculating shipping for country=BR, zip=90001-000, cartTotal=20.0
INFO [9wE6MMgy] c.m.s.service.LoyaltyShippingService : Using database rate baseRate=25.00, regionalSurcharge=6.50
INFO [9wE6MMgy] c.m.s.service.LoyaltyShippingService : Applied tier=VIP discount=6.000
INFO [9wE6MMgy] c.m.s.service.PromoEvaluatorService : Promo code NIGHTOWL10 rejected outside time window
INFO [9wE6MMgy] c.m.s.service.LoyaltyShippingService : Applied promo discount=0
INFO [9wE6MMgy] c.m.s.service.LoyaltyShippingService : Discount total=6.000 capped=false netFreight=25.500
INFO [9wE6MMgy] c.m.s.service.LoyaltyShippingService : Calculated Brazil taxes importTax=9.10000, icmsTax=7.086739
INFO [9wE6MMgy] c.m.s.service.LoyaltyShippingService : Shipping calculation result grossFreight=31.50, totalSurcharges=16.186739, finalFee=41.686739
INFO [9wE6MMgy] c.m.s.c.CheckoutShippingController : Shipping calculation completed with final fee 41.69
INFO [0824om57] c.m.s.c.CheckoutShippingController : Shipping calculation requested
INFO [0824om57] c.m.s.service.LoyaltyShippingService : Calculating shipping for country=BR, zip=90001-000, cartTotal=100.0
INFO [0824om57] c.m.s.service.LoyaltyShippingService : Using database rate baseRate=25.00, regionalSurcharge=6.50
INFO [0824om57] c.m.s.service.LoyaltyShippingService : Applied tier=VIP discount=30.000
WARN [0824om57] c.m.s.service.PromoEvaluatorService : Promo code EXPIRED10 was not found or is inactive
INFO [0824om57] c.m.s.service.LoyaltyShippingService : Applied promo discount=0
INFO [0824om57] c.m.s.service.LoyaltyShippingService : Discount total=30.000 capped=false netFreight=1.500
INFO [0824om57] c.m.s.service.LoyaltyShippingService : Calculated Brazil taxes importTax=40.90000, icmsTax=8.684331
INFO [0824om57] c.m.s.service.LoyaltyShippingService : Shipping calculation result grossFreight=31.50, totalSurcharges=49.584331, finalFee=51.084331
INFO [0824om57] c.m.s.c.CheckoutShippingController : Shipping calculation completed with final fee 51.08
INFO [URtxdNS8] c.m.s.c.CheckoutShippingController : Shipping calculation requested
INFO [URtxdNS8] c.m.s.service.LoyaltyShippingService : Calculating shipping for country=US, zip=99999, cartTotal=20.0
WARN [URtxdNS8] c.m.s.service.LoyaltyShippingService : No database rate found for country=US, zip=99999; using carrier fallback
INFO [URtxdNS8] c.m.s.service.CarrierRateAPIService : Requesting carrier rate for zip=99999
INFO [URtxdNS8] c.m.s.service.CarrierRateAPIService : Carrier request payload={zipCode=99999, parcel=CalculateShippingRequest.Parcel(weight=0.95, length=20.0, width=15.0, height=10.0)}
INFO [URtxdNS8] c.m.s.service.CarrierRateAPIService : Carrier response payload=CarrierRateResponse(baseRate=18.0, surcharge=true, carrierCode=FEDEX, estimatedDeliveryDays=5)
INFO [URtxdNS8] c.m.s.service.CarrierRateAPIService : Carrier rate received baseRate=18.0, carrier=FEDEX, surcharge=true
INFO [URtxdNS8] c.m.s.service.LoyaltyShippingService : Using carrier rate baseRate=18.0, carrierSurcharge=8.50
INFO [URtxdNS8] c.m.s.service.LoyaltyShippingService : Applied tier=STANDARD discount=0.0
INFO [URtxdNS8] c.m.s.service.PromoEvaluatorService : No promo code supplied
INFO [URtxdNS8] c.m.s.service.LoyaltyShippingService : Applied promo discount=0
INFO [URtxdNS8] c.m.s.service.LoyaltyShippingService : Discount total=0.0 capped=false netFreight=26.50
INFO [URtxdNS8] c.m.s.service.LoyaltyShippingService : Shipping calculation result grossFreight=26.50, totalSurcharges=0, finalFee=26.50
INFO [URtxdNS8] c.m.s.c.CheckoutShippingController : Shipping calculation completed with final fee 26.50
INFO [P2I6rNZX] c.m.s.c.CheckoutShippingController : Shipping calculation requested
INFO [P2I6rNZX] c.m.s.service.LoyaltyShippingService : Calculating shipping for country=US, zip=99999, cartTotal=40.0
WARN [P2I6rNZX] c.m.s.service.LoyaltyShippingService : No database rate found for country=US, zip=99999; using carrier fallback
INFO [P2I6rNZX] c.m.s.service.CarrierRateAPIService : Requesting carrier rate for zip=99999
INFO [P2I6rNZX] c.m.s.service.CarrierRateAPIService : Carrier request payload={zipCode=99999, parcel=CalculateShippingRequest.Parcel(weight=1.15, length=20.0, width=15.0, height=10.0)}
INFO [P2I6rNZX] c.m.s.service.CarrierRateAPIService : Carrier response payload=CarrierRateResponse(baseRate=18.0, surcharge=true, carrierCode=FEDEX, estimatedDeliveryDays=5)
INFO [P2I6rNZX] c.m.s.service.CarrierRateAPIService : Carrier rate received baseRate=18.0, carrier=FEDEX, surcharge=true
INFO [P2I6rNZX] c.m.s.service.LoyaltyShippingService : Using carrier rate baseRate=18.0, carrierSurcharge=8.50
INFO [P2I6rNZX] c.m.s.service.LoyaltyShippingService : Applied tier=STANDARD discount=0.0
INFO [P2I6rNZX] c.m.s.service.PromoEvaluatorService : Promo code SUMMER5 applied flat discount 5.0000
INFO [P2I6rNZX] c.m.s.service.LoyaltyShippingService : Applied promo discount=5.0000
INFO [P2I6rNZX] c.m.s.service.LoyaltyShippingService : Discount total=5.0000 capped=false netFreight=21.5000
INFO [P2I6rNZX] c.m.s.service.LoyaltyShippingService : Shipping calculation result grossFreight=26.50, totalSurcharges=0, finalFee=21.5000
INFO [P2I6rNZX] c.m.s.c.CheckoutShippingController : Shipping calculation completed with final fee 21.50
INFO [yrfApTzM] c.m.s.c.CheckoutShippingController : Shipping calculation requested
INFO [yrfApTzM] c.m.s.service.LoyaltyShippingService : Calculating shipping for country=US, zip=99999, cartTotal=30.0
WARN [yrfApTzM] c.m.s.service.LoyaltyShippingService : No database rate found for country=US, zip=99999; using carrier fallback
INFO [yrfApTzM] c.m.s.service.CarrierRateAPIService : Requesting carrier rate for zip=99999
INFO [yrfApTzM] c.m.s.service.CarrierRateAPIService : Carrier request payload={zipCode=99999, parcel=CalculateShippingRequest.Parcel(weight=1.05, length=20.0, width=15.0, height=10.0)}
INFO [yrfApTzM] c.m.s.service.CarrierRateAPIService : Carrier response payload=CarrierRateResponse(baseRate=18.0, surcharge=true, carrierCode=FEDEX, estimatedDeliveryDays=5)
INFO [yrfApTzM] c.m.s.service.CarrierRateAPIService : Carrier rate received baseRate=18.0, carrier=FEDEX, surcharge=true
INFO [yrfApTzM] c.m.s.service.LoyaltyShippingService : Using carrier rate baseRate=18.0, carrierSurcharge=8.50
INFO [yrfApTzM] c.m.s.service.LoyaltyShippingService : Applied tier=STANDARD discount=0.0
INFO [yrfApTzM] c.m.s.service.PromoEvaluatorService : Promo code WELCOME10 applied percentage discount
INFO [yrfApTzM] c.m.s.service.LoyaltyShippingService : Applied promo discount=2.650000
INFO [yrfApTzM] c.m.s.service.LoyaltyShippingService : Discount total=2.650000 capped=false netFreight=23.850000
INFO [yrfApTzM] c.m.s.service.LoyaltyShippingService : Shipping calculation result grossFreight=26.50, totalSurcharges=0, finalFee=23.850000
INFO [yrfApTzM] c.m.s.c.CheckoutShippingController : Shipping calculation completed with final fee 23.85
INFO [ANtIjBXm] c.m.s.c.CheckoutShippingController : Shipping calculation requested
INFO [ANtIjBXm] c.m.s.service.LoyaltyShippingService : Calculating shipping for country=US, zip=99999, cartTotal=100.0
WARN [ANtIjBXm] c.m.s.service.LoyaltyShippingService : No database rate found for country=US, zip=99999; using carrier fallback
INFO [ANtIjBXm] c.m.s.service.CarrierRateAPIService : Requesting carrier rate for zip=99999
INFO [ANtIjBXm] c.m.s.service.CarrierRateAPIService : Carrier request payload={zipCode=99999, parcel=CalculateShippingRequest.Parcel(weight=1.75, length=20.0, width=15.0, height=10.0)}
INFO [ANtIjBXm] c.m.s.service.CarrierRateAPIService : Carrier response payload=CarrierRateResponse(baseRate=18.0, surcharge=true, carrierCode=FEDEX, estimatedDeliveryDays=5)
INFO [ANtIjBXm] c.m.s.service.CarrierRateAPIService : Carrier rate received baseRate=18.0, carrier=FEDEX, surcharge=true
INFO [ANtIjBXm] c.m.s.service.LoyaltyShippingService : Using carrier rate baseRate=18.0, carrierSurcharge=8.50
INFO [ANtIjBXm] c.m.s.service.LoyaltyShippingService : Applied tier=STANDARD discount=0.0
INFO [ANtIjBXm] c.m.s.service.PromoEvaluatorService : Promo code VIP20 applied percentage discount
INFO [ANtIjBXm] c.m.s.service.LoyaltyShippingService : Applied promo discount=5.300000
INFO [ANtIjBXm] c.m.s.service.LoyaltyShippingService : Discount total=5.300000 capped=false netFreight=21.200000
INFO [ANtIjBXm] c.m.s.service.LoyaltyShippingService : Shipping calculation result grossFreight=26.50, totalSurcharges=0, finalFee=21.200000
INFO [ANtIjBXm] c.m.s.c.CheckoutShippingController : Shipping calculation completed with final fee 21.20
INFO [AyHyn7K3] c.m.s.c.CheckoutShippingController : Shipping calculation requested
INFO [AyHyn7K3] c.m.s.service.LoyaltyShippingService : Calculating shipping for country=US, zip=99999, cartTotal=40.0
WARN [AyHyn7K3] c.m.s.service.LoyaltyShippingService : No database rate found for country=US, zip=99999; using carrier fallback
INFO [AyHyn7K3] c.m.s.service.CarrierRateAPIService : Requesting carrier rate for zip=99999
INFO [AyHyn7K3] c.m.s.service.CarrierRateAPIService : Carrier request payload={zipCode=99999, parcel=CalculateShippingRequest.Parcel(weight=1.15, length=20.0, width=15.0, height=10.0)}
INFO [AyHyn7K3] c.m.s.service.CarrierRateAPIService : Carrier response payload=CarrierRateResponse(baseRate=18.0, surcharge=true, carrierCode=FEDEX, estimatedDeliveryDays=5)
INFO [AyHyn7K3] c.m.s.service.CarrierRateAPIService : Carrier rate received baseRate=18.0, carrier=FEDEX, surcharge=true
INFO [AyHyn7K3] c.m.s.service.LoyaltyShippingService : Using carrier rate baseRate=18.0, carrierSurcharge=8.50
INFO [AyHyn7K3] c.m.s.service.LoyaltyShippingService : Applied tier=STANDARD discount=0.0
INFO [AyHyn7K3] c.m.s.service.PromoEvaluatorService : Promo code VIP20 rejected below cart minimum 50.00
INFO [AyHyn7K3] c.m.s.service.LoyaltyShippingService : Applied promo discount=0
INFO [AyHyn7K3] c.m.s.service.LoyaltyShippingService : Discount total=0.0 capped=false netFreight=26.50
INFO [AyHyn7K3] c.m.s.service.LoyaltyShippingService : Shipping calculation result grossFreight=26.50, totalSurcharges=0, finalFee=26.50
INFO [AyHyn7K3] c.m.s.c.CheckoutShippingController : Shipping calculation completed with final fee 26.50
INFO [uT6JPwH7] c.m.s.c.CheckoutShippingController : Shipping calculation requested
INFO [uT6JPwH7] c.m.s.service.LoyaltyShippingService : Calculating shipping for country=US, zip=99999, cartTotal=100.0
WARN [uT6JPwH7] c.m.s.service.LoyaltyShippingService : No database rate found for country=US, zip=99999; using carrier fallback
INFO [uT6JPwH7] c.m.s.service.CarrierRateAPIService : Requesting carrier rate for zip=99999
INFO [uT6JPwH7] c.m.s.service.CarrierRateAPIService : Carrier request payload={zipCode=99999, parcel=CalculateShippingRequest.Parcel(weight=1.75, length=20.0, width=15.0, height=10.0)}
INFO [uT6JPwH7] c.m.s.service.CarrierRateAPIService : Carrier response payload=CarrierRateResponse(baseRate=18.0, surcharge=true, carrierCode=FEDEX, estimatedDeliveryDays=5)
INFO [uT6JPwH7] c.m.s.service.CarrierRateAPIService : Carrier rate received baseRate=18.0, carrier=FEDEX, surcharge=true
INFO [uT6JPwH7] c.m.s.service.LoyaltyShippingService : Using carrier rate baseRate=18.0, carrierSurcharge=8.50
INFO [uT6JPwH7] c.m.s.service.LoyaltyShippingService : Applied tier=STANDARD discount=0.0
INFO [uT6JPwH7] c.m.s.service.PromoEvaluatorService : Promo code FREESHIP10 applied flat discount 10.0000
INFO [uT6JPwH7] c.m.s.service.LoyaltyShippingService : Applied promo discount=10.0000
INFO [uT6JPwH7] c.m.s.service.LoyaltyShippingService : Discount total=10.0000 capped=false netFreight=16.5000
INFO [uT6JPwH7] c.m.s.service.LoyaltyShippingService : Shipping calculation result grossFreight=26.50, totalSurcharges=0, finalFee=16.5000
INFO [uT6JPwH7] c.m.s.c.CheckoutShippingController : Shipping calculation completed with final fee 16.50
INFO [hboCTD5C] c.m.s.c.CheckoutShippingController : Shipping calculation requested
INFO [hboCTD5C] c.m.s.service.LoyaltyShippingService : Calculating shipping for country=US, zip=99999, cartTotal=40.0
WARN [hboCTD5C] c.m.s.service.LoyaltyShippingService : No database rate found for country=US, zip=99999; using carrier fallback
INFO [hboCTD5C] c.m.s.service.CarrierRateAPIService : Requesting carrier rate for zip=99999
INFO [hboCTD5C] c.m.s.service.CarrierRateAPIService : Carrier request payload={zipCode=99999, parcel=CalculateShippingRequest.Parcel(weight=1.15, length=20.0, width=15.0, height=10.0)}
INFO [hboCTD5C] c.m.s.service.CarrierRateAPIService : Carrier response payload=CarrierRateResponse(baseRate=18.0, surcharge=true, carrierCode=FEDEX, estimatedDeliveryDays=5)
INFO [hboCTD5C] c.m.s.service.CarrierRateAPIService : Carrier rate received baseRate=18.0, carrier=FEDEX, surcharge=true
INFO [hboCTD5C] c.m.s.service.LoyaltyShippingService : Using carrier rate baseRate=18.0, carrierSurcharge=8.50
INFO [hboCTD5C] c.m.s.service.LoyaltyShippingService : Applied tier=STANDARD discount=0.0
INFO [hboCTD5C] c.m.s.service.PromoEvaluatorService : Promo code EARLYBIRD5 applied flat discount 5.0000
INFO [hboCTD5C] c.m.s.service.LoyaltyShippingService : Applied promo discount=5.0000
INFO [hboCTD5C] c.m.s.service.LoyaltyShippingService : Discount total=5.0000 capped=false netFreight=21.5000
INFO [hboCTD5C] c.m.s.service.LoyaltyShippingService : Shipping calculation result grossFreight=26.50, totalSurcharges=0, finalFee=21.5000
INFO [hboCTD5C] c.m.s.c.CheckoutShippingController : Shipping calculation completed with final fee 21.50
INFO [0hWDgYyu] c.m.s.c.CheckoutShippingController : Shipping calculation requested
INFO [0hWDgYyu] c.m.s.service.LoyaltyShippingService : Calculating shipping for country=US, zip=99999, cartTotal=30.0
WARN [0hWDgYyu] c.m.s.service.LoyaltyShippingService : No database rate found for country=US, zip=99999; using carrier fallback
INFO [0hWDgYyu] c.m.s.service.CarrierRateAPIService : Requesting carrier rate for zip=99999
INFO [0hWDgYyu] c.m.s.service.CarrierRateAPIService : Carrier request payload={zipCode=99999, parcel=CalculateShippingRequest.Parcel(weight=1.05, length=20.0, width=15.0, height=10.0)}
INFO [0hWDgYyu] c.m.s.service.CarrierRateAPIService : Carrier response payload=CarrierRateResponse(baseRate=18.0, surcharge=true, carrierCode=FEDEX, estimatedDeliveryDays=5)
INFO [0hWDgYyu] c.m.s.service.CarrierRateAPIService : Carrier rate received baseRate=18.0, carrier=FEDEX, surcharge=true
INFO [0hWDgYyu] c.m.s.service.LoyaltyShippingService : Using carrier rate baseRate=18.0, carrierSurcharge=8.50
INFO [0hWDgYyu] c.m.s.service.LoyaltyShippingService : Applied tier=STANDARD discount=0.0
INFO [0hWDgYyu] c.m.s.service.PromoEvaluatorService : Promo code EARLYBIRD5 rejected outside time window
INFO [0hWDgYyu] c.m.s.service.LoyaltyShippingService : Applied promo discount=0
INFO [0hWDgYyu] c.m.s.service.LoyaltyShippingService : Discount total=0.0 capped=false netFreight=26.50
INFO [0hWDgYyu] c.m.s.service.LoyaltyShippingService : Shipping calculation result grossFreight=26.50, totalSurcharges=0, finalFee=26.50
INFO [0hWDgYyu] c.m.s.c.CheckoutShippingController : Shipping calculation completed with final fee 26.50
INFO [GRc6nidJ] c.m.s.c.CheckoutShippingController : Shipping calculation requested
INFO [GRc6nidJ] c.m.s.service.LoyaltyShippingService : Calculating shipping for country=US, zip=99999, cartTotal=20.0
WARN [GRc6nidJ] c.m.s.service.LoyaltyShippingService : No database rate found for country=US, zip=99999; using carrier fallback
INFO [GRc6nidJ] c.m.s.service.CarrierRateAPIService : Requesting carrier rate for zip=99999
INFO [GRc6nidJ] c.m.s.service.CarrierRateAPIService : Carrier request payload={zipCode=99999, parcel=CalculateShippingRequest.Parcel(weight=0.95, length=20.0, width=15.0, height=10.0)}
INFO [GRc6nidJ] c.m.s.service.CarrierRateAPIService : Carrier response payload=CarrierRateResponse(baseRate=18.0, surcharge=true, carrierCode=FEDEX, estimatedDeliveryDays=5)
INFO [GRc6nidJ] c.m.s.service.CarrierRateAPIService : Carrier rate received baseRate=18.0, carrier=FEDEX, surcharge=true
INFO [GRc6nidJ] c.m.s.service.LoyaltyShippingService : Using carrier rate baseRate=18.0, carrierSurcharge=8.50
INFO [GRc6nidJ] c.m.s.service.LoyaltyShippingService : Applied tier=STANDARD discount=0.0
INFO [GRc6nidJ] c.m.s.service.PromoEvaluatorService : Promo code NIGHTOWL10 applied remaining-fee percentage discount
INFO [GRc6nidJ] c.m.s.service.LoyaltyShippingService : Applied promo discount=2.650000
INFO [GRc6nidJ] c.m.s.service.LoyaltyShippingService : Discount total=2.650000 capped=false netFreight=23.850000
INFO [GRc6nidJ] c.m.s.service.LoyaltyShippingService : Shipping calculation result grossFreight=26.50, totalSurcharges=0, finalFee=23.850000
INFO [GRc6nidJ] c.m.s.c.CheckoutShippingController : Shipping calculation completed with final fee 23.85
INFO [AGyHCASQ] c.m.s.c.CheckoutShippingController : Shipping calculation requested
INFO [AGyHCASQ] c.m.s.service.LoyaltyShippingService : Calculating shipping for country=US, zip=99999, cartTotal=20.0
WARN [AGyHCASQ] c.m.s.service.LoyaltyShippingService : No database rate found for country=US, zip=99999; using carrier fallback
INFO [AGyHCASQ] c.m.s.service.CarrierRateAPIService : Requesting carrier rate for zip=99999
INFO [AGyHCASQ] c.m.s.service.CarrierRateAPIService : Carrier request payload={zipCode=99999, parcel=CalculateShippingRequest.Parcel(weight=0.95, length=20.0, width=15.0, height=10.0)}
INFO [AGyHCASQ] c.m.s.service.CarrierRateAPIService : Carrier response payload=CarrierRateResponse(baseRate=18.0, surcharge=true, carrierCode=FEDEX, estimatedDeliveryDays=5)
INFO [AGyHCASQ] c.m.s.service.CarrierRateAPIService : Carrier rate received baseRate=18.0, carrier=FEDEX, surcharge=true
INFO [AGyHCASQ] c.m.s.service.LoyaltyShippingService : Using carrier rate baseRate=18.0, carrierSurcharge=8.50
INFO [AGyHCASQ] c.m.s.service.LoyaltyShippingService : Applied tier=STANDARD discount=0.0
INFO [AGyHCASQ] c.m.s.service.PromoEvaluatorService : Promo code NIGHTOWL10 rejected outside time window
INFO [AGyHCASQ] c.m.s.service.LoyaltyShippingService : Applied promo discount=0
INFO [AGyHCASQ] c.m.s.service.LoyaltyShippingService : Discount total=0.0 capped=false netFreight=26.50
INFO [AGyHCASQ] c.m.s.service.LoyaltyShippingService : Shipping calculation result grossFreight=26.50, totalSurcharges=0, finalFee=26.50
INFO [AGyHCASQ] c.m.s.c.CheckoutShippingController : Shipping calculation completed with final fee 26.50
INFO [QTrXu7Ht] c.m.s.c.CheckoutShippingController : Shipping calculation requested
INFO [QTrXu7Ht] c.m.s.service.LoyaltyShippingService : Calculating shipping for country=US, zip=99999, cartTotal=100.0
WARN [QTrXu7Ht] c.m.s.service.LoyaltyShippingService : No database rate found for country=US, zip=99999; using carrier fallback
INFO [QTrXu7Ht] c.m.s.service.CarrierRateAPIService : Requesting carrier rate for zip=99999
INFO [QTrXu7Ht] c.m.s.service.CarrierRateAPIService : Carrier request payload={zipCode=99999, parcel=CalculateShippingRequest.Parcel(weight=1.75, length=20.0, width=15.0, height=10.0)}
INFO [QTrXu7Ht] c.m.s.service.CarrierRateAPIService : Carrier response payload=CarrierRateResponse(baseRate=18.0, surcharge=true, carrierCode=FEDEX, estimatedDeliveryDays=5)
INFO [QTrXu7Ht] c.m.s.service.CarrierRateAPIService : Carrier rate received baseRate=18.0, carrier=FEDEX, surcharge=true
INFO [QTrXu7Ht] c.m.s.service.LoyaltyShippingService : Using carrier rate baseRate=18.0, carrierSurcharge=8.50
INFO [QTrXu7Ht] c.m.s.service.LoyaltyShippingService : Applied tier=STANDARD discount=0.0
WARN [QTrXu7Ht] c.m.s.service.PromoEvaluatorService : Promo code EXPIRED10 was not found or is inactive
INFO [QTrXu7Ht] c.m.s.service.LoyaltyShippingService : Applied promo discount=0
INFO [QTrXu7Ht] c.m.s.service.LoyaltyShippingService : Discount total=0.0 capped=false netFreight=26.50
INFO [QTrXu7Ht] c.m.s.service.LoyaltyShippingService : Shipping calculation result grossFreight=26.50, totalSurcharges=0, finalFee=26.50
INFO [QTrXu7Ht] c.m.s.c.CheckoutShippingController : Shipping calculation completed with final fee 26.50
INFO [uFalWuGt] c.m.s.c.CheckoutShippingController : Shipping calculation requested
INFO [uFalWuGt] c.m.s.service.LoyaltyShippingService : Calculating shipping for country=US, zip=99999, cartTotal=20.0
WARN [uFalWuGt] c.m.s.service.LoyaltyShippingService : No database rate found for country=US, zip=99999; using carrier fallback
INFO [uFalWuGt] c.m.s.service.CarrierRateAPIService : Requesting carrier rate for zip=99999
INFO [uFalWuGt] c.m.s.service.CarrierRateAPIService : Carrier request payload={zipCode=99999, parcel=CalculateShippingRequest.Parcel(weight=0.95, length=20.0, width=15.0, height=10.0)}
INFO [uFalWuGt] c.m.s.service.CarrierRateAPIService : Carrier response payload=CarrierRateResponse(baseRate=18.0, surcharge=true, carrierCode=FEDEX, estimatedDeliveryDays=5)
INFO [uFalWuGt] c.m.s.service.CarrierRateAPIService : Carrier rate received baseRate=18.0, carrier=FEDEX, surcharge=true
INFO [uFalWuGt] c.m.s.service.LoyaltyShippingService : Using carrier rate baseRate=18.0, carrierSurcharge=8.50
INFO [uFalWuGt] c.m.s.service.LoyaltyShippingService : Applied tier=SILVER discount=2.000
INFO [uFalWuGt] c.m.s.service.PromoEvaluatorService : No promo code supplied
INFO [uFalWuGt] c.m.s.service.LoyaltyShippingService : Applied promo discount=0
INFO [uFalWuGt] c.m.s.service.LoyaltyShippingService : Discount total=2.000 capped=false netFreight=24.500
INFO [uFalWuGt] c.m.s.service.LoyaltyShippingService : Shipping calculation result grossFreight=26.50, totalSurcharges=0, finalFee=24.500
INFO [uFalWuGt] c.m.s.c.CheckoutShippingController : Shipping calculation completed with final fee 24.50
INFO [37VJYwJd] c.m.s.c.CheckoutShippingController : Shipping calculation requested
INFO [37VJYwJd] c.m.s.service.LoyaltyShippingService : Calculating shipping for country=US, zip=99999, cartTotal=40.0
WARN [37VJYwJd] c.m.s.service.LoyaltyShippingService : No database rate found for country=US, zip=99999; using carrier fallback
INFO [37VJYwJd] c.m.s.service.CarrierRateAPIService : Requesting carrier rate for zip=99999
INFO [37VJYwJd] c.m.s.service.CarrierRateAPIService : Carrier request payload={zipCode=99999, parcel=CalculateShippingRequest.Parcel(weight=1.15, length=20.0, width=15.0, height=10.0)}
INFO [37VJYwJd] c.m.s.service.CarrierRateAPIService : Carrier response payload=CarrierRateResponse(baseRate=18.0, surcharge=true, carrierCode=FEDEX, estimatedDeliveryDays=5)
INFO [37VJYwJd] c.m.s.service.CarrierRateAPIService : Carrier rate received baseRate=18.0, carrier=FEDEX, surcharge=true
INFO [37VJYwJd] c.m.s.service.LoyaltyShippingService : Using carrier rate baseRate=18.0, carrierSurcharge=8.50
INFO [37VJYwJd] c.m.s.service.LoyaltyShippingService : Applied tier=SILVER discount=4.000
INFO [37VJYwJd] c.m.s.service.PromoEvaluatorService : Promo code SUMMER5 applied flat discount 5.0000
INFO [37VJYwJd] c.m.s.service.LoyaltyShippingService : Applied promo discount=5.0000
INFO [37VJYwJd] c.m.s.service.LoyaltyShippingService : Discount total=9.0000 capped=false netFreight=17.5000
INFO [37VJYwJd] c.m.s.service.LoyaltyShippingService : Shipping calculation result grossFreight=26.50, totalSurcharges=0, finalFee=17.5000
INFO [37VJYwJd] c.m.s.c.CheckoutShippingController : Shipping calculation completed with final fee 17.50
INFO [ldWSsqxo] c.m.s.c.CheckoutShippingController : Shipping calculation requested
INFO [ldWSsqxo] c.m.s.service.LoyaltyShippingService : Calculating shipping for country=US, zip=99999, cartTotal=30.0
WARN [ldWSsqxo] c.m.s.service.LoyaltyShippingService : No database rate found for country=US, zip=99999; using carrier fallback
INFO [ldWSsqxo] c.m.s.service.CarrierRateAPIService : Requesting carrier rate for zip=99999
INFO [ldWSsqxo] c.m.s.service.CarrierRateAPIService : Carrier request payload={zipCode=99999, parcel=CalculateShippingRequest.Parcel(weight=1.05, length=20.0, width=15.0, height=10.0)}
INFO [ldWSsqxo] c.m.s.service.CarrierRateAPIService : Carrier response payload=CarrierRateResponse(baseRate=18.0, surcharge=true, carrierCode=FEDEX, estimatedDeliveryDays=5)
INFO [ldWSsqxo] c.m.s.service.CarrierRateAPIService : Carrier rate received baseRate=18.0, carrier=FEDEX, surcharge=true
INFO [ldWSsqxo] c.m.s.service.LoyaltyShippingService : Using carrier rate baseRate=18.0, carrierSurcharge=8.50
INFO [ldWSsqxo] c.m.s.service.LoyaltyShippingService : Applied tier=SILVER discount=3.000
INFO [ldWSsqxo] c.m.s.service.PromoEvaluatorService : Promo code WELCOME10 applied percentage discount
INFO [ldWSsqxo] c.m.s.service.LoyaltyShippingService : Applied promo discount=2.650000
INFO [ldWSsqxo] c.m.s.service.LoyaltyShippingService : Discount total=5.650000 capped=false netFreight=20.850000
INFO [ldWSsqxo] c.m.s.service.LoyaltyShippingService : Shipping calculation result grossFreight=26.50, totalSurcharges=0, finalFee=20.850000
INFO [ldWSsqxo] c.m.s.c.CheckoutShippingController : Shipping calculation completed with final fee 20.85
INFO [3jUAMseG] c.m.s.c.CheckoutShippingController : Shipping calculation requested
INFO [3jUAMseG] c.m.s.service.LoyaltyShippingService : Calculating shipping for country=US, zip=99999, cartTotal=100.0
WARN [3jUAMseG] c.m.s.service.LoyaltyShippingService : No database rate found for country=US, zip=99999; using carrier fallback
INFO [3jUAMseG] c.m.s.service.CarrierRateAPIService : Requesting carrier rate for zip=99999
INFO [3jUAMseG] c.m.s.service.CarrierRateAPIService : Carrier request payload={zipCode=99999, parcel=CalculateShippingRequest.Parcel(weight=1.75, length=20.0, width=15.0, height=10.0)}
INFO [3jUAMseG] c.m.s.service.CarrierRateAPIService : Carrier response payload=CarrierRateResponse(baseRate=18.0, surcharge=true, carrierCode=FEDEX, estimatedDeliveryDays=5)
INFO [3jUAMseG] c.m.s.service.CarrierRateAPIService : Carrier rate received baseRate=18.0, carrier=FEDEX, surcharge=true
INFO [3jUAMseG] c.m.s.service.LoyaltyShippingService : Using carrier rate baseRate=18.0, carrierSurcharge=8.50
INFO [3jUAMseG] c.m.s.service.LoyaltyShippingService : Applied tier=SILVER discount=10.000
INFO [3jUAMseG] c.m.s.service.PromoEvaluatorService : Promo code VIP20 applied percentage discount
INFO [3jUAMseG] c.m.s.service.LoyaltyShippingService : Applied promo discount=5.300000
INFO [3jUAMseG] c.m.s.service.LoyaltyShippingService : Discount total=15.300000 capped=false netFreight=11.200000
INFO [3jUAMseG] c.m.s.service.LoyaltyShippingService : Shipping calculation result grossFreight=26.50, totalSurcharges=0, finalFee=11.200000
INFO [3jUAMseG] c.m.s.c.CheckoutShippingController : Shipping calculation completed with final fee 11.20
INFO [xg7GtyTm] c.m.s.c.CheckoutShippingController : Shipping calculation requested
INFO [xg7GtyTm] c.m.s.service.LoyaltyShippingService : Calculating shipping for country=US, zip=99999, cartTotal=40.0
WARN [xg7GtyTm] c.m.s.service.LoyaltyShippingService : No database rate found for country=US, zip=99999; using carrier fallback
INFO [xg7GtyTm] c.m.s.service.CarrierRateAPIService : Requesting carrier rate for zip=99999
INFO [xg7GtyTm] c.m.s.service.CarrierRateAPIService : Carrier request payload={zipCode=99999, parcel=CalculateShippingRequest.Parcel(weight=1.15, length=20.0, width=15.0, height=10.0)}
INFO [xg7GtyTm] c.m.s.service.CarrierRateAPIService : Carrier response payload=CarrierRateResponse(baseRate=18.0, surcharge=true, carrierCode=FEDEX, estimatedDeliveryDays=5)
INFO [xg7GtyTm] c.m.s.service.CarrierRateAPIService : Carrier rate received baseRate=18.0, carrier=FEDEX, surcharge=true
INFO [xg7GtyTm] c.m.s.service.LoyaltyShippingService : Using carrier rate baseRate=18.0, carrierSurcharge=8.50
INFO [xg7GtyTm] c.m.s.service.LoyaltyShippingService : Applied tier=SILVER discount=4.000
INFO [xg7GtyTm] c.m.s.service.PromoEvaluatorService : Promo code VIP20 rejected below cart minimum 50.00
INFO [xg7GtyTm] c.m.s.service.LoyaltyShippingService : Applied promo discount=0
INFO [xg7GtyTm] c.m.s.service.LoyaltyShippingService : Discount total=4.000 capped=false netFreight=22.500
INFO [xg7GtyTm] c.m.s.service.LoyaltyShippingService : Shipping calculation result grossFreight=26.50, totalSurcharges=0, finalFee=22.500
INFO [xg7GtyTm] c.m.s.c.CheckoutShippingController : Shipping calculation completed with final fee 22.50
INFO [TPQgAFnE] c.m.s.c.CheckoutShippingController : Shipping calculation requested
INFO [TPQgAFnE] c.m.s.service.LoyaltyShippingService : Calculating shipping for country=US, zip=99999, cartTotal=100.0
WARN [TPQgAFnE] c.m.s.service.LoyaltyShippingService : No database rate found for country=US, zip=99999; using carrier fallback
INFO [TPQgAFnE] c.m.s.service.CarrierRateAPIService : Requesting carrier rate for zip=99999
INFO [TPQgAFnE] c.m.s.service.CarrierRateAPIService : Carrier request payload={zipCode=99999, parcel=CalculateShippingRequest.Parcel(weight=1.75, length=20.0, width=15.0, height=10.0)}
INFO [TPQgAFnE] c.m.s.service.CarrierRateAPIService : Carrier response payload=CarrierRateResponse(baseRate=18.0, surcharge=true, carrierCode=FEDEX, estimatedDeliveryDays=5)
INFO [TPQgAFnE] c.m.s.service.CarrierRateAPIService : Carrier rate received baseRate=18.0, carrier=FEDEX, surcharge=true
INFO [TPQgAFnE] c.m.s.service.LoyaltyShippingService : Using carrier rate baseRate=18.0, carrierSurcharge=8.50
INFO [TPQgAFnE] c.m.s.service.LoyaltyShippingService : Applied tier=SILVER discount=10.000
INFO [TPQgAFnE] c.m.s.service.PromoEvaluatorService : Promo code FREESHIP10 applied flat discount 10.0000
INFO [TPQgAFnE] c.m.s.service.LoyaltyShippingService : Applied promo discount=10.0000
INFO [TPQgAFnE] c.m.s.service.LoyaltyShippingService : Discount total=20.0000 capped=false netFreight=6.5000
INFO [TPQgAFnE] c.m.s.service.LoyaltyShippingService : Shipping calculation result grossFreight=26.50, totalSurcharges=0, finalFee=6.5000
INFO [TPQgAFnE] c.m.s.c.CheckoutShippingController : Shipping calculation completed with final fee 6.50
INFO [hLELBUyi] c.m.s.c.CheckoutShippingController : Shipping calculation requested
INFO [hLELBUyi] c.m.s.service.LoyaltyShippingService : Calculating shipping for country=US, zip=99999, cartTotal=40.0
WARN [hLELBUyi] c.m.s.service.LoyaltyShippingService : No database rate found for country=US, zip=99999; using carrier fallback
INFO [hLELBUyi] c.m.s.service.CarrierRateAPIService : Requesting carrier rate for zip=99999
INFO [hLELBUyi] c.m.s.service.CarrierRateAPIService : Carrier request payload={zipCode=99999, parcel=CalculateShippingRequest.Parcel(weight=1.15, length=20.0, width=15.0, height=10.0)}
INFO [hLELBUyi] c.m.s.service.CarrierRateAPIService : Carrier response payload=CarrierRateResponse(baseRate=18.0, surcharge=true, carrierCode=FEDEX, estimatedDeliveryDays=5)
INFO [hLELBUyi] c.m.s.service.CarrierRateAPIService : Carrier rate received baseRate=18.0, carrier=FEDEX, surcharge=true
INFO [hLELBUyi] c.m.s.service.LoyaltyShippingService : Using carrier rate baseRate=18.0, carrierSurcharge=8.50
INFO [hLELBUyi] c.m.s.service.LoyaltyShippingService : Applied tier=SILVER discount=4.000
INFO [hLELBUyi] c.m.s.service.PromoEvaluatorService : Promo code EARLYBIRD5 applied flat discount 5.0000
INFO [hLELBUyi] c.m.s.service.LoyaltyShippingService : Applied promo discount=5.0000
INFO [hLELBUyi] c.m.s.service.LoyaltyShippingService : Discount total=9.0000 capped=false netFreight=17.5000
INFO [hLELBUyi] c.m.s.service.LoyaltyShippingService : Shipping calculation result grossFreight=26.50, totalSurcharges=0, finalFee=17.5000
INFO [hLELBUyi] c.m.s.c.CheckoutShippingController : Shipping calculation completed with final fee 17.50
INFO [KXtgF7F6] c.m.s.c.CheckoutShippingController : Shipping calculation requested
INFO [KXtgF7F6] c.m.s.service.LoyaltyShippingService : Calculating shipping for country=US, zip=99999, cartTotal=30.0
WARN [KXtgF7F6] c.m.s.service.LoyaltyShippingService : No database rate found for country=US, zip=99999; using carrier fallback
INFO [KXtgF7F6] c.m.s.service.CarrierRateAPIService : Requesting carrier rate for zip=99999
INFO [KXtgF7F6] c.m.s.service.CarrierRateAPIService : Carrier request payload={zipCode=99999, parcel=CalculateShippingRequest.Parcel(weight=1.05, length=20.0, width=15.0, height=10.0)}
INFO [KXtgF7F6] c.m.s.service.CarrierRateAPIService : Carrier response payload=CarrierRateResponse(baseRate=18.0, surcharge=true, carrierCode=FEDEX, estimatedDeliveryDays=5)
INFO [KXtgF7F6] c.m.s.service.CarrierRateAPIService : Carrier rate received baseRate=18.0, carrier=FEDEX, surcharge=true
INFO [KXtgF7F6] c.m.s.service.LoyaltyShippingService : Using carrier rate baseRate=18.0, carrierSurcharge=8.50
INFO [KXtgF7F6] c.m.s.service.LoyaltyShippingService : Applied tier=SILVER discount=3.000
INFO [KXtgF7F6] c.m.s.service.PromoEvaluatorService : Promo code EARLYBIRD5 rejected outside time window
INFO [KXtgF7F6] c.m.s.service.LoyaltyShippingService : Applied promo discount=0
INFO [KXtgF7F6] c.m.s.service.LoyaltyShippingService : Discount total=3.000 capped=false netFreight=23.500
INFO [KXtgF7F6] c.m.s.service.LoyaltyShippingService : Shipping calculation result grossFreight=26.50, totalSurcharges=0, finalFee=23.500
INFO [KXtgF7F6] c.m.s.c.CheckoutShippingController : Shipping calculation completed with final fee 23.50
INFO [zM15Nai5] c.m.s.c.CheckoutShippingController : Shipping calculation requested
INFO [zM15Nai5] c.m.s.service.LoyaltyShippingService : Calculating shipping for country=US, zip=99999, cartTotal=20.0
WARN [zM15Nai5] c.m.s.service.LoyaltyShippingService : No database rate found for country=US, zip=99999; using carrier fallback
INFO [zM15Nai5] c.m.s.service.CarrierRateAPIService : Requesting carrier rate for zip=99999
INFO [zM15Nai5] c.m.s.service.CarrierRateAPIService : Carrier request payload={zipCode=99999, parcel=CalculateShippingRequest.Parcel(weight=0.95, length=20.0, width=15.0, height=10.0)}
INFO [zM15Nai5] c.m.s.service.CarrierRateAPIService : Carrier response payload=CarrierRateResponse(baseRate=18.0, surcharge=true, carrierCode=FEDEX, estimatedDeliveryDays=5)
INFO [zM15Nai5] c.m.s.service.CarrierRateAPIService : Carrier rate received baseRate=18.0, carrier=FEDEX, surcharge=true
INFO [zM15Nai5] c.m.s.service.LoyaltyShippingService : Using carrier rate baseRate=18.0, carrierSurcharge=8.50
INFO [zM15Nai5] c.m.s.service.LoyaltyShippingService : Applied tier=SILVER discount=2.000
INFO [zM15Nai5] c.m.s.service.PromoEvaluatorService : Promo code NIGHTOWL10 applied remaining-fee percentage discount
INFO [zM15Nai5] c.m.s.service.LoyaltyShippingService : Applied promo discount=2.4500000
INFO [zM15Nai5] c.m.s.service.LoyaltyShippingService : Discount total=4.4500000 capped=false netFreight=22.0500000
INFO [zM15Nai5] c.m.s.service.LoyaltyShippingService : Shipping calculation result grossFreight=26.50, totalSurcharges=0, finalFee=22.0500000
INFO [zM15Nai5] c.m.s.c.CheckoutShippingController : Shipping calculation completed with final fee 22.05
INFO [46gfUpR8] c.m.s.c.CheckoutShippingController : Shipping calculation requested
INFO [46gfUpR8] c.m.s.service.LoyaltyShippingService : Calculating shipping for country=US, zip=99999, cartTotal=20.0
WARN [46gfUpR8] c.m.s.service.LoyaltyShippingService : No database rate found for country=US, zip=99999; using carrier fallback
INFO [46gfUpR8] c.m.s.service.CarrierRateAPIService : Requesting carrier rate for zip=99999
INFO [46gfUpR8] c.m.s.service.CarrierRateAPIService : Carrier request payload={zipCode=99999, parcel=CalculateShippingRequest.Parcel(weight=0.95, length=20.0, width=15.0, height=10.0)}
INFO [46gfUpR8] c.m.s.service.CarrierRateAPIService : Carrier response payload=CarrierRateResponse(baseRate=18.0, surcharge=true, carrierCode=FEDEX, estimatedDeliveryDays=5)
INFO [46gfUpR8] c.m.s.service.CarrierRateAPIService : Carrier rate received baseRate=18.0, carrier=FEDEX, surcharge=true
INFO [46gfUpR8] c.m.s.service.LoyaltyShippingService : Using carrier rate baseRate=18.0, carrierSurcharge=8.50
INFO [46gfUpR8] c.m.s.service.LoyaltyShippingService : Applied tier=SILVER discount=2.000
INFO [46gfUpR8] c.m.s.service.PromoEvaluatorService : Promo code NIGHTOWL10 rejected outside time window
INFO [46gfUpR8] c.m.s.service.LoyaltyShippingService : Applied promo discount=0
INFO [46gfUpR8] c.m.s.service.LoyaltyShippingService : Discount total=2.000 capped=false netFreight=24.500
INFO [46gfUpR8] c.m.s.service.LoyaltyShippingService : Shipping calculation result grossFreight=26.50, totalSurcharges=0, finalFee=24.500
INFO [46gfUpR8] c.m.s.c.CheckoutShippingController : Shipping calculation completed with final fee 24.50
INFO [mOvK1Tdz] c.m.s.c.CheckoutShippingController : Shipping calculation requested
INFO [mOvK1Tdz] c.m.s.service.LoyaltyShippingService : Calculating shipping for country=US, zip=99999, cartTotal=100.0
WARN [mOvK1Tdz] c.m.s.service.LoyaltyShippingService : No database rate found for country=US, zip=99999; using carrier fallback
INFO [mOvK1Tdz] c.m.s.service.CarrierRateAPIService : Requesting carrier rate for zip=99999
INFO [mOvK1Tdz] c.m.s.service.CarrierRateAPIService : Carrier request payload={zipCode=99999, parcel=CalculateShippingRequest.Parcel(weight=1.75, length=20.0, width=15.0, height=10.0)}
INFO [mOvK1Tdz] c.m.s.service.CarrierRateAPIService : Carrier response payload=CarrierRateResponse(baseRate=18.0, surcharge=true, carrierCode=FEDEX, estimatedDeliveryDays=5)
INFO [mOvK1Tdz] c.m.s.service.CarrierRateAPIService : Carrier rate received baseRate=18.0, carrier=FEDEX, surcharge=true
INFO [mOvK1Tdz] c.m.s.service.LoyaltyShippingService : Using carrier rate baseRate=18.0, carrierSurcharge=8.50
INFO [mOvK1Tdz] c.m.s.service.LoyaltyShippingService : Applied tier=SILVER discount=10.000
WARN [mOvK1Tdz] c.m.s.service.PromoEvaluatorService : Promo code EXPIRED10 was not found or is inactive
INFO [mOvK1Tdz] c.m.s.service.LoyaltyShippingService : Applied promo discount=0
INFO [mOvK1Tdz] c.m.s.service.LoyaltyShippingService : Discount total=10.000 capped=false netFreight=16.500
INFO [mOvK1Tdz] c.m.s.service.LoyaltyShippingService : Shipping calculation result grossFreight=26.50, totalSurcharges=0, finalFee=16.500
INFO [mOvK1Tdz] c.m.s.c.CheckoutShippingController : Shipping calculation completed with final fee 16.50
INFO [eywibs2v] c.m.s.c.CheckoutShippingController : Shipping calculation requested
INFO [eywibs2v] c.m.s.service.LoyaltyShippingService : Calculating shipping for country=US, zip=99999, cartTotal=20.0
WARN [eywibs2v] c.m.s.service.LoyaltyShippingService : No database rate found for country=US, zip=99999; using carrier fallback
INFO [eywibs2v] c.m.s.service.CarrierRateAPIService : Requesting carrier rate for zip=99999
INFO [eywibs2v] c.m.s.service.CarrierRateAPIService : Carrier request payload={zipCode=99999, parcel=CalculateShippingRequest.Parcel(weight=0.95, length=20.0, width=15.0, height=10.0)}
INFO [eywibs2v] c.m.s.service.CarrierRateAPIService : Carrier response payload=CarrierRateResponse(baseRate=18.0, surcharge=true, carrierCode=FEDEX, estimatedDeliveryDays=5)
INFO [eywibs2v] c.m.s.service.CarrierRateAPIService : Carrier rate received baseRate=18.0, carrier=FEDEX, surcharge=true
INFO [eywibs2v] c.m.s.service.LoyaltyShippingService : Using carrier rate baseRate=18.0, carrierSurcharge=8.50
INFO [eywibs2v] c.m.s.service.LoyaltyShippingService : Applied tier=GOLD discount=4.000
INFO [eywibs2v] c.m.s.service.PromoEvaluatorService : No promo code supplied
INFO [eywibs2v] c.m.s.service.LoyaltyShippingService : Applied promo discount=0
INFO [eywibs2v] c.m.s.service.LoyaltyShippingService : Discount total=4.000 capped=false netFreight=22.500
INFO [eywibs2v] c.m.s.service.LoyaltyShippingService : Shipping calculation result grossFreight=26.50, totalSurcharges=0, finalFee=22.500
INFO [eywibs2v] c.m.s.c.CheckoutShippingController : Shipping calculation completed with final fee 22.50
INFO [G2j8tUnw] c.m.s.c.CheckoutShippingController : Shipping calculation requested
INFO [G2j8tUnw] c.m.s.service.LoyaltyShippingService : Calculating shipping for country=US, zip=99999, cartTotal=40.0
WARN [G2j8tUnw] c.m.s.service.LoyaltyShippingService : No database rate found for country=US, zip=99999; using carrier fallback
INFO [G2j8tUnw] c.m.s.service.CarrierRateAPIService : Requesting carrier rate for zip=99999
INFO [G2j8tUnw] c.m.s.service.CarrierRateAPIService : Carrier request payload={zipCode=99999, parcel=CalculateShippingRequest.Parcel(weight=1.15, length=20.0, width=15.0, height=10.0)}
INFO [G2j8tUnw] c.m.s.service.CarrierRateAPIService : Carrier response payload=CarrierRateResponse(baseRate=18.0, surcharge=true, carrierCode=FEDEX, estimatedDeliveryDays=5)
INFO [G2j8tUnw] c.m.s.service.CarrierRateAPIService : Carrier rate received baseRate=18.0, carrier=FEDEX, surcharge=true
INFO [G2j8tUnw] c.m.s.service.LoyaltyShippingService : Using carrier rate baseRate=18.0, carrierSurcharge=8.50
INFO [G2j8tUnw] c.m.s.service.LoyaltyShippingService : Applied tier=GOLD discount=8.000
INFO [G2j8tUnw] c.m.s.service.PromoEvaluatorService : Promo code SUMMER5 applied flat discount 5.0000
INFO [G2j8tUnw] c.m.s.service.LoyaltyShippingService : Applied promo discount=5.0000
INFO [G2j8tUnw] c.m.s.service.LoyaltyShippingService : Discount total=13.0000 capped=false netFreight=13.5000
INFO [G2j8tUnw] c.m.s.service.LoyaltyShippingService : Shipping calculation result grossFreight=26.50, totalSurcharges=0, finalFee=13.5000
INFO [G2j8tUnw] c.m.s.c.CheckoutShippingController : Shipping calculation completed with final fee 13.50
INFO [6QXSCkGz] c.m.s.c.CheckoutShippingController : Shipping calculation requested
INFO [6QXSCkGz] c.m.s.service.LoyaltyShippingService : Calculating shipping for country=US, zip=99999, cartTotal=30.0
WARN [6QXSCkGz] c.m.s.service.LoyaltyShippingService : No database rate found for country=US, zip=99999; using carrier fallback
INFO [6QXSCkGz] c.m.s.service.CarrierRateAPIService : Requesting carrier rate for zip=99999
INFO [6QXSCkGz] c.m.s.service.CarrierRateAPIService : Carrier request payload={zipCode=99999, parcel=CalculateShippingRequest.Parcel(weight=1.05, length=20.0, width=15.0, height=10.0)}
INFO [6QXSCkGz] c.m.s.service.CarrierRateAPIService : Carrier response payload=CarrierRateResponse(baseRate=18.0, surcharge=true, carrierCode=FEDEX, estimatedDeliveryDays=5)
INFO [6QXSCkGz] c.m.s.service.CarrierRateAPIService : Carrier rate received baseRate=18.0, carrier=FEDEX, surcharge=true
INFO [6QXSCkGz] c.m.s.service.LoyaltyShippingService : Using carrier rate baseRate=18.0, carrierSurcharge=8.50
INFO [6QXSCkGz] c.m.s.service.LoyaltyShippingService : Applied tier=GOLD discount=6.000
INFO [6QXSCkGz] c.m.s.service.PromoEvaluatorService : Promo code WELCOME10 applied percentage discount
INFO [6QXSCkGz] c.m.s.service.LoyaltyShippingService : Applied promo discount=2.650000
INFO [6QXSCkGz] c.m.s.service.LoyaltyShippingService : Discount total=8.650000 capped=false netFreight=17.850000
INFO [6QXSCkGz] c.m.s.service.LoyaltyShippingService : Shipping calculation result grossFreight=26.50, totalSurcharges=0, finalFee=17.850000
INFO [6QXSCkGz] c.m.s.c.CheckoutShippingController : Shipping calculation completed with final fee 17.85
INFO [s8kU7kXY] c.m.s.c.CheckoutShippingController : Shipping calculation requested
INFO [s8kU7kXY] c.m.s.service.LoyaltyShippingService : Calculating shipping for country=US, zip=99999, cartTotal=100.0
WARN [s8kU7kXY] c.m.s.service.LoyaltyShippingService : No database rate found for country=US, zip=99999; using carrier fallback
INFO [s8kU7kXY] c.m.s.service.CarrierRateAPIService : Requesting carrier rate for zip=99999
INFO [s8kU7kXY] c.m.s.service.CarrierRateAPIService : Carrier request payload={zipCode=99999, parcel=CalculateShippingRequest.Parcel(weight=1.75, length=20.0, width=15.0, height=10.0)}
INFO [s8kU7kXY] c.m.s.service.CarrierRateAPIService : Carrier response payload=CarrierRateResponse(baseRate=18.0, surcharge=true, carrierCode=FEDEX, estimatedDeliveryDays=5)
INFO [s8kU7kXY] c.m.s.service.CarrierRateAPIService : Carrier rate received baseRate=18.0, carrier=FEDEX, surcharge=true
INFO [s8kU7kXY] c.m.s.service.LoyaltyShippingService : Using carrier rate baseRate=18.0, carrierSurcharge=8.50
INFO [s8kU7kXY] c.m.s.service.LoyaltyShippingService : Applied tier=GOLD discount=20.000
INFO [s8kU7kXY] c.m.s.service.PromoEvaluatorService : Promo code VIP20 applied percentage discount
INFO [s8kU7kXY] c.m.s.service.LoyaltyShippingService : Applied promo discount=5.300000
INFO [s8kU7kXY] c.m.s.service.LoyaltyShippingService : Discount total=25.300000 capped=false netFreight=1.200000
INFO [s8kU7kXY] c.m.s.service.LoyaltyShippingService : Shipping calculation result grossFreight=26.50, totalSurcharges=0, finalFee=1.200000
INFO [s8kU7kXY] c.m.s.c.CheckoutShippingController : Shipping calculation completed with final fee 1.20
INFO [Rgfj21ZB] c.m.s.c.CheckoutShippingController : Shipping calculation requested
INFO [Rgfj21ZB] c.m.s.service.LoyaltyShippingService : Calculating shipping for country=US, zip=99999, cartTotal=40.0
WARN [Rgfj21ZB] c.m.s.service.LoyaltyShippingService : No database rate found for country=US, zip=99999; using carrier fallback
INFO [Rgfj21ZB] c.m.s.service.CarrierRateAPIService : Requesting carrier rate for zip=99999
INFO [Rgfj21ZB] c.m.s.service.CarrierRateAPIService : Carrier request payload={zipCode=99999, parcel=CalculateShippingRequest.Parcel(weight=1.15, length=20.0, width=15.0, height=10.0)}
INFO [Rgfj21ZB] c.m.s.service.CarrierRateAPIService : Carrier response payload=CarrierRateResponse(baseRate=18.0, surcharge=true, carrierCode=FEDEX, estimatedDeliveryDays=5)
INFO [Rgfj21ZB] c.m.s.service.CarrierRateAPIService : Carrier rate received baseRate=18.0, carrier=FEDEX, surcharge=true
INFO [Rgfj21ZB] c.m.s.service.LoyaltyShippingService : Using carrier rate baseRate=18.0, carrierSurcharge=8.50
INFO [Rgfj21ZB] c.m.s.service.LoyaltyShippingService : Applied tier=GOLD discount=8.000
INFO [Rgfj21ZB] c.m.s.service.PromoEvaluatorService : Promo code VIP20 rejected below cart minimum 50.00
INFO [Rgfj21ZB] c.m.s.service.LoyaltyShippingService : Applied promo discount=0
INFO [Rgfj21ZB] c.m.s.service.LoyaltyShippingService : Discount total=8.000 capped=false netFreight=18.500
INFO [Rgfj21ZB] c.m.s.service.LoyaltyShippingService : Shipping calculation result grossFreight=26.50, totalSurcharges=0, finalFee=18.500
INFO [Rgfj21ZB] c.m.s.c.CheckoutShippingController : Shipping calculation completed with final fee 18.50
INFO [zm3OViNg] c.m.s.c.CheckoutShippingController : Shipping calculation requested
INFO [zm3OViNg] c.m.s.service.LoyaltyShippingService : Calculating shipping for country=US, zip=99999, cartTotal=100.0
WARN [zm3OViNg] c.m.s.service.LoyaltyShippingService : No database rate found for country=US, zip=99999; using carrier fallback
INFO [zm3OViNg] c.m.s.service.CarrierRateAPIService : Requesting carrier rate for zip=99999
INFO [zm3OViNg] c.m.s.service.CarrierRateAPIService : Carrier request payload={zipCode=99999, parcel=CalculateShippingRequest.Parcel(weight=1.75, length=20.0, width=15.0, height=10.0)}
INFO [zm3OViNg] c.m.s.service.CarrierRateAPIService : Carrier response payload=CarrierRateResponse(baseRate=18.0, surcharge=true, carrierCode=FEDEX, estimatedDeliveryDays=5)
INFO [zm3OViNg] c.m.s.service.CarrierRateAPIService : Carrier rate received baseRate=18.0, carrier=FEDEX, surcharge=true
INFO [zm3OViNg] c.m.s.service.LoyaltyShippingService : Using carrier rate baseRate=18.0, carrierSurcharge=8.50
INFO [zm3OViNg] c.m.s.service.LoyaltyShippingService : Applied tier=GOLD discount=20.000
INFO [zm3OViNg] c.m.s.service.PromoEvaluatorService : Promo code FREESHIP10 applied flat discount 10.0000
INFO [zm3OViNg] c.m.s.service.LoyaltyShippingService : Applied promo discount=10.0000
INFO [zm3OViNg] c.m.s.service.LoyaltyShippingService : Discount total=30.0000 capped=false netFreight=0
INFO [zm3OViNg] c.m.s.service.LoyaltyShippingService : Shipping calculation result grossFreight=26.50, totalSurcharges=0, finalFee=0
INFO [zm3OViNg] c.m.s.c.CheckoutShippingController : Shipping calculation completed with final fee 0.00
INFO [5lHEChf9] c.m.s.c.CheckoutShippingController : Shipping calculation requested
INFO [5lHEChf9] c.m.s.service.LoyaltyShippingService : Calculating shipping for country=US, zip=99999, cartTotal=40.0
WARN [5lHEChf9] c.m.s.service.LoyaltyShippingService : No database rate found for country=US, zip=99999; using carrier fallback
INFO [5lHEChf9] c.m.s.service.CarrierRateAPIService : Requesting carrier rate for zip=99999
INFO [5lHEChf9] c.m.s.service.CarrierRateAPIService : Carrier request payload={zipCode=99999, parcel=CalculateShippingRequest.Parcel(weight=1.15, length=20.0, width=15.0, height=10.0)}
INFO [5lHEChf9] c.m.s.service.CarrierRateAPIService : Carrier response payload=CarrierRateResponse(baseRate=18.0, surcharge=true, carrierCode=FEDEX, estimatedDeliveryDays=5)
INFO [5lHEChf9] c.m.s.service.CarrierRateAPIService : Carrier rate received baseRate=18.0, carrier=FEDEX, surcharge=true
INFO [5lHEChf9] c.m.s.service.LoyaltyShippingService : Using carrier rate baseRate=18.0, carrierSurcharge=8.50
INFO [5lHEChf9] c.m.s.service.LoyaltyShippingService : Applied tier=GOLD discount=8.000
INFO [5lHEChf9] c.m.s.service.PromoEvaluatorService : Promo code EARLYBIRD5 applied flat discount 5.0000
INFO [5lHEChf9] c.m.s.service.LoyaltyShippingService : Applied promo discount=5.0000
INFO [5lHEChf9] c.m.s.service.LoyaltyShippingService : Discount total=13.0000 capped=false netFreight=13.5000
INFO [5lHEChf9] c.m.s.service.LoyaltyShippingService : Shipping calculation result grossFreight=26.50, totalSurcharges=0, finalFee=13.5000
INFO [5lHEChf9] c.m.s.c.CheckoutShippingController : Shipping calculation completed with final fee 13.50
INFO [nsmzylaE] c.m.s.c.CheckoutShippingController : Shipping calculation requested
INFO [nsmzylaE] c.m.s.service.LoyaltyShippingService : Calculating shipping for country=US, zip=99999, cartTotal=30.0
WARN [nsmzylaE] c.m.s.service.LoyaltyShippingService : No database rate found for country=US, zip=99999; using carrier fallback
INFO [nsmzylaE] c.m.s.service.CarrierRateAPIService : Requesting carrier rate for zip=99999
INFO [nsmzylaE] c.m.s.service.CarrierRateAPIService : Carrier request payload={zipCode=99999, parcel=CalculateShippingRequest.Parcel(weight=1.05, length=20.0, width=15.0, height=10.0)}
INFO [nsmzylaE] c.m.s.service.CarrierRateAPIService : Carrier response payload=CarrierRateResponse(baseRate=18.0, surcharge=true, carrierCode=FEDEX, estimatedDeliveryDays=5)
INFO [nsmzylaE] c.m.s.service.CarrierRateAPIService : Carrier rate received baseRate=18.0, carrier=FEDEX, surcharge=true
INFO [nsmzylaE] c.m.s.service.LoyaltyShippingService : Using carrier rate baseRate=18.0, carrierSurcharge=8.50
INFO [nsmzylaE] c.m.s.service.LoyaltyShippingService : Applied tier=GOLD discount=6.000
INFO [nsmzylaE] c.m.s.service.PromoEvaluatorService : Promo code EARLYBIRD5 rejected outside time window
INFO [nsmzylaE] c.m.s.service.LoyaltyShippingService : Applied promo discount=0
INFO [nsmzylaE] c.m.s.service.LoyaltyShippingService : Discount total=6.000 capped=false netFreight=20.500
INFO [nsmzylaE] c.m.s.service.LoyaltyShippingService : Shipping calculation result grossFreight=26.50, totalSurcharges=0, finalFee=20.500
INFO [nsmzylaE] c.m.s.c.CheckoutShippingController : Shipping calculation completed with final fee 20.50
INFO [S18SdW0M] c.m.s.c.CheckoutShippingController : Shipping calculation requested
INFO [S18SdW0M] c.m.s.service.LoyaltyShippingService : Calculating shipping for country=US, zip=99999, cartTotal=20.0
WARN [S18SdW0M] c.m.s.service.LoyaltyShippingService : No database rate found for country=US, zip=99999; using carrier fallback
INFO [S18SdW0M] c.m.s.service.CarrierRateAPIService : Requesting carrier rate for zip=99999
INFO [S18SdW0M] c.m.s.service.CarrierRateAPIService : Carrier request payload={zipCode=99999, parcel=CalculateShippingRequest.Parcel(weight=0.95, length=20.0, width=15.0, height=10.0)}
INFO [S18SdW0M] c.m.s.service.CarrierRateAPIService : Carrier response payload=CarrierRateResponse(baseRate=18.0, surcharge=true, carrierCode=FEDEX, estimatedDeliveryDays=5)
INFO [S18SdW0M] c.m.s.service.CarrierRateAPIService : Carrier rate received baseRate=18.0, carrier=FEDEX, surcharge=true
INFO [S18SdW0M] c.m.s.service.LoyaltyShippingService : Using carrier rate baseRate=18.0, carrierSurcharge=8.50
INFO [S18SdW0M] c.m.s.service.LoyaltyShippingService : Applied tier=GOLD discount=4.000
INFO [S18SdW0M] c.m.s.service.PromoEvaluatorService : Promo code NIGHTOWL10 applied remaining-fee percentage discount
INFO [S18SdW0M] c.m.s.service.LoyaltyShippingService : Applied promo discount=2.2500000
INFO [S18SdW0M] c.m.s.service.LoyaltyShippingService : Discount total=6.2500000 capped=false netFreight=20.2500000
INFO [S18SdW0M] c.m.s.service.LoyaltyShippingService : Shipping calculation result grossFreight=26.50, totalSurcharges=0, finalFee=20.2500000
INFO [S18SdW0M] c.m.s.c.CheckoutShippingController : Shipping calculation completed with final fee 20.25
INFO [8njdv6W4] c.m.s.c.CheckoutShippingController : Shipping calculation requested
INFO [8njdv6W4] c.m.s.service.LoyaltyShippingService : Calculating shipping for country=US, zip=99999, cartTotal=20.0
WARN [8njdv6W4] c.m.s.service.LoyaltyShippingService : No database rate found for country=US, zip=99999; using carrier fallback
INFO [8njdv6W4] c.m.s.service.CarrierRateAPIService : Requesting carrier rate for zip=99999
INFO [8njdv6W4] c.m.s.service.CarrierRateAPIService : Carrier request payload={zipCode=99999, parcel=CalculateShippingRequest.Parcel(weight=0.95, length=20.0, width=15.0, height=10.0)}
INFO [8njdv6W4] c.m.s.service.CarrierRateAPIService : Carrier response payload=CarrierRateResponse(baseRate=18.0, surcharge=true, carrierCode=FEDEX, estimatedDeliveryDays=5)
INFO [8njdv6W4] c.m.s.service.CarrierRateAPIService : Carrier rate received baseRate=18.0, carrier=FEDEX, surcharge=true
INFO [8njdv6W4] c.m.s.service.LoyaltyShippingService : Using carrier rate baseRate=18.0, carrierSurcharge=8.50
INFO [8njdv6W4] c.m.s.service.LoyaltyShippingService : Applied tier=GOLD discount=4.000
INFO [8njdv6W4] c.m.s.service.PromoEvaluatorService : Promo code NIGHTOWL10 rejected outside time window
INFO [8njdv6W4] c.m.s.service.LoyaltyShippingService : Applied promo discount=0
INFO [8njdv6W4] c.m.s.service.LoyaltyShippingService : Discount total=4.000 capped=false netFreight=22.500
INFO [8njdv6W4] c.m.s.service.LoyaltyShippingService : Shipping calculation result grossFreight=26.50, totalSurcharges=0, finalFee=22.500
INFO [8njdv6W4] c.m.s.c.CheckoutShippingController : Shipping calculation completed with final fee 22.50
INFO [8PtCQAT4] c.m.s.c.CheckoutShippingController : Shipping calculation requested
INFO [8PtCQAT4] c.m.s.service.LoyaltyShippingService : Calculating shipping for country=US, zip=99999, cartTotal=100.0
WARN [8PtCQAT4] c.m.s.service.LoyaltyShippingService : No database rate found for country=US, zip=99999; using carrier fallback
INFO [8PtCQAT4] c.m.s.service.CarrierRateAPIService : Requesting carrier rate for zip=99999
INFO [8PtCQAT4] c.m.s.service.CarrierRateAPIService : Carrier request payload={zipCode=99999, parcel=CalculateShippingRequest.Parcel(weight=1.75, length=20.0, width=15.0, height=10.0)}
INFO [8PtCQAT4] c.m.s.service.CarrierRateAPIService : Carrier response payload=CarrierRateResponse(baseRate=18.0, surcharge=true, carrierCode=FEDEX, estimatedDeliveryDays=5)
INFO [8PtCQAT4] c.m.s.service.CarrierRateAPIService : Carrier rate received baseRate=18.0, carrier=FEDEX, surcharge=true
INFO [8PtCQAT4] c.m.s.service.LoyaltyShippingService : Using carrier rate baseRate=18.0, carrierSurcharge=8.50
INFO [8PtCQAT4] c.m.s.service.LoyaltyShippingService : Applied tier=GOLD discount=20.000
WARN [8PtCQAT4] c.m.s.service.PromoEvaluatorService : Promo code EXPIRED10 was not found or is inactive
INFO [8PtCQAT4] c.m.s.service.LoyaltyShippingService : Applied promo discount=0
INFO [8PtCQAT4] c.m.s.service.LoyaltyShippingService : Discount total=20.000 capped=false netFreight=6.500
INFO [8PtCQAT4] c.m.s.service.LoyaltyShippingService : Shipping calculation result grossFreight=26.50, totalSurcharges=0, finalFee=6.500
INFO [8PtCQAT4] c.m.s.c.CheckoutShippingController : Shipping calculation completed with final fee 6.50
INFO [B7ldzHd9] c.m.s.c.CheckoutShippingController : Shipping calculation requested
INFO [B7ldzHd9] c.m.s.service.LoyaltyShippingService : Calculating shipping for country=US, zip=99999, cartTotal=20.0
WARN [B7ldzHd9] c.m.s.service.LoyaltyShippingService : No database rate found for country=US, zip=99999; using carrier fallback
INFO [B7ldzHd9] c.m.s.service.CarrierRateAPIService : Requesting carrier rate for zip=99999
INFO [B7ldzHd9] c.m.s.service.CarrierRateAPIService : Carrier request payload={zipCode=99999, parcel=CalculateShippingRequest.Parcel(weight=0.95, length=20.0, width=15.0, height=10.0)}
INFO [B7ldzHd9] c.m.s.service.CarrierRateAPIService : Carrier response payload=CarrierRateResponse(baseRate=18.0, surcharge=true, carrierCode=FEDEX, estimatedDeliveryDays=5)
INFO [B7ldzHd9] c.m.s.service.CarrierRateAPIService : Carrier rate received baseRate=18.0, carrier=FEDEX, surcharge=true
INFO [B7ldzHd9] c.m.s.service.LoyaltyShippingService : Using carrier rate baseRate=18.0, carrierSurcharge=8.50
INFO [B7ldzHd9] c.m.s.service.LoyaltyShippingService : Applied tier=VIP discount=6.000
INFO [B7ldzHd9] c.m.s.service.PromoEvaluatorService : No promo code supplied
INFO [B7ldzHd9] c.m.s.service.LoyaltyShippingService : Applied promo discount=0
INFO [B7ldzHd9] c.m.s.service.LoyaltyShippingService : Discount total=6.000 capped=false netFreight=20.500
INFO [B7ldzHd9] c.m.s.service.LoyaltyShippingService : Shipping calculation result grossFreight=26.50, totalSurcharges=0, finalFee=20.500
INFO [B7ldzHd9] c.m.s.c.CheckoutShippingController : Shipping calculation completed with final fee 20.50
INFO [7nq3HnfL] c.m.s.c.CheckoutShippingController : Shipping calculation requested
INFO [7nq3HnfL] c.m.s.service.LoyaltyShippingService : Calculating shipping for country=US, zip=99999, cartTotal=40.0
WARN [7nq3HnfL] c.m.s.service.LoyaltyShippingService : No database rate found for country=US, zip=99999; using carrier fallback
INFO [7nq3HnfL] c.m.s.service.CarrierRateAPIService : Requesting carrier rate for zip=99999
INFO [7nq3HnfL] c.m.s.service.CarrierRateAPIService : Carrier request payload={zipCode=99999, parcel=CalculateShippingRequest.Parcel(weight=1.15, length=20.0, width=15.0, height=10.0)}
INFO [7nq3HnfL] c.m.s.service.CarrierRateAPIService : Carrier response payload=CarrierRateResponse(baseRate=18.0, surcharge=true, carrierCode=FEDEX, estimatedDeliveryDays=5)
INFO [7nq3HnfL] c.m.s.service.CarrierRateAPIService : Carrier rate received baseRate=18.0, carrier=FEDEX, surcharge=true
INFO [7nq3HnfL] c.m.s.service.LoyaltyShippingService : Using carrier rate baseRate=18.0, carrierSurcharge=8.50
INFO [7nq3HnfL] c.m.s.service.LoyaltyShippingService : Applied tier=VIP discount=12.000
INFO [7nq3HnfL] c.m.s.service.PromoEvaluatorService : Promo code SUMMER5 applied flat discount 5.0000
INFO [7nq3HnfL] c.m.s.service.LoyaltyShippingService : Applied promo discount=5.0000
INFO [7nq3HnfL] c.m.s.service.LoyaltyShippingService : Discount total=17.0000 capped=false netFreight=9.5000
INFO [7nq3HnfL] c.m.s.service.LoyaltyShippingService : Shipping calculation result grossFreight=26.50, totalSurcharges=0, finalFee=9.5000
INFO [7nq3HnfL] c.m.s.c.CheckoutShippingController : Shipping calculation completed with final fee 9.50
INFO [F2UviyU0] c.m.s.c.CheckoutShippingController : Shipping calculation requested
INFO [F2UviyU0] c.m.s.service.LoyaltyShippingService : Calculating shipping for country=US, zip=99999, cartTotal=30.0
WARN [F2UviyU0] c.m.s.service.LoyaltyShippingService : No database rate found for country=US, zip=99999; using carrier fallback
INFO [F2UviyU0] c.m.s.service.CarrierRateAPIService : Requesting carrier rate for zip=99999
INFO [F2UviyU0] c.m.s.service.CarrierRateAPIService : Carrier request payload={zipCode=99999, parcel=CalculateShippingRequest.Parcel(weight=1.05, length=20.0, width=15.0, height=10.0)}
INFO [F2UviyU0] c.m.s.service.CarrierRateAPIService : Carrier response payload=CarrierRateResponse(baseRate=18.0, surcharge=true, carrierCode=FEDEX, estimatedDeliveryDays=5)
INFO [F2UviyU0] c.m.s.service.CarrierRateAPIService : Carrier rate received baseRate=18.0, carrier=FEDEX, surcharge=true
INFO [F2UviyU0] c.m.s.service.LoyaltyShippingService : Using carrier rate baseRate=18.0, carrierSurcharge=8.50
INFO [F2UviyU0] c.m.s.service.LoyaltyShippingService : Applied tier=VIP discount=9.000
INFO [F2UviyU0] c.m.s.service.PromoEvaluatorService : Promo code WELCOME10 applied percentage discount
INFO [F2UviyU0] c.m.s.service.LoyaltyShippingService : Applied promo discount=2.650000
INFO [F2UviyU0] c.m.s.service.LoyaltyShippingService : Discount total=11.650000 capped=false netFreight=14.850000
INFO [F2UviyU0] c.m.s.service.LoyaltyShippingService : Shipping calculation result grossFreight=26.50, totalSurcharges=0, finalFee=14.850000
INFO [F2UviyU0] c.m.s.c.CheckoutShippingController : Shipping calculation completed with final fee 14.85
INFO [xYR8fwt8] c.m.s.c.CheckoutShippingController : Shipping calculation requested
INFO [xYR8fwt8] c.m.s.service.LoyaltyShippingService : Calculating shipping for country=US, zip=99999, cartTotal=100.0
WARN [xYR8fwt8] c.m.s.service.LoyaltyShippingService : No database rate found for country=US, zip=99999; using carrier fallback
INFO [xYR8fwt8] c.m.s.service.CarrierRateAPIService : Requesting carrier rate for zip=99999
INFO [xYR8fwt8] c.m.s.service.CarrierRateAPIService : Carrier request payload={zipCode=99999, parcel=CalculateShippingRequest.Parcel(weight=1.75, length=20.0, width=15.0, height=10.0)}
INFO [xYR8fwt8] c.m.s.service.CarrierRateAPIService : Carrier response payload=CarrierRateResponse(baseRate=18.0, surcharge=true, carrierCode=FEDEX, estimatedDeliveryDays=5)
INFO [xYR8fwt8] c.m.s.service.CarrierRateAPIService : Carrier rate received baseRate=18.0, carrier=FEDEX, surcharge=true
INFO [xYR8fwt8] c.m.s.service.LoyaltyShippingService : Using carrier rate baseRate=18.0, carrierSurcharge=8.50
INFO [xYR8fwt8] c.m.s.service.LoyaltyShippingService : Applied tier=VIP discount=30.000
INFO [xYR8fwt8] c.m.s.service.PromoEvaluatorService : Promo code VIP20 applied percentage discount
INFO [xYR8fwt8] c.m.s.service.LoyaltyShippingService : Applied promo discount=5.300000
INFO [xYR8fwt8] c.m.s.service.LoyaltyShippingService : Discount total=35.300000 capped=false netFreight=0
INFO [xYR8fwt8] c.m.s.service.LoyaltyShippingService : Shipping calculation result grossFreight=26.50, totalSurcharges=0, finalFee=0
INFO [xYR8fwt8] c.m.s.c.CheckoutShippingController : Shipping calculation completed with final fee 0.00
INFO [dVVAeKtx] c.m.s.c.CheckoutShippingController : Shipping calculation requested
INFO [dVVAeKtx] c.m.s.service.LoyaltyShippingService : Calculating shipping for country=US, zip=99999, cartTotal=40.0
WARN [dVVAeKtx] c.m.s.service.LoyaltyShippingService : No database rate found for country=US, zip=99999; using carrier fallback
INFO [dVVAeKtx] c.m.s.service.CarrierRateAPIService : Requesting carrier rate for zip=99999
INFO [dVVAeKtx] c.m.s.service.CarrierRateAPIService : Carrier request payload={zipCode=99999, parcel=CalculateShippingRequest.Parcel(weight=1.15, length=20.0, width=15.0, height=10.0)}
INFO [dVVAeKtx] c.m.s.service.CarrierRateAPIService : Carrier response payload=CarrierRateResponse(baseRate=18.0, surcharge=true, carrierCode=FEDEX, estimatedDeliveryDays=5)
INFO [dVVAeKtx] c.m.s.service.CarrierRateAPIService : Carrier rate received baseRate=18.0, carrier=FEDEX, surcharge=true
INFO [dVVAeKtx] c.m.s.service.LoyaltyShippingService : Using carrier rate baseRate=18.0, carrierSurcharge=8.50
INFO [dVVAeKtx] c.m.s.service.LoyaltyShippingService : Applied tier=VIP discount=12.000
INFO [dVVAeKtx] c.m.s.service.PromoEvaluatorService : Promo code VIP20 rejected below cart minimum 50.00
INFO [dVVAeKtx] c.m.s.service.LoyaltyShippingService : Applied promo discount=0
INFO [dVVAeKtx] c.m.s.service.LoyaltyShippingService : Discount total=12.000 capped=false netFreight=14.500
INFO [dVVAeKtx] c.m.s.service.LoyaltyShippingService : Shipping calculation result grossFreight=26.50, totalSurcharges=0, finalFee=14.500
INFO [dVVAeKtx] c.m.s.c.CheckoutShippingController : Shipping calculation completed with final fee 14.50
INFO [QFOVVegE] c.m.s.c.CheckoutShippingController : Shipping calculation requested
INFO [QFOVVegE] c.m.s.service.LoyaltyShippingService : Calculating shipping for country=US, zip=99999, cartTotal=100.0
WARN [QFOVVegE] c.m.s.service.LoyaltyShippingService : No database rate found for country=US, zip=99999; using carrier fallback
INFO [QFOVVegE] c.m.s.service.CarrierRateAPIService : Requesting carrier rate for zip=99999
INFO [QFOVVegE] c.m.s.service.CarrierRateAPIService : Carrier request payload={zipCode=99999, parcel=CalculateShippingRequest.Parcel(weight=1.75, length=20.0, width=15.0, height=10.0)}
INFO [QFOVVegE] c.m.s.service.CarrierRateAPIService : Carrier response payload=CarrierRateResponse(baseRate=18.0, surcharge=true, carrierCode=FEDEX, estimatedDeliveryDays=5)
INFO [QFOVVegE] c.m.s.service.CarrierRateAPIService : Carrier rate received baseRate=18.0, carrier=FEDEX, surcharge=true
INFO [QFOVVegE] c.m.s.service.LoyaltyShippingService : Using carrier rate baseRate=18.0, carrierSurcharge=8.50
INFO [QFOVVegE] c.m.s.service.LoyaltyShippingService : Applied tier=VIP discount=30.000
INFO [QFOVVegE] c.m.s.service.PromoEvaluatorService : Promo code FREESHIP10 applied flat discount 10.0000
INFO [QFOVVegE] c.m.s.service.LoyaltyShippingService : Applied promo discount=10.0000
INFO [QFOVVegE] c.m.s.service.LoyaltyShippingService : Discount total=40.0000 capped=false netFreight=0
INFO [QFOVVegE] c.m.s.service.LoyaltyShippingService : Shipping calculation result grossFreight=26.50, totalSurcharges=0, finalFee=0
INFO [QFOVVegE] c.m.s.c.CheckoutShippingController : Shipping calculation completed with final fee 0.00
INFO [5e9Es0qH] c.m.s.c.CheckoutShippingController : Shipping calculation requested
INFO [5e9Es0qH] c.m.s.service.LoyaltyShippingService : Calculating shipping for country=US, zip=99999, cartTotal=40.0
WARN [5e9Es0qH] c.m.s.service.LoyaltyShippingService : No database rate found for country=US, zip=99999; using carrier fallback
INFO [5e9Es0qH] c.m.s.service.CarrierRateAPIService : Requesting carrier rate for zip=99999
INFO [5e9Es0qH] c.m.s.service.CarrierRateAPIService : Carrier request payload={zipCode=99999, parcel=CalculateShippingRequest.Parcel(weight=1.15, length=20.0, width=15.0, height=10.0)}
INFO [5e9Es0qH] c.m.s.service.CarrierRateAPIService : Carrier response payload=CarrierRateResponse(baseRate=18.0, surcharge=true, carrierCode=FEDEX, estimatedDeliveryDays=5)
INFO [5e9Es0qH] c.m.s.service.CarrierRateAPIService : Carrier rate received baseRate=18.0, carrier=FEDEX, surcharge=true
INFO [5e9Es0qH] c.m.s.service.LoyaltyShippingService : Using carrier rate baseRate=18.0, carrierSurcharge=8.50
INFO [5e9Es0qH] c.m.s.service.LoyaltyShippingService : Applied tier=VIP discount=12.000
INFO [5e9Es0qH] c.m.s.service.PromoEvaluatorService : Promo code EARLYBIRD5 applied flat discount 5.0000
INFO [5e9Es0qH] c.m.s.service.LoyaltyShippingService : Applied promo discount=5.0000
INFO [5e9Es0qH] c.m.s.service.LoyaltyShippingService : Discount total=17.0000 capped=false netFreight=9.5000
INFO [5e9Es0qH] c.m.s.service.LoyaltyShippingService : Shipping calculation result grossFreight=26.50, totalSurcharges=0, finalFee=9.5000
INFO [5e9Es0qH] c.m.s.c.CheckoutShippingController : Shipping calculation completed with final fee 9.50
INFO [JCwhZcnQ] c.m.s.c.CheckoutShippingController : Shipping calculation requested
INFO [JCwhZcnQ] c.m.s.service.LoyaltyShippingService : Calculating shipping for country=US, zip=99999, cartTotal=30.0
WARN [JCwhZcnQ] c.m.s.service.LoyaltyShippingService : No database rate found for country=US, zip=99999; using carrier fallback
INFO [JCwhZcnQ] c.m.s.service.CarrierRateAPIService : Requesting carrier rate for zip=99999
INFO [JCwhZcnQ] c.m.s.service.CarrierRateAPIService : Carrier request payload={zipCode=99999, parcel=CalculateShippingRequest.Parcel(weight=1.05, length=20.0, width=15.0, height=10.0)}
INFO [JCwhZcnQ] c.m.s.service.CarrierRateAPIService : Carrier response payload=CarrierRateResponse(baseRate=18.0, surcharge=true, carrierCode=FEDEX, estimatedDeliveryDays=5)
INFO [JCwhZcnQ] c.m.s.service.CarrierRateAPIService : Carrier rate received baseRate=18.0, carrier=FEDEX, surcharge=true
INFO [JCwhZcnQ] c.m.s.service.LoyaltyShippingService : Using carrier rate baseRate=18.0, carrierSurcharge=8.50
INFO [JCwhZcnQ] c.m.s.service.LoyaltyShippingService : Applied tier=VIP discount=9.000
INFO [JCwhZcnQ] c.m.s.service.PromoEvaluatorService : Promo code EARLYBIRD5 rejected outside time window
INFO [JCwhZcnQ] c.m.s.service.LoyaltyShippingService : Applied promo discount=0
INFO [JCwhZcnQ] c.m.s.service.LoyaltyShippingService : Discount total=9.000 capped=false netFreight=17.500
INFO [JCwhZcnQ] c.m.s.service.LoyaltyShippingService : Shipping calculation result grossFreight=26.50, totalSurcharges=0, finalFee=17.500
INFO [JCwhZcnQ] c.m.s.c.CheckoutShippingController : Shipping calculation completed with final fee 17.50
INFO [54h4aLB2] c.m.s.c.CheckoutShippingController : Shipping calculation requested
INFO [54h4aLB2] c.m.s.service.LoyaltyShippingService : Calculating shipping for country=US, zip=99999, cartTotal=20.0
WARN [54h4aLB2] c.m.s.service.LoyaltyShippingService : No database rate found for country=US, zip=99999; using carrier fallback
INFO [54h4aLB2] c.m.s.service.CarrierRateAPIService : Requesting carrier rate for zip=99999
INFO [54h4aLB2] c.m.s.service.CarrierRateAPIService : Carrier request payload={zipCode=99999, parcel=CalculateShippingRequest.Parcel(weight=0.95, length=20.0, width=15.0, height=10.0)}
INFO [54h4aLB2] c.m.s.service.CarrierRateAPIService : Carrier response payload=CarrierRateResponse(baseRate=18.0, surcharge=true, carrierCode=FEDEX, estimatedDeliveryDays=5)
INFO [54h4aLB2] c.m.s.service.CarrierRateAPIService : Carrier rate received baseRate=18.0, carrier=FEDEX, surcharge=true
INFO [54h4aLB2] c.m.s.service.LoyaltyShippingService : Using carrier rate baseRate=18.0, carrierSurcharge=8.50
INFO [54h4aLB2] c.m.s.service.LoyaltyShippingService : Applied tier=VIP discount=6.000
INFO [54h4aLB2] c.m.s.service.PromoEvaluatorService : Promo code NIGHTOWL10 applied remaining-fee percentage discount
INFO [54h4aLB2] c.m.s.service.LoyaltyShippingService : Applied promo discount=2.0500000
INFO [54h4aLB2] c.m.s.service.LoyaltyShippingService : Discount total=8.0500000 capped=false netFreight=18.4500000
INFO [54h4aLB2] c.m.s.service.LoyaltyShippingService : Shipping calculation result grossFreight=26.50, totalSurcharges=0, finalFee=18.4500000
INFO [54h4aLB2] c.m.s.c.CheckoutShippingController : Shipping calculation completed with final fee 18.45
INFO [Jfhto3pM] c.m.s.c.CheckoutShippingController : Shipping calculation requested
INFO [Jfhto3pM] c.m.s.service.LoyaltyShippingService : Calculating shipping for country=US, zip=99999, cartTotal=20.0
WARN [Jfhto3pM] c.m.s.service.LoyaltyShippingService : No database rate found for country=US, zip=99999; using carrier fallback
INFO [Jfhto3pM] c.m.s.service.CarrierRateAPIService : Requesting carrier rate for zip=99999
INFO [Jfhto3pM] c.m.s.service.CarrierRateAPIService : Carrier request payload={zipCode=99999, parcel=CalculateShippingRequest.Parcel(weight=0.95, length=20.0, width=15.0, height=10.0)}
INFO [Jfhto3pM] c.m.s.service.CarrierRateAPIService : Carrier response payload=CarrierRateResponse(baseRate=18.0, surcharge=true, carrierCode=FEDEX, estimatedDeliveryDays=5)
INFO [Jfhto3pM] c.m.s.service.CarrierRateAPIService : Carrier rate received baseRate=18.0, carrier=FEDEX, surcharge=true
INFO [Jfhto3pM] c.m.s.service.LoyaltyShippingService : Using carrier rate baseRate=18.0, carrierSurcharge=8.50
INFO [Jfhto3pM] c.m.s.service.LoyaltyShippingService : Applied tier=VIP discount=6.000
INFO [Jfhto3pM] c.m.s.service.PromoEvaluatorService : Promo code NIGHTOWL10 rejected outside time window
INFO [Jfhto3pM] c.m.s.service.LoyaltyShippingService : Applied promo discount=0
INFO [Jfhto3pM] c.m.s.service.LoyaltyShippingService : Discount total=6.000 capped=false netFreight=20.500
INFO [Jfhto3pM] c.m.s.service.LoyaltyShippingService : Shipping calculation result grossFreight=26.50, totalSurcharges=0, finalFee=20.500
INFO [Jfhto3pM] c.m.s.c.CheckoutShippingController : Shipping calculation completed with final fee 20.50
INFO [vi7DaEqF] c.m.s.c.CheckoutShippingController : Shipping calculation requested
INFO [vi7DaEqF] c.m.s.service.LoyaltyShippingService : Calculating shipping for country=US, zip=99999, cartTotal=100.0
WARN [vi7DaEqF] c.m.s.service.LoyaltyShippingService : No database rate found for country=US, zip=99999; using carrier fallback
INFO [vi7DaEqF] c.m.s.service.CarrierRateAPIService : Requesting carrier rate for zip=99999
INFO [vi7DaEqF] c.m.s.service.CarrierRateAPIService : Carrier request payload={zipCode=99999, parcel=CalculateShippingRequest.Parcel(weight=1.75, length=20.0, width=15.0, height=10.0)}
INFO [vi7DaEqF] c.m.s.service.CarrierRateAPIService : Carrier response payload=CarrierRateResponse(baseRate=18.0, surcharge=true, carrierCode=FEDEX, estimatedDeliveryDays=5)
INFO [vi7DaEqF] c.m.s.service.CarrierRateAPIService : Carrier rate received baseRate=18.0, carrier=FEDEX, surcharge=true
INFO [vi7DaEqF] c.m.s.service.LoyaltyShippingService : Using carrier rate baseRate=18.0, carrierSurcharge=8.50
INFO [vi7DaEqF] c.m.s.service.LoyaltyShippingService : Applied tier=VIP discount=30.000
WARN [vi7DaEqF] c.m.s.service.PromoEvaluatorService : Promo code EXPIRED10 was not found or is inactive
INFO [vi7DaEqF] c.m.s.service.LoyaltyShippingService : Applied promo discount=0
INFO [vi7DaEqF] c.m.s.service.LoyaltyShippingService : Discount total=30.000 capped=false netFreight=0
INFO [vi7DaEqF] c.m.s.service.LoyaltyShippingService : Shipping calculation result grossFreight=26.50, totalSurcharges=0, finalFee=0
INFO [vi7DaEqF] c.m.s.c.CheckoutShippingController : Shipping calculation completed with final fee 0.00
INFO [1qcqrbz9] c.m.s.c.CheckoutShippingController : Shipping calculation requested
INFO [1qcqrbz9] c.m.s.service.LoyaltyShippingService : Calculating shipping for country=CA, zip=X0A 0A0, cartTotal=20.0
WARN [1qcqrbz9] c.m.s.service.LoyaltyShippingService : No database rate found for country=CA, zip=X0A 0A0; using carrier fallback
INFO [1qcqrbz9] c.m.s.service.CarrierRateAPIService : Requesting carrier rate for zip=X0A 0A0
INFO [1qcqrbz9] c.m.s.service.CarrierRateAPIService : Carrier request payload={zipCode=X0A 0A0, parcel=CalculateShippingRequest.Parcel(weight=0.95, length=20.0, width=15.0, height=10.0)}
INFO [1qcqrbz9] c.m.s.service.CarrierRateAPIService : Carrier response payload=CarrierRateResponse(baseRate=24.0, surcharge=true, carrierCode=UPS, estimatedDeliveryDays=8)
INFO [1qcqrbz9] c.m.s.service.CarrierRateAPIService : Carrier rate received baseRate=24.0, carrier=UPS, surcharge=true
INFO [1qcqrbz9] c.m.s.service.LoyaltyShippingService : Using carrier rate baseRate=24.0, carrierSurcharge=5.50
INFO [1qcqrbz9] c.m.s.service.LoyaltyShippingService : Applied tier=STANDARD discount=0.0
INFO [1qcqrbz9] c.m.s.service.PromoEvaluatorService : No promo code supplied
INFO [1qcqrbz9] c.m.s.service.LoyaltyShippingService : Applied promo discount=0
INFO [1qcqrbz9] c.m.s.service.LoyaltyShippingService : Discount total=0.0 capped=false netFreight=29.50
INFO [1qcqrbz9] c.m.s.service.LoyaltyShippingService : Shipping calculation result grossFreight=29.50, totalSurcharges=0, finalFee=29.50
INFO [1qcqrbz9] c.m.s.c.CheckoutShippingController : Shipping calculation completed with final fee 29.50
INFO [UswPdgux] c.m.s.c.CheckoutShippingController : Shipping calculation requested
INFO [UswPdgux] c.m.s.service.LoyaltyShippingService : Calculating shipping for country=CA, zip=X0A 0A0, cartTotal=40.0
WARN [UswPdgux] c.m.s.service.LoyaltyShippingService : No database rate found for country=CA, zip=X0A 0A0; using carrier fallback
INFO [UswPdgux] c.m.s.service.CarrierRateAPIService : Requesting carrier rate for zip=X0A 0A0
INFO [UswPdgux] c.m.s.service.CarrierRateAPIService : Carrier request payload={zipCode=X0A 0A0, parcel=CalculateShippingRequest.Parcel(weight=1.15, length=20.0, width=15.0, height=10.0)}
INFO [UswPdgux] c.m.s.service.CarrierRateAPIService : Carrier response payload=CarrierRateResponse(baseRate=24.0, surcharge=true, carrierCode=UPS, estimatedDeliveryDays=8)
INFO [UswPdgux] c.m.s.service.CarrierRateAPIService : Carrier rate received baseRate=24.0, carrier=UPS, surcharge=true
INFO [UswPdgux] c.m.s.service.LoyaltyShippingService : Using carrier rate baseRate=24.0, carrierSurcharge=5.50
INFO [UswPdgux] c.m.s.service.LoyaltyShippingService : Applied tier=STANDARD discount=0.0
INFO [UswPdgux] c.m.s.service.PromoEvaluatorService : Promo code SUMMER5 applied flat discount 5.0000
INFO [UswPdgux] c.m.s.service.LoyaltyShippingService : Applied promo discount=5.0000
INFO [UswPdgux] c.m.s.service.LoyaltyShippingService : Discount total=5.0000 capped=false netFreight=24.5000
INFO [UswPdgux] c.m.s.service.LoyaltyShippingService : Shipping calculation result grossFreight=29.50, totalSurcharges=0, finalFee=24.5000
INFO [UswPdgux] c.m.s.c.CheckoutShippingController : Shipping calculation completed with final fee 24.50
INFO [PDrAIChZ] c.m.s.c.CheckoutShippingController : Shipping calculation requested
INFO [PDrAIChZ] c.m.s.service.LoyaltyShippingService : Calculating shipping for country=CA, zip=X0A 0A0, cartTotal=30.0
WARN [PDrAIChZ] c.m.s.service.LoyaltyShippingService : No database rate found for country=CA, zip=X0A 0A0; using carrier fallback
INFO [PDrAIChZ] c.m.s.service.CarrierRateAPIService : Requesting carrier rate for zip=X0A 0A0
INFO [PDrAIChZ] c.m.s.service.CarrierRateAPIService : Carrier request payload={zipCode=X0A 0A0, parcel=CalculateShippingRequest.Parcel(weight=1.05, length=20.0, width=15.0, height=10.0)}
INFO [PDrAIChZ] c.m.s.service.CarrierRateAPIService : Carrier response payload=CarrierRateResponse(baseRate=24.0, surcharge=true, carrierCode=UPS, estimatedDeliveryDays=8)
INFO [PDrAIChZ] c.m.s.service.CarrierRateAPIService : Carrier rate received baseRate=24.0, carrier=UPS, surcharge=true
INFO [PDrAIChZ] c.m.s.service.LoyaltyShippingService : Using carrier rate baseRate=24.0, carrierSurcharge=5.50
INFO [PDrAIChZ] c.m.s.service.LoyaltyShippingService : Applied tier=STANDARD discount=0.0
INFO [PDrAIChZ] c.m.s.service.PromoEvaluatorService : Promo code WELCOME10 applied percentage discount
INFO [PDrAIChZ] c.m.s.service.LoyaltyShippingService : Applied promo discount=2.950000
INFO [PDrAIChZ] c.m.s.service.LoyaltyShippingService : Discount total=2.950000 capped=false netFreight=26.550000
INFO [PDrAIChZ] c.m.s.service.LoyaltyShippingService : Shipping calculation result grossFreight=29.50, totalSurcharges=0, finalFee=26.550000
INFO [PDrAIChZ] c.m.s.c.CheckoutShippingController : Shipping calculation completed with final fee 26.55
INFO [FX52Okv2] c.m.s.c.CheckoutShippingController : Shipping calculation requested
INFO [FX52Okv2] c.m.s.service.LoyaltyShippingService : Calculating shipping for country=CA, zip=X0A 0A0, cartTotal=100.0
WARN [FX52Okv2] c.m.s.service.LoyaltyShippingService : No database rate found for country=CA, zip=X0A 0A0; using carrier fallback
INFO [FX52Okv2] c.m.s.service.CarrierRateAPIService : Requesting carrier rate for zip=X0A 0A0
INFO [FX52Okv2] c.m.s.service.CarrierRateAPIService : Carrier request payload={zipCode=X0A 0A0, parcel=CalculateShippingRequest.Parcel(weight=1.75, length=20.0, width=15.0, height=10.0)}
INFO [FX52Okv2] c.m.s.service.CarrierRateAPIService : Carrier response payload=CarrierRateResponse(baseRate=24.0, surcharge=true, carrierCode=UPS, estimatedDeliveryDays=8)
INFO [FX52Okv2] c.m.s.service.CarrierRateAPIService : Carrier rate received baseRate=24.0, carrier=UPS, surcharge=true
INFO [FX52Okv2] c.m.s.service.LoyaltyShippingService : Using carrier rate baseRate=24.0, carrierSurcharge=5.50
INFO [FX52Okv2] c.m.s.service.LoyaltyShippingService : Applied tier=STANDARD discount=0.0
INFO [FX52Okv2] c.m.s.service.PromoEvaluatorService : Promo code VIP20 applied percentage discount
INFO [FX52Okv2] c.m.s.service.LoyaltyShippingService : Applied promo discount=5.900000
INFO [FX52Okv2] c.m.s.service.LoyaltyShippingService : Discount total=5.900000 capped=false netFreight=23.600000
INFO [FX52Okv2] c.m.s.service.LoyaltyShippingService : Shipping calculation result grossFreight=29.50, totalSurcharges=0, finalFee=23.600000
INFO [FX52Okv2] c.m.s.c.CheckoutShippingController : Shipping calculation completed with final fee 23.60
INFO [mpk4nNgr] c.m.s.c.CheckoutShippingController : Shipping calculation requested
INFO [mpk4nNgr] c.m.s.service.LoyaltyShippingService : Calculating shipping for country=CA, zip=X0A 0A0, cartTotal=40.0
WARN [mpk4nNgr] c.m.s.service.LoyaltyShippingService : No database rate found for country=CA, zip=X0A 0A0; using carrier fallback
INFO [mpk4nNgr] c.m.s.service.CarrierRateAPIService : Requesting carrier rate for zip=X0A 0A0
INFO [mpk4nNgr] c.m.s.service.CarrierRateAPIService : Carrier request payload={zipCode=X0A 0A0, parcel=CalculateShippingRequest.Parcel(weight=1.15, length=20.0, width=15.0, height=10.0)}
INFO [mpk4nNgr] c.m.s.service.CarrierRateAPIService : Carrier response payload=CarrierRateResponse(baseRate=24.0, surcharge=true, carrierCode=UPS, estimatedDeliveryDays=8)
INFO [mpk4nNgr] c.m.s.service.CarrierRateAPIService : Carrier rate received baseRate=24.0, carrier=UPS, surcharge=true
INFO [mpk4nNgr] c.m.s.service.LoyaltyShippingService : Using carrier rate baseRate=24.0, carrierSurcharge=5.50
INFO [mpk4nNgr] c.m.s.service.LoyaltyShippingService : Applied tier=STANDARD discount=0.0
INFO [mpk4nNgr] c.m.s.service.PromoEvaluatorService : Promo code VIP20 rejected below cart minimum 50.00
INFO [mpk4nNgr] c.m.s.service.LoyaltyShippingService : Applied promo discount=0
INFO [mpk4nNgr] c.m.s.service.LoyaltyShippingService : Discount total=0.0 capped=false netFreight=29.50
INFO [mpk4nNgr] c.m.s.service.LoyaltyShippingService : Shipping calculation result grossFreight=29.50, totalSurcharges=0, finalFee=29.50
INFO [mpk4nNgr] c.m.s.c.CheckoutShippingController : Shipping calculation completed with final fee 29.50
INFO [YxTrz9Fy] c.m.s.c.CheckoutShippingController : Shipping calculation requested
INFO [YxTrz9Fy] c.m.s.service.LoyaltyShippingService : Calculating shipping for country=CA, zip=X0A 0A0, cartTotal=100.0
WARN [YxTrz9Fy] c.m.s.service.LoyaltyShippingService : No database rate found for country=CA, zip=X0A 0A0; using carrier fallback
INFO [YxTrz9Fy] c.m.s.service.CarrierRateAPIService : Requesting carrier rate for zip=X0A 0A0
INFO [YxTrz9Fy] c.m.s.service.CarrierRateAPIService : Carrier request payload={zipCode=X0A 0A0, parcel=CalculateShippingRequest.Parcel(weight=1.75, length=20.0, width=15.0, height=10.0)}
INFO [YxTrz9Fy] c.m.s.service.CarrierRateAPIService : Carrier response payload=CarrierRateResponse(baseRate=24.0, surcharge=true, carrierCode=UPS, estimatedDeliveryDays=8)
INFO [YxTrz9Fy] c.m.s.service.CarrierRateAPIService : Carrier rate received baseRate=24.0, carrier=UPS, surcharge=true
INFO [YxTrz9Fy] c.m.s.service.LoyaltyShippingService : Using carrier rate baseRate=24.0, carrierSurcharge=5.50
INFO [YxTrz9Fy] c.m.s.service.LoyaltyShippingService : Applied tier=STANDARD discount=0.0
INFO [YxTrz9Fy] c.m.s.service.PromoEvaluatorService : Promo code FREESHIP10 applied flat discount 10.0000
INFO [YxTrz9Fy] c.m.s.service.LoyaltyShippingService : Applied promo discount=10.0000
INFO [YxTrz9Fy] c.m.s.service.LoyaltyShippingService : Discount total=10.0000 capped=false netFreight=19.5000
INFO [YxTrz9Fy] c.m.s.service.LoyaltyShippingService : Shipping calculation result grossFreight=29.50, totalSurcharges=0, finalFee=19.5000
INFO [YxTrz9Fy] c.m.s.c.CheckoutShippingController : Shipping calculation completed with final fee 19.50
INFO [XjbNH7qP] c.m.s.c.CheckoutShippingController : Shipping calculation requested
INFO [XjbNH7qP] c.m.s.service.LoyaltyShippingService : Calculating shipping for country=CA, zip=X0A 0A0, cartTotal=40.0
WARN [XjbNH7qP] c.m.s.service.LoyaltyShippingService : No database rate found for country=CA, zip=X0A 0A0; using carrier fallback
INFO [XjbNH7qP] c.m.s.service.CarrierRateAPIService : Requesting carrier rate for zip=X0A 0A0
INFO [XjbNH7qP] c.m.s.service.CarrierRateAPIService : Carrier request payload={zipCode=X0A 0A0, parcel=CalculateShippingRequest.Parcel(weight=1.15, length=20.0, width=15.0, height=10.0)}
INFO [XjbNH7qP] c.m.s.service.CarrierRateAPIService : Carrier response payload=CarrierRateResponse(baseRate=24.0, surcharge=true, carrierCode=UPS, estimatedDeliveryDays=8)
INFO [XjbNH7qP] c.m.s.service.CarrierRateAPIService : Carrier rate received baseRate=24.0, carrier=UPS, surcharge=true
INFO [XjbNH7qP] c.m.s.service.LoyaltyShippingService : Using carrier rate baseRate=24.0, carrierSurcharge=5.50
INFO [XjbNH7qP] c.m.s.service.LoyaltyShippingService : Applied tier=STANDARD discount=0.0
INFO [XjbNH7qP] c.m.s.service.PromoEvaluatorService : Promo code EARLYBIRD5 applied flat discount 5.0000
INFO [XjbNH7qP] c.m.s.service.LoyaltyShippingService : Applied promo discount=5.0000
INFO [XjbNH7qP] c.m.s.service.LoyaltyShippingService : Discount total=5.0000 capped=false netFreight=24.5000
INFO [XjbNH7qP] c.m.s.service.LoyaltyShippingService : Shipping calculation result grossFreight=29.50, totalSurcharges=0, finalFee=24.5000
INFO [XjbNH7qP] c.m.s.c.CheckoutShippingController : Shipping calculation completed with final fee 24.50
INFO [LblDFpSf] c.m.s.c.CheckoutShippingController : Shipping calculation requested
INFO [LblDFpSf] c.m.s.service.LoyaltyShippingService : Calculating shipping for country=CA, zip=X0A 0A0, cartTotal=30.0
WARN [LblDFpSf] c.m.s.service.LoyaltyShippingService : No database rate found for country=CA, zip=X0A 0A0; using carrier fallback
INFO [LblDFpSf] c.m.s.service.CarrierRateAPIService : Requesting carrier rate for zip=X0A 0A0
INFO [LblDFpSf] c.m.s.service.CarrierRateAPIService : Carrier request payload={zipCode=X0A 0A0, parcel=CalculateShippingRequest.Parcel(weight=1.05, length=20.0, width=15.0, height=10.0)}
INFO [LblDFpSf] c.m.s.service.CarrierRateAPIService : Carrier response payload=CarrierRateResponse(baseRate=24.0, surcharge=true, carrierCode=UPS, estimatedDeliveryDays=8)
INFO [LblDFpSf] c.m.s.service.CarrierRateAPIService : Carrier rate received baseRate=24.0, carrier=UPS, surcharge=true
INFO [LblDFpSf] c.m.s.service.LoyaltyShippingService : Using carrier rate baseRate=24.0, carrierSurcharge=5.50
INFO [LblDFpSf] c.m.s.service.LoyaltyShippingService : Applied tier=STANDARD discount=0.0
INFO [LblDFpSf] c.m.s.service.PromoEvaluatorService : Promo code EARLYBIRD5 rejected outside time window
INFO [LblDFpSf] c.m.s.service.LoyaltyShippingService : Applied promo discount=0
INFO [LblDFpSf] c.m.s.service.LoyaltyShippingService : Discount total=0.0 capped=false netFreight=29.50
INFO [LblDFpSf] c.m.s.service.LoyaltyShippingService : Shipping calculation result grossFreight=29.50, totalSurcharges=0, finalFee=29.50
INFO [LblDFpSf] c.m.s.c.CheckoutShippingController : Shipping calculation completed with final fee 29.50
INFO [VtxEHN8W] c.m.s.c.CheckoutShippingController : Shipping calculation requested
INFO [VtxEHN8W] c.m.s.service.LoyaltyShippingService : Calculating shipping for country=CA, zip=X0A 0A0, cartTotal=20.0
WARN [VtxEHN8W] c.m.s.service.LoyaltyShippingService : No database rate found for country=CA, zip=X0A 0A0; using carrier fallback
INFO [VtxEHN8W] c.m.s.service.CarrierRateAPIService : Requesting carrier rate for zip=X0A 0A0
INFO [VtxEHN8W] c.m.s.service.CarrierRateAPIService : Carrier request payload={zipCode=X0A 0A0, parcel=CalculateShippingRequest.Parcel(weight=0.95, length=20.0, width=15.0, height=10.0)}
INFO [VtxEHN8W] c.m.s.service.CarrierRateAPIService : Carrier response payload=CarrierRateResponse(baseRate=24.0, surcharge=true, carrierCode=UPS, estimatedDeliveryDays=8)
INFO [VtxEHN8W] c.m.s.service.CarrierRateAPIService : Carrier rate received baseRate=24.0, carrier=UPS, surcharge=true
INFO [VtxEHN8W] c.m.s.service.LoyaltyShippingService : Using carrier rate baseRate=24.0, carrierSurcharge=5.50
INFO [VtxEHN8W] c.m.s.service.LoyaltyShippingService : Applied tier=STANDARD discount=0.0
INFO [VtxEHN8W] c.m.s.service.PromoEvaluatorService : Promo code NIGHTOWL10 applied remaining-fee percentage discount
INFO [VtxEHN8W] c.m.s.service.LoyaltyShippingService : Applied promo discount=2.950000
INFO [VtxEHN8W] c.m.s.service.LoyaltyShippingService : Discount total=2.950000 capped=false netFreight=26.550000
INFO [VtxEHN8W] c.m.s.service.LoyaltyShippingService : Shipping calculation result grossFreight=29.50, totalSurcharges=0, finalFee=26.550000
INFO [VtxEHN8W] c.m.s.c.CheckoutShippingController : Shipping calculation completed with final fee 26.55
INFO [pbhlFuzK] c.m.s.c.CheckoutShippingController : Shipping calculation requested
INFO [pbhlFuzK] c.m.s.service.LoyaltyShippingService : Calculating shipping for country=CA, zip=X0A 0A0, cartTotal=20.0
WARN [pbhlFuzK] c.m.s.service.LoyaltyShippingService : No database rate found for country=CA, zip=X0A 0A0; using carrier fallback
INFO [pbhlFuzK] c.m.s.service.CarrierRateAPIService : Requesting carrier rate for zip=X0A 0A0
INFO [pbhlFuzK] c.m.s.service.CarrierRateAPIService : Carrier request payload={zipCode=X0A 0A0, parcel=CalculateShippingRequest.Parcel(weight=0.95, length=20.0, width=15.0, height=10.0)}
INFO [pbhlFuzK] c.m.s.service.CarrierRateAPIService : Carrier response payload=CarrierRateResponse(baseRate=24.0, surcharge=true, carrierCode=UPS, estimatedDeliveryDays=8)
INFO [pbhlFuzK] c.m.s.service.CarrierRateAPIService : Carrier rate received baseRate=24.0, carrier=UPS, surcharge=true
INFO [pbhlFuzK] c.m.s.service.LoyaltyShippingService : Using carrier rate baseRate=24.0, carrierSurcharge=5.50
INFO [pbhlFuzK] c.m.s.service.LoyaltyShippingService : Applied tier=STANDARD discount=0.0
INFO [pbhlFuzK] c.m.s.service.PromoEvaluatorService : Promo code NIGHTOWL10 rejected outside time window
INFO [pbhlFuzK] c.m.s.service.LoyaltyShippingService : Applied promo discount=0
INFO [pbhlFuzK] c.m.s.service.LoyaltyShippingService : Discount total=0.0 capped=false netFreight=29.50
INFO [pbhlFuzK] c.m.s.service.LoyaltyShippingService : Shipping calculation result grossFreight=29.50, totalSurcharges=0, finalFee=29.50
INFO [pbhlFuzK] c.m.s.c.CheckoutShippingController : Shipping calculation completed with final fee 29.50
INFO [53skh8MK] c.m.s.c.CheckoutShippingController : Shipping calculation requested
INFO [53skh8MK] c.m.s.service.LoyaltyShippingService : Calculating shipping for country=CA, zip=X0A 0A0, cartTotal=100.0
WARN [53skh8MK] c.m.s.service.LoyaltyShippingService : No database rate found for country=CA, zip=X0A 0A0; using carrier fallback
INFO [53skh8MK] c.m.s.service.CarrierRateAPIService : Requesting carrier rate for zip=X0A 0A0
INFO [53skh8MK] c.m.s.service.CarrierRateAPIService : Carrier request payload={zipCode=X0A 0A0, parcel=CalculateShippingRequest.Parcel(weight=1.75, length=20.0, width=15.0, height=10.0)}
INFO [53skh8MK] c.m.s.service.CarrierRateAPIService : Carrier response payload=CarrierRateResponse(baseRate=24.0, surcharge=true, carrierCode=UPS, estimatedDeliveryDays=8)
INFO [53skh8MK] c.m.s.service.CarrierRateAPIService : Carrier rate received baseRate=24.0, carrier=UPS, surcharge=true
INFO [53skh8MK] c.m.s.service.LoyaltyShippingService : Using carrier rate baseRate=24.0, carrierSurcharge=5.50
INFO [53skh8MK] c.m.s.service.LoyaltyShippingService : Applied tier=STANDARD discount=0.0
WARN [53skh8MK] c.m.s.service.PromoEvaluatorService : Promo code EXPIRED10 was not found or is inactive
INFO [53skh8MK] c.m.s.service.LoyaltyShippingService : Applied promo discount=0
INFO [53skh8MK] c.m.s.service.LoyaltyShippingService : Discount total=0.0 capped=false netFreight=29.50
INFO [53skh8MK] c.m.s.service.LoyaltyShippingService : Shipping calculation result grossFreight=29.50, totalSurcharges=0, finalFee=29.50
INFO [53skh8MK] c.m.s.c.CheckoutShippingController : Shipping calculation completed with final fee 29.50
INFO [AYH20lR8] c.m.s.c.CheckoutShippingController : Shipping calculation requested
INFO [AYH20lR8] c.m.s.service.LoyaltyShippingService : Calculating shipping for country=CA, zip=X0A 0A0, cartTotal=20.0
WARN [AYH20lR8] c.m.s.service.LoyaltyShippingService : No database rate found for country=CA, zip=X0A 0A0; using carrier fallback
INFO [AYH20lR8] c.m.s.service.CarrierRateAPIService : Requesting carrier rate for zip=X0A 0A0
INFO [AYH20lR8] c.m.s.service.CarrierRateAPIService : Carrier request payload={zipCode=X0A 0A0, parcel=CalculateShippingRequest.Parcel(weight=0.95, length=20.0, width=15.0, height=10.0)}
INFO [AYH20lR8] c.m.s.service.CarrierRateAPIService : Carrier response payload=CarrierRateResponse(baseRate=24.0, surcharge=true, carrierCode=UPS, estimatedDeliveryDays=8)
INFO [AYH20lR8] c.m.s.service.CarrierRateAPIService : Carrier rate received baseRate=24.0, carrier=UPS, surcharge=true
INFO [AYH20lR8] c.m.s.service.LoyaltyShippingService : Using carrier rate baseRate=24.0, carrierSurcharge=5.50
INFO [AYH20lR8] c.m.s.service.LoyaltyShippingService : Applied tier=SILVER discount=2.000
INFO [AYH20lR8] c.m.s.service.PromoEvaluatorService : No promo code supplied
INFO [AYH20lR8] c.m.s.service.LoyaltyShippingService : Applied promo discount=0
INFO [AYH20lR8] c.m.s.service.LoyaltyShippingService : Discount total=2.000 capped=false netFreight=27.500
INFO [AYH20lR8] c.m.s.service.LoyaltyShippingService : Shipping calculation result grossFreight=29.50, totalSurcharges=0, finalFee=27.500
INFO [AYH20lR8] c.m.s.c.CheckoutShippingController : Shipping calculation completed with final fee 27.50
INFO [XIv56044] c.m.s.c.CheckoutShippingController : Shipping calculation requested
INFO [XIv56044] c.m.s.service.LoyaltyShippingService : Calculating shipping for country=CA, zip=X0A 0A0, cartTotal=40.0
WARN [XIv56044] c.m.s.service.LoyaltyShippingService : No database rate found for country=CA, zip=X0A 0A0; using carrier fallback
INFO [XIv56044] c.m.s.service.CarrierRateAPIService : Requesting carrier rate for zip=X0A 0A0
INFO [XIv56044] c.m.s.service.CarrierRateAPIService : Carrier request payload={zipCode=X0A 0A0, parcel=CalculateShippingRequest.Parcel(weight=1.15, length=20.0, width=15.0, height=10.0)}
INFO [XIv56044] c.m.s.service.CarrierRateAPIService : Carrier response payload=CarrierRateResponse(baseRate=24.0, surcharge=true, carrierCode=UPS, estimatedDeliveryDays=8)
INFO [XIv56044] c.m.s.service.CarrierRateAPIService : Carrier rate received baseRate=24.0, carrier=UPS, surcharge=true
INFO [XIv56044] c.m.s.service.LoyaltyShippingService : Using carrier rate baseRate=24.0, carrierSurcharge=5.50
INFO [XIv56044] c.m.s.service.LoyaltyShippingService : Applied tier=SILVER discount=4.000
INFO [XIv56044] c.m.s.service.PromoEvaluatorService : Promo code SUMMER5 applied flat discount 5.0000
INFO [XIv56044] c.m.s.service.LoyaltyShippingService : Applied promo discount=5.0000
INFO [XIv56044] c.m.s.service.LoyaltyShippingService : Discount total=9.0000 capped=false netFreight=20.5000
INFO [XIv56044] c.m.s.service.LoyaltyShippingService : Shipping calculation result grossFreight=29.50, totalSurcharges=0, finalFee=20.5000
INFO [XIv56044] c.m.s.c.CheckoutShippingController : Shipping calculation completed with final fee 20.50
INFO [cWx8CKfd] c.m.s.c.CheckoutShippingController : Shipping calculation requested
INFO [cWx8CKfd] c.m.s.service.LoyaltyShippingService : Calculating shipping for country=CA, zip=X0A 0A0, cartTotal=30.0
WARN [cWx8CKfd] c.m.s.service.LoyaltyShippingService : No database rate found for country=CA, zip=X0A 0A0; using carrier fallback
INFO [cWx8CKfd] c.m.s.service.CarrierRateAPIService : Requesting carrier rate for zip=X0A 0A0
INFO [cWx8CKfd] c.m.s.service.CarrierRateAPIService : Carrier request payload={zipCode=X0A 0A0, parcel=CalculateShippingRequest.Parcel(weight=1.05, length=20.0, width=15.0, height=10.0)}
INFO [cWx8CKfd] c.m.s.service.CarrierRateAPIService : Carrier response payload=CarrierRateResponse(baseRate=24.0, surcharge=true, carrierCode=UPS, estimatedDeliveryDays=8)
INFO [cWx8CKfd] c.m.s.service.CarrierRateAPIService : Carrier rate received baseRate=24.0, carrier=UPS, surcharge=true
INFO [cWx8CKfd] c.m.s.service.LoyaltyShippingService : Using carrier rate baseRate=24.0, carrierSurcharge=5.50
INFO [cWx8CKfd] c.m.s.service.LoyaltyShippingService : Applied tier=SILVER discount=3.000
INFO [cWx8CKfd] c.m.s.service.PromoEvaluatorService : Promo code WELCOME10 applied percentage discount
INFO [cWx8CKfd] c.m.s.service.LoyaltyShippingService : Applied promo discount=2.950000
INFO [cWx8CKfd] c.m.s.service.LoyaltyShippingService : Discount total=5.950000 capped=false netFreight=23.550000
INFO [cWx8CKfd] c.m.s.service.LoyaltyShippingService : Shipping calculation result grossFreight=29.50, totalSurcharges=0, finalFee=23.550000
INFO [cWx8CKfd] c.m.s.c.CheckoutShippingController : Shipping calculation completed with final fee 23.55
INFO [sLvESTr7] c.m.s.c.CheckoutShippingController : Shipping calculation requested
INFO [sLvESTr7] c.m.s.service.LoyaltyShippingService : Calculating shipping for country=CA, zip=X0A 0A0, cartTotal=100.0
WARN [sLvESTr7] c.m.s.service.LoyaltyShippingService : No database rate found for country=CA, zip=X0A 0A0; using carrier fallback
INFO [sLvESTr7] c.m.s.service.CarrierRateAPIService : Requesting carrier rate for zip=X0A 0A0
INFO [sLvESTr7] c.m.s.service.CarrierRateAPIService : Carrier request payload={zipCode=X0A 0A0, parcel=CalculateShippingRequest.Parcel(weight=1.75, length=20.0, width=15.0, height=10.0)}
INFO [sLvESTr7] c.m.s.service.CarrierRateAPIService : Carrier response payload=CarrierRateResponse(baseRate=24.0, surcharge=true, carrierCode=UPS, estimatedDeliveryDays=8)
INFO [sLvESTr7] c.m.s.service.CarrierRateAPIService : Carrier rate received baseRate=24.0, carrier=UPS, surcharge=true
INFO [sLvESTr7] c.m.s.service.LoyaltyShippingService : Using carrier rate baseRate=24.0, carrierSurcharge=5.50
INFO [sLvESTr7] c.m.s.service.LoyaltyShippingService : Applied tier=SILVER discount=10.000
INFO [sLvESTr7] c.m.s.service.PromoEvaluatorService : Promo code VIP20 applied percentage discount
INFO [sLvESTr7] c.m.s.service.LoyaltyShippingService : Applied promo discount=5.900000
INFO [sLvESTr7] c.m.s.service.LoyaltyShippingService : Discount total=15.900000 capped=false netFreight=13.600000
INFO [sLvESTr7] c.m.s.service.LoyaltyShippingService : Shipping calculation result grossFreight=29.50, totalSurcharges=0, finalFee=13.600000
INFO [sLvESTr7] c.m.s.c.CheckoutShippingController : Shipping calculation completed with final fee 13.60
INFO [ncctB3Ol] c.m.s.c.CheckoutShippingController : Shipping calculation requested
INFO [ncctB3Ol] c.m.s.service.LoyaltyShippingService : Calculating shipping for country=CA, zip=X0A 0A0, cartTotal=40.0
WARN [ncctB3Ol] c.m.s.service.LoyaltyShippingService : No database rate found for country=CA, zip=X0A 0A0; using carrier fallback
INFO [ncctB3Ol] c.m.s.service.CarrierRateAPIService : Requesting carrier rate for zip=X0A 0A0
INFO [ncctB3Ol] c.m.s.service.CarrierRateAPIService : Carrier request payload={zipCode=X0A 0A0, parcel=CalculateShippingRequest.Parcel(weight=1.15, length=20.0, width=15.0, height=10.0)}
INFO [ncctB3Ol] c.m.s.service.CarrierRateAPIService : Carrier response payload=CarrierRateResponse(baseRate=24.0, surcharge=true, carrierCode=UPS, estimatedDeliveryDays=8)
INFO [ncctB3Ol] c.m.s.service.CarrierRateAPIService : Carrier rate received baseRate=24.0, carrier=UPS, surcharge=true
INFO [ncctB3Ol] c.m.s.service.LoyaltyShippingService : Using carrier rate baseRate=24.0, carrierSurcharge=5.50
INFO [ncctB3Ol] c.m.s.service.LoyaltyShippingService : Applied tier=SILVER discount=4.000
INFO [ncctB3Ol] c.m.s.service.PromoEvaluatorService : Promo code VIP20 rejected below cart minimum 50.00
INFO [ncctB3Ol] c.m.s.service.LoyaltyShippingService : Applied promo discount=0
INFO [ncctB3Ol] c.m.s.service.LoyaltyShippingService : Discount total=4.000 capped=false netFreight=25.500
INFO [ncctB3Ol] c.m.s.service.LoyaltyShippingService : Shipping calculation result grossFreight=29.50, totalSurcharges=0, finalFee=25.500
INFO [ncctB3Ol] c.m.s.c.CheckoutShippingController : Shipping calculation completed with final fee 25.50
INFO [Yn1yDtch] c.m.s.c.CheckoutShippingController : Shipping calculation requested
INFO [Yn1yDtch] c.m.s.service.LoyaltyShippingService : Calculating shipping for country=CA, zip=X0A 0A0, cartTotal=100.0
WARN [Yn1yDtch] c.m.s.service.LoyaltyShippingService : No database rate found for country=CA, zip=X0A 0A0; using carrier fallback
INFO [Yn1yDtch] c.m.s.service.CarrierRateAPIService : Requesting carrier rate for zip=X0A 0A0
INFO [Yn1yDtch] c.m.s.service.CarrierRateAPIService : Carrier request payload={zipCode=X0A 0A0, parcel=CalculateShippingRequest.Parcel(weight=1.75, length=20.0, width=15.0, height=10.0)}
INFO [Yn1yDtch] c.m.s.service.CarrierRateAPIService : Carrier response payload=CarrierRateResponse(baseRate=24.0, surcharge=true, carrierCode=UPS, estimatedDeliveryDays=8)
INFO [Yn1yDtch] c.m.s.service.CarrierRateAPIService : Carrier rate received baseRate=24.0, carrier=UPS, surcharge=true
INFO [Yn1yDtch] c.m.s.service.LoyaltyShippingService : Using carrier rate baseRate=24.0, carrierSurcharge=5.50
INFO [Yn1yDtch] c.m.s.service.LoyaltyShippingService : Applied tier=SILVER discount=10.000
INFO [Yn1yDtch] c.m.s.service.PromoEvaluatorService : Promo code FREESHIP10 applied flat discount 10.0000
INFO [Yn1yDtch] c.m.s.service.LoyaltyShippingService : Applied promo discount=10.0000
INFO [Yn1yDtch] c.m.s.service.LoyaltyShippingService : Discount total=20.0000 capped=false netFreight=9.5000
INFO [Yn1yDtch] c.m.s.service.LoyaltyShippingService : Shipping calculation result grossFreight=29.50, totalSurcharges=0, finalFee=9.5000
INFO [Yn1yDtch] c.m.s.c.CheckoutShippingController : Shipping calculation completed with final fee 9.50
INFO [nLUHVVdH] c.m.s.c.CheckoutShippingController : Shipping calculation requested
INFO [nLUHVVdH] c.m.s.service.LoyaltyShippingService : Calculating shipping for country=CA, zip=X0A 0A0, cartTotal=40.0
WARN [nLUHVVdH] c.m.s.service.LoyaltyShippingService : No database rate found for country=CA, zip=X0A 0A0; using carrier fallback
INFO [nLUHVVdH] c.m.s.service.CarrierRateAPIService : Requesting carrier rate for zip=X0A 0A0
INFO [nLUHVVdH] c.m.s.service.CarrierRateAPIService : Carrier request payload={zipCode=X0A 0A0, parcel=CalculateShippingRequest.Parcel(weight=1.15, length=20.0, width=15.0, height=10.0)}
INFO [nLUHVVdH] c.m.s.service.CarrierRateAPIService : Carrier response payload=CarrierRateResponse(baseRate=24.0, surcharge=true, carrierCode=UPS, estimatedDeliveryDays=8)
INFO [nLUHVVdH] c.m.s.service.CarrierRateAPIService : Carrier rate received baseRate=24.0, carrier=UPS, surcharge=true
INFO [nLUHVVdH] c.m.s.service.LoyaltyShippingService : Using carrier rate baseRate=24.0, carrierSurcharge=5.50
INFO [nLUHVVdH] c.m.s.service.LoyaltyShippingService : Applied tier=SILVER discount=4.000
INFO [nLUHVVdH] c.m.s.service.PromoEvaluatorService : Promo code EARLYBIRD5 applied flat discount 5.0000
INFO [nLUHVVdH] c.m.s.service.LoyaltyShippingService : Applied promo discount=5.0000
INFO [nLUHVVdH] c.m.s.service.LoyaltyShippingService : Discount total=9.0000 capped=false netFreight=20.5000
INFO [nLUHVVdH] c.m.s.service.LoyaltyShippingService : Shipping calculation result grossFreight=29.50, totalSurcharges=0, finalFee=20.5000
INFO [nLUHVVdH] c.m.s.c.CheckoutShippingController : Shipping calculation completed with final fee 20.50
INFO [JzipQ4RW] c.m.s.c.CheckoutShippingController : Shipping calculation requested
INFO [JzipQ4RW] c.m.s.service.LoyaltyShippingService : Calculating shipping for country=CA, zip=X0A 0A0, cartTotal=30.0
WARN [JzipQ4RW] c.m.s.service.LoyaltyShippingService : No database rate found for country=CA, zip=X0A 0A0; using carrier fallback
INFO [JzipQ4RW] c.m.s.service.CarrierRateAPIService : Requesting carrier rate for zip=X0A 0A0
INFO [JzipQ4RW] c.m.s.service.CarrierRateAPIService : Carrier request payload={zipCode=X0A 0A0, parcel=CalculateShippingRequest.Parcel(weight=1.05, length=20.0, width=15.0, height=10.0)}
INFO [JzipQ4RW] c.m.s.service.CarrierRateAPIService : Carrier response payload=CarrierRateResponse(baseRate=24.0, surcharge=true, carrierCode=UPS, estimatedDeliveryDays=8)
INFO [JzipQ4RW] c.m.s.service.CarrierRateAPIService : Carrier rate received baseRate=24.0, carrier=UPS, surcharge=true
INFO [JzipQ4RW] c.m.s.service.LoyaltyShippingService : Using carrier rate baseRate=24.0, carrierSurcharge=5.50
INFO [JzipQ4RW] c.m.s.service.LoyaltyShippingService : Applied tier=SILVER discount=3.000
INFO [JzipQ4RW] c.m.s.service.PromoEvaluatorService : Promo code EARLYBIRD5 rejected outside time window
INFO [JzipQ4RW] c.m.s.service.LoyaltyShippingService : Applied promo discount=0
INFO [JzipQ4RW] c.m.s.service.LoyaltyShippingService : Discount total=3.000 capped=false netFreight=26.500
INFO [JzipQ4RW] c.m.s.service.LoyaltyShippingService : Shipping calculation result grossFreight=29.50, totalSurcharges=0, finalFee=26.500
INFO [JzipQ4RW] c.m.s.c.CheckoutShippingController : Shipping calculation completed with final fee 26.50
INFO [0UG46PsF] c.m.s.c.CheckoutShippingController : Shipping calculation requested
INFO [0UG46PsF] c.m.s.service.LoyaltyShippingService : Calculating shipping for country=CA, zip=X0A 0A0, cartTotal=20.0
WARN [0UG46PsF] c.m.s.service.LoyaltyShippingService : No database rate found for country=CA, zip=X0A 0A0; using carrier fallback
INFO [0UG46PsF] c.m.s.service.CarrierRateAPIService : Requesting carrier rate for zip=X0A 0A0
INFO [0UG46PsF] c.m.s.service.CarrierRateAPIService : Carrier request payload={zipCode=X0A 0A0, parcel=CalculateShippingRequest.Parcel(weight=0.95, length=20.0, width=15.0, height=10.0)}
INFO [0UG46PsF] c.m.s.service.CarrierRateAPIService : Carrier response payload=CarrierRateResponse(baseRate=24.0, surcharge=true, carrierCode=UPS, estimatedDeliveryDays=8)
INFO [0UG46PsF] c.m.s.service.CarrierRateAPIService : Carrier rate received baseRate=24.0, carrier=UPS, surcharge=true
INFO [0UG46PsF] c.m.s.service.LoyaltyShippingService : Using carrier rate baseRate=24.0, carrierSurcharge=5.50
INFO [0UG46PsF] c.m.s.service.LoyaltyShippingService : Applied tier=SILVER discount=2.000
INFO [0UG46PsF] c.m.s.service.PromoEvaluatorService : Promo code NIGHTOWL10 applied remaining-fee percentage discount
INFO [0UG46PsF] c.m.s.service.LoyaltyShippingService : Applied promo discount=2.7500000
INFO [0UG46PsF] c.m.s.service.LoyaltyShippingService : Discount total=4.7500000 capped=false netFreight=24.7500000
INFO [0UG46PsF] c.m.s.service.LoyaltyShippingService : Shipping calculation result grossFreight=29.50, totalSurcharges=0, finalFee=24.7500000
INFO [0UG46PsF] c.m.s.c.CheckoutShippingController : Shipping calculation completed with final fee 24.75
INFO [owbR3wns] c.m.s.c.CheckoutShippingController : Shipping calculation requested
INFO [owbR3wns] c.m.s.service.LoyaltyShippingService : Calculating shipping for country=CA, zip=X0A 0A0, cartTotal=20.0
WARN [owbR3wns] c.m.s.service.LoyaltyShippingService : No database rate found for country=CA, zip=X0A 0A0; using carrier fallback
INFO [owbR3wns] c.m.s.service.CarrierRateAPIService : Requesting carrier rate for zip=X0A 0A0
INFO [owbR3wns] c.m.s.service.CarrierRateAPIService : Carrier request payload={zipCode=X0A 0A0, parcel=CalculateShippingRequest.Parcel(weight=0.95, length=20.0, width=15.0, height=10.0)}
INFO [owbR3wns] c.m.s.service.CarrierRateAPIService : Carrier response payload=CarrierRateResponse(baseRate=24.0, surcharge=true, carrierCode=UPS, estimatedDeliveryDays=8)
INFO [owbR3wns] c.m.s.service.CarrierRateAPIService : Carrier rate received baseRate=24.0, carrier=UPS, surcharge=true
INFO [owbR3wns] c.m.s.service.LoyaltyShippingService : Using carrier rate baseRate=24.0, carrierSurcharge=5.50
INFO [owbR3wns] c.m.s.service.LoyaltyShippingService : Applied tier=SILVER discount=2.000
INFO [owbR3wns] c.m.s.service.PromoEvaluatorService : Promo code NIGHTOWL10 rejected outside time window
INFO [owbR3wns] c.m.s.service.LoyaltyShippingService : Applied promo discount=0
INFO [owbR3wns] c.m.s.service.LoyaltyShippingService : Discount total=2.000 capped=false netFreight=27.500
INFO [owbR3wns] c.m.s.service.LoyaltyShippingService : Shipping calculation result grossFreight=29.50, totalSurcharges=0, finalFee=27.500
INFO [owbR3wns] c.m.s.c.CheckoutShippingController : Shipping calculation completed with final fee 27.50
INFO [inPUdz1D] c.m.s.c.CheckoutShippingController : Shipping calculation requested
INFO [inPUdz1D] c.m.s.service.LoyaltyShippingService : Calculating shipping for country=CA, zip=X0A 0A0, cartTotal=100.0
WARN [inPUdz1D] c.m.s.service.LoyaltyShippingService : No database rate found for country=CA, zip=X0A 0A0; using carrier fallback
INFO [inPUdz1D] c.m.s.service.CarrierRateAPIService : Requesting carrier rate for zip=X0A 0A0
INFO [inPUdz1D] c.m.s.service.CarrierRateAPIService : Carrier request payload={zipCode=X0A 0A0, parcel=CalculateShippingRequest.Parcel(weight=1.75, length=20.0, width=15.0, height=10.0)}
INFO [inPUdz1D] c.m.s.service.CarrierRateAPIService : Carrier response payload=CarrierRateResponse(baseRate=24.0, surcharge=true, carrierCode=UPS, estimatedDeliveryDays=8)
INFO [inPUdz1D] c.m.s.service.CarrierRateAPIService : Carrier rate received baseRate=24.0, carrier=UPS, surcharge=true
INFO [inPUdz1D] c.m.s.service.LoyaltyShippingService : Using carrier rate baseRate=24.0, carrierSurcharge=5.50
INFO [inPUdz1D] c.m.s.service.LoyaltyShippingService : Applied tier=SILVER discount=10.000
WARN [inPUdz1D] c.m.s.service.PromoEvaluatorService : Promo code EXPIRED10 was not found or is inactive
INFO [inPUdz1D] c.m.s.service.LoyaltyShippingService : Applied promo discount=0
INFO [inPUdz1D] c.m.s.service.LoyaltyShippingService : Discount total=10.000 capped=false netFreight=19.500
INFO [inPUdz1D] c.m.s.service.LoyaltyShippingService : Shipping calculation result grossFreight=29.50, totalSurcharges=0, finalFee=19.500
INFO [inPUdz1D] c.m.s.c.CheckoutShippingController : Shipping calculation completed with final fee 19.50
INFO [mTVINwH3] c.m.s.c.CheckoutShippingController : Shipping calculation requested
INFO [mTVINwH3] c.m.s.service.LoyaltyShippingService : Calculating shipping for country=CA, zip=X0A 0A0, cartTotal=20.0
WARN [mTVINwH3] c.m.s.service.LoyaltyShippingService : No database rate found for country=CA, zip=X0A 0A0; using carrier fallback
INFO [mTVINwH3] c.m.s.service.CarrierRateAPIService : Requesting carrier rate for zip=X0A 0A0
INFO [mTVINwH3] c.m.s.service.CarrierRateAPIService : Carrier request payload={zipCode=X0A 0A0, parcel=CalculateShippingRequest.Parcel(weight=0.95, length=20.0, width=15.0, height=10.0)}
INFO [mTVINwH3] c.m.s.service.CarrierRateAPIService : Carrier response payload=CarrierRateResponse(baseRate=24.0, surcharge=true, carrierCode=UPS, estimatedDeliveryDays=8)
INFO [mTVINwH3] c.m.s.service.CarrierRateAPIService : Carrier rate received baseRate=24.0, carrier=UPS, surcharge=true
INFO [mTVINwH3] c.m.s.service.LoyaltyShippingService : Using carrier rate baseRate=24.0, carrierSurcharge=5.50
INFO [mTVINwH3] c.m.s.service.LoyaltyShippingService : Applied tier=GOLD discount=4.000
INFO [mTVINwH3] c.m.s.service.PromoEvaluatorService : No promo code supplied
INFO [mTVINwH3] c.m.s.service.LoyaltyShippingService : Applied promo discount=0
INFO [mTVINwH3] c.m.s.service.LoyaltyShippingService : Discount total=4.000 capped=false netFreight=25.500
INFO [mTVINwH3] c.m.s.service.LoyaltyShippingService : Shipping calculation result grossFreight=29.50, totalSurcharges=0, finalFee=25.500
INFO [mTVINwH3] c.m.s.c.CheckoutShippingController : Shipping calculation completed with final fee 25.50
INFO [uVLwZxmL] c.m.s.c.CheckoutShippingController : Shipping calculation requested
INFO [uVLwZxmL] c.m.s.service.LoyaltyShippingService : Calculating shipping for country=CA, zip=X0A 0A0, cartTotal=40.0
WARN [uVLwZxmL] c.m.s.service.LoyaltyShippingService : No database rate found for country=CA, zip=X0A 0A0; using carrier fallback
INFO [uVLwZxmL] c.m.s.service.CarrierRateAPIService : Requesting carrier rate for zip=X0A 0A0
INFO [uVLwZxmL] c.m.s.service.CarrierRateAPIService : Carrier request payload={zipCode=X0A 0A0, parcel=CalculateShippingRequest.Parcel(weight=1.15, length=20.0, width=15.0, height=10.0)}
INFO [uVLwZxmL] c.m.s.service.CarrierRateAPIService : Carrier response payload=CarrierRateResponse(baseRate=24.0, surcharge=true, carrierCode=UPS, estimatedDeliveryDays=8)
INFO [uVLwZxmL] c.m.s.service.CarrierRateAPIService : Carrier rate received baseRate=24.0, carrier=UPS, surcharge=true
INFO [uVLwZxmL] c.m.s.service.LoyaltyShippingService : Using carrier rate baseRate=24.0, carrierSurcharge=5.50
INFO [uVLwZxmL] c.m.s.service.LoyaltyShippingService : Applied tier=GOLD discount=8.000
INFO [uVLwZxmL] c.m.s.service.PromoEvaluatorService : Promo code SUMMER5 applied flat discount 5.0000
INFO [uVLwZxmL] c.m.s.service.LoyaltyShippingService : Applied promo discount=5.0000
INFO [uVLwZxmL] c.m.s.service.LoyaltyShippingService : Discount total=13.0000 capped=false netFreight=16.5000
INFO [uVLwZxmL] c.m.s.service.LoyaltyShippingService : Shipping calculation result grossFreight=29.50, totalSurcharges=0, finalFee=16.5000
INFO [uVLwZxmL] c.m.s.c.CheckoutShippingController : Shipping calculation completed with final fee 16.50
INFO [uHstM7KB] c.m.s.c.CheckoutShippingController : Shipping calculation requested
INFO [uHstM7KB] c.m.s.service.LoyaltyShippingService : Calculating shipping for country=CA, zip=X0A 0A0, cartTotal=30.0
WARN [uHstM7KB] c.m.s.service.LoyaltyShippingService : No database rate found for country=CA, zip=X0A 0A0; using carrier fallback
INFO [uHstM7KB] c.m.s.service.CarrierRateAPIService : Requesting carrier rate for zip=X0A 0A0
INFO [uHstM7KB] c.m.s.service.CarrierRateAPIService : Carrier request payload={zipCode=X0A 0A0, parcel=CalculateShippingRequest.Parcel(weight=1.05, length=20.0, width=15.0, height=10.0)}
INFO [uHstM7KB] c.m.s.service.CarrierRateAPIService : Carrier response payload=CarrierRateResponse(baseRate=24.0, surcharge=true, carrierCode=UPS, estimatedDeliveryDays=8)
INFO [uHstM7KB] c.m.s.service.CarrierRateAPIService : Carrier rate received baseRate=24.0, carrier=UPS, surcharge=true
INFO [uHstM7KB] c.m.s.service.LoyaltyShippingService : Using carrier rate baseRate=24.0, carrierSurcharge=5.50
INFO [uHstM7KB] c.m.s.service.LoyaltyShippingService : Applied tier=GOLD discount=6.000
INFO [uHstM7KB] c.m.s.service.PromoEvaluatorService : Promo code WELCOME10 applied percentage discount
INFO [uHstM7KB] c.m.s.service.LoyaltyShippingService : Applied promo discount=2.950000
INFO [uHstM7KB] c.m.s.service.LoyaltyShippingService : Discount total=8.950000 capped=false netFreight=20.550000
INFO [uHstM7KB] c.m.s.service.LoyaltyShippingService : Shipping calculation result grossFreight=29.50, totalSurcharges=0, finalFee=20.550000
INFO [uHstM7KB] c.m.s.c.CheckoutShippingController : Shipping calculation completed with final fee 20.55
INFO [jVjZLoFt] c.m.s.c.CheckoutShippingController : Shipping calculation requested
INFO [jVjZLoFt] c.m.s.service.LoyaltyShippingService : Calculating shipping for country=CA, zip=X0A 0A0, cartTotal=100.0
WARN [jVjZLoFt] c.m.s.service.LoyaltyShippingService : No database rate found for country=CA, zip=X0A 0A0; using carrier fallback
INFO [jVjZLoFt] c.m.s.service.CarrierRateAPIService : Requesting carrier rate for zip=X0A 0A0
INFO [jVjZLoFt] c.m.s.service.CarrierRateAPIService : Carrier request payload={zipCode=X0A 0A0, parcel=CalculateShippingRequest.Parcel(weight=1.75, length=20.0, width=15.0, height=10.0)}
INFO [jVjZLoFt] c.m.s.service.CarrierRateAPIService : Carrier response payload=CarrierRateResponse(baseRate=24.0, surcharge=true, carrierCode=UPS, estimatedDeliveryDays=8)
INFO [jVjZLoFt] c.m.s.service.CarrierRateAPIService : Carrier rate received baseRate=24.0, carrier=UPS, surcharge=true
INFO [jVjZLoFt] c.m.s.service.LoyaltyShippingService : Using carrier rate baseRate=24.0, carrierSurcharge=5.50
INFO [jVjZLoFt] c.m.s.service.LoyaltyShippingService : Applied tier=GOLD discount=20.000
INFO [jVjZLoFt] c.m.s.service.PromoEvaluatorService : Promo code VIP20 applied percentage discount
INFO [jVjZLoFt] c.m.s.service.LoyaltyShippingService : Applied promo discount=5.900000
INFO [jVjZLoFt] c.m.s.service.LoyaltyShippingService : Discount total=25.900000 capped=false netFreight=3.600000
INFO [jVjZLoFt] c.m.s.service.LoyaltyShippingService : Shipping calculation result grossFreight=29.50, totalSurcharges=0, finalFee=3.600000
INFO [jVjZLoFt] c.m.s.c.CheckoutShippingController : Shipping calculation completed with final fee 3.60
INFO [OhuAGeHT] c.m.s.c.CheckoutShippingController : Shipping calculation requested
INFO [OhuAGeHT] c.m.s.service.LoyaltyShippingService : Calculating shipping for country=CA, zip=X0A 0A0, cartTotal=40.0
WARN [OhuAGeHT] c.m.s.service.LoyaltyShippingService : No database rate found for country=CA, zip=X0A 0A0; using carrier fallback
INFO [OhuAGeHT] c.m.s.service.CarrierRateAPIService : Requesting carrier rate for zip=X0A 0A0
INFO [OhuAGeHT] c.m.s.service.CarrierRateAPIService : Carrier request payload={zipCode=X0A 0A0, parcel=CalculateShippingRequest.Parcel(weight=1.15, length=20.0, width=15.0, height=10.0)}
INFO [OhuAGeHT] c.m.s.service.CarrierRateAPIService : Carrier response payload=CarrierRateResponse(baseRate=24.0, surcharge=true, carrierCode=UPS, estimatedDeliveryDays=8)
INFO [OhuAGeHT] c.m.s.service.CarrierRateAPIService : Carrier rate received baseRate=24.0, carrier=UPS, surcharge=true
INFO [OhuAGeHT] c.m.s.service.LoyaltyShippingService : Using carrier rate baseRate=24.0, carrierSurcharge=5.50
INFO [OhuAGeHT] c.m.s.service.LoyaltyShippingService : Applied tier=GOLD discount=8.000
INFO [OhuAGeHT] c.m.s.service.PromoEvaluatorService : Promo code VIP20 rejected below cart minimum 50.00
INFO [OhuAGeHT] c.m.s.service.LoyaltyShippingService : Applied promo discount=0
INFO [OhuAGeHT] c.m.s.service.LoyaltyShippingService : Discount total=8.000 capped=false netFreight=21.500
INFO [OhuAGeHT] c.m.s.service.LoyaltyShippingService : Shipping calculation result grossFreight=29.50, totalSurcharges=0, finalFee=21.500
INFO [OhuAGeHT] c.m.s.c.CheckoutShippingController : Shipping calculation completed with final fee 21.50
INFO [OpU4T2Kr] c.m.s.c.CheckoutShippingController : Shipping calculation requested
INFO [OpU4T2Kr] c.m.s.service.LoyaltyShippingService : Calculating shipping for country=CA, zip=X0A 0A0, cartTotal=100.0
WARN [OpU4T2Kr] c.m.s.service.LoyaltyShippingService : No database rate found for country=CA, zip=X0A 0A0; using carrier fallback
INFO [OpU4T2Kr] c.m.s.service.CarrierRateAPIService : Requesting carrier rate for zip=X0A 0A0
INFO [OpU4T2Kr] c.m.s.service.CarrierRateAPIService : Carrier request payload={zipCode=X0A 0A0, parcel=CalculateShippingRequest.Parcel(weight=1.75, length=20.0, width=15.0, height=10.0)}
INFO [OpU4T2Kr] c.m.s.service.CarrierRateAPIService : Carrier response payload=CarrierRateResponse(baseRate=24.0, surcharge=true, carrierCode=UPS, estimatedDeliveryDays=8)
INFO [OpU4T2Kr] c.m.s.service.CarrierRateAPIService : Carrier rate received baseRate=24.0, carrier=UPS, surcharge=true
INFO [OpU4T2Kr] c.m.s.service.LoyaltyShippingService : Using carrier rate baseRate=24.0, carrierSurcharge=5.50
INFO [OpU4T2Kr] c.m.s.service.LoyaltyShippingService : Applied tier=GOLD discount=20.000
INFO [OpU4T2Kr] c.m.s.service.PromoEvaluatorService : Promo code FREESHIP10 applied flat discount 10.0000
INFO [OpU4T2Kr] c.m.s.service.LoyaltyShippingService : Applied promo discount=10.0000
INFO [OpU4T2Kr] c.m.s.service.LoyaltyShippingService : Discount total=30.0000 capped=false netFreight=0
INFO [OpU4T2Kr] c.m.s.service.LoyaltyShippingService : Shipping calculation result grossFreight=29.50, totalSurcharges=0, finalFee=0
INFO [OpU4T2Kr] c.m.s.c.CheckoutShippingController : Shipping calculation completed with final fee 0.00
INFO [a88si5pD] c.m.s.c.CheckoutShippingController : Shipping calculation requested
INFO [a88si5pD] c.m.s.service.LoyaltyShippingService : Calculating shipping for country=CA, zip=X0A 0A0, cartTotal=40.0
WARN [a88si5pD] c.m.s.service.LoyaltyShippingService : No database rate found for country=CA, zip=X0A 0A0; using carrier fallback
INFO [a88si5pD] c.m.s.service.CarrierRateAPIService : Requesting carrier rate for zip=X0A 0A0
INFO [a88si5pD] c.m.s.service.CarrierRateAPIService : Carrier request payload={zipCode=X0A 0A0, parcel=CalculateShippingRequest.Parcel(weight=1.15, length=20.0, width=15.0, height=10.0)}
INFO [a88si5pD] c.m.s.service.CarrierRateAPIService : Carrier response payload=CarrierRateResponse(baseRate=24.0, surcharge=true, carrierCode=UPS, estimatedDeliveryDays=8)
INFO [a88si5pD] c.m.s.service.CarrierRateAPIService : Carrier rate received baseRate=24.0, carrier=UPS, surcharge=true
INFO [a88si5pD] c.m.s.service.LoyaltyShippingService : Using carrier rate baseRate=24.0, carrierSurcharge=5.50
INFO [a88si5pD] c.m.s.service.LoyaltyShippingService : Applied tier=GOLD discount=8.000
INFO [a88si5pD] c.m.s.service.PromoEvaluatorService : Promo code EARLYBIRD5 applied flat discount 5.0000
INFO [a88si5pD] c.m.s.service.LoyaltyShippingService : Applied promo discount=5.0000
INFO [a88si5pD] c.m.s.service.LoyaltyShippingService : Discount total=13.0000 capped=false netFreight=16.5000
INFO [a88si5pD] c.m.s.service.LoyaltyShippingService : Shipping calculation result grossFreight=29.50, totalSurcharges=0, finalFee=16.5000
INFO [a88si5pD] c.m.s.c.CheckoutShippingController : Shipping calculation completed with final fee 16.50
INFO [HtwhAnhQ] c.m.s.c.CheckoutShippingController : Shipping calculation requested
INFO [HtwhAnhQ] c.m.s.service.LoyaltyShippingService : Calculating shipping for country=CA, zip=X0A 0A0, cartTotal=30.0
WARN [HtwhAnhQ] c.m.s.service.LoyaltyShippingService : No database rate found for country=CA, zip=X0A 0A0; using carrier fallback
INFO [HtwhAnhQ] c.m.s.service.CarrierRateAPIService : Requesting carrier rate for zip=X0A 0A0
INFO [HtwhAnhQ] c.m.s.service.CarrierRateAPIService : Carrier request payload={zipCode=X0A 0A0, parcel=CalculateShippingRequest.Parcel(weight=1.05, length=20.0, width=15.0, height=10.0)}
INFO [HtwhAnhQ] c.m.s.service.CarrierRateAPIService : Carrier response payload=CarrierRateResponse(baseRate=24.0, surcharge=true, carrierCode=UPS, estimatedDeliveryDays=8)
INFO [HtwhAnhQ] c.m.s.service.CarrierRateAPIService : Carrier rate received baseRate=24.0, carrier=UPS, surcharge=true
INFO [HtwhAnhQ] c.m.s.service.LoyaltyShippingService : Using carrier rate baseRate=24.0, carrierSurcharge=5.50
INFO [HtwhAnhQ] c.m.s.service.LoyaltyShippingService : Applied tier=GOLD discount=6.000
INFO [HtwhAnhQ] c.m.s.service.PromoEvaluatorService : Promo code EARLYBIRD5 rejected outside time window
INFO [HtwhAnhQ] c.m.s.service.LoyaltyShippingService : Applied promo discount=0
INFO [HtwhAnhQ] c.m.s.service.LoyaltyShippingService : Discount total=6.000 capped=false netFreight=23.500
INFO [HtwhAnhQ] c.m.s.service.LoyaltyShippingService : Shipping calculation result grossFreight=29.50, totalSurcharges=0, finalFee=23.500
INFO [HtwhAnhQ] c.m.s.c.CheckoutShippingController : Shipping calculation completed with final fee 23.50
INFO [iGCERv3F] c.m.s.c.CheckoutShippingController : Shipping calculation requested
INFO [iGCERv3F] c.m.s.service.LoyaltyShippingService : Calculating shipping for country=CA, zip=X0A 0A0, cartTotal=20.0
WARN [iGCERv3F] c.m.s.service.LoyaltyShippingService : No database rate found for country=CA, zip=X0A 0A0; using carrier fallback
INFO [iGCERv3F] c.m.s.service.CarrierRateAPIService : Requesting carrier rate for zip=X0A 0A0
INFO [iGCERv3F] c.m.s.service.CarrierRateAPIService : Carrier request payload={zipCode=X0A 0A0, parcel=CalculateShippingRequest.Parcel(weight=0.95, length=20.0, width=15.0, height=10.0)}
INFO [iGCERv3F] c.m.s.service.CarrierRateAPIService : Carrier response payload=CarrierRateResponse(baseRate=24.0, surcharge=true, carrierCode=UPS, estimatedDeliveryDays=8)
INFO [iGCERv3F] c.m.s.service.CarrierRateAPIService : Carrier rate received baseRate=24.0, carrier=UPS, surcharge=true
INFO [iGCERv3F] c.m.s.service.LoyaltyShippingService : Using carrier rate baseRate=24.0, carrierSurcharge=5.50
INFO [iGCERv3F] c.m.s.service.LoyaltyShippingService : Applied tier=GOLD discount=4.000
INFO [iGCERv3F] c.m.s.service.PromoEvaluatorService : Promo code NIGHTOWL10 applied remaining-fee percentage discount
INFO [iGCERv3F] c.m.s.service.LoyaltyShippingService : Applied promo discount=2.5500000
INFO [iGCERv3F] c.m.s.service.LoyaltyShippingService : Discount total=6.5500000 capped=false netFreight=22.9500000
INFO [iGCERv3F] c.m.s.service.LoyaltyShippingService : Shipping calculation result grossFreight=29.50, totalSurcharges=0, finalFee=22.9500000
INFO [iGCERv3F] c.m.s.c.CheckoutShippingController : Shipping calculation completed with final fee 22.95
INFO [K5hlCqoR] c.m.s.c.CheckoutShippingController : Shipping calculation requested
INFO [K5hlCqoR] c.m.s.service.LoyaltyShippingService : Calculating shipping for country=CA, zip=X0A 0A0, cartTotal=20.0
WARN [K5hlCqoR] c.m.s.service.LoyaltyShippingService : No database rate found for country=CA, zip=X0A 0A0; using carrier fallback
INFO [K5hlCqoR] c.m.s.service.CarrierRateAPIService : Requesting carrier rate for zip=X0A 0A0
INFO [K5hlCqoR] c.m.s.service.CarrierRateAPIService : Carrier request payload={zipCode=X0A 0A0, parcel=CalculateShippingRequest.Parcel(weight=0.95, length=20.0, width=15.0, height=10.0)}
INFO [K5hlCqoR] c.m.s.service.CarrierRateAPIService : Carrier response payload=CarrierRateResponse(baseRate=24.0, surcharge=true, carrierCode=UPS, estimatedDeliveryDays=8)
INFO [K5hlCqoR] c.m.s.service.CarrierRateAPIService : Carrier rate received baseRate=24.0, carrier=UPS, surcharge=true
INFO [K5hlCqoR] c.m.s.service.LoyaltyShippingService : Using carrier rate baseRate=24.0, carrierSurcharge=5.50
INFO [K5hlCqoR] c.m.s.service.LoyaltyShippingService : Applied tier=GOLD discount=4.000
INFO [K5hlCqoR] c.m.s.service.PromoEvaluatorService : Promo code NIGHTOWL10 rejected outside time window
INFO [K5hlCqoR] c.m.s.service.LoyaltyShippingService : Applied promo discount=0
INFO [K5hlCqoR] c.m.s.service.LoyaltyShippingService : Discount total=4.000 capped=false netFreight=25.500
INFO [K5hlCqoR] c.m.s.service.LoyaltyShippingService : Shipping calculation result grossFreight=29.50, totalSurcharges=0, finalFee=25.500
INFO [K5hlCqoR] c.m.s.c.CheckoutShippingController : Shipping calculation completed with final fee 25.50
INFO [zptW7YH4] c.m.s.c.CheckoutShippingController : Shipping calculation requested
INFO [zptW7YH4] c.m.s.service.LoyaltyShippingService : Calculating shipping for country=CA, zip=X0A 0A0, cartTotal=100.0
WARN [zptW7YH4] c.m.s.service.LoyaltyShippingService : No database rate found for country=CA, zip=X0A 0A0; using carrier fallback
INFO [zptW7YH4] c.m.s.service.CarrierRateAPIService : Requesting carrier rate for zip=X0A 0A0
INFO [zptW7YH4] c.m.s.service.CarrierRateAPIService : Carrier request payload={zipCode=X0A 0A0, parcel=CalculateShippingRequest.Parcel(weight=1.75, length=20.0, width=15.0, height=10.0)}
INFO [zptW7YH4] c.m.s.service.CarrierRateAPIService : Carrier response payload=CarrierRateResponse(baseRate=24.0, surcharge=true, carrierCode=UPS, estimatedDeliveryDays=8)
INFO [zptW7YH4] c.m.s.service.CarrierRateAPIService : Carrier rate received baseRate=24.0, carrier=UPS, surcharge=true
INFO [zptW7YH4] c.m.s.service.LoyaltyShippingService : Using carrier rate baseRate=24.0, carrierSurcharge=5.50
INFO [zptW7YH4] c.m.s.service.LoyaltyShippingService : Applied tier=GOLD discount=20.000
WARN [zptW7YH4] c.m.s.service.PromoEvaluatorService : Promo code EXPIRED10 was not found or is inactive
INFO [zptW7YH4] c.m.s.service.LoyaltyShippingService : Applied promo discount=0
INFO [zptW7YH4] c.m.s.service.LoyaltyShippingService : Discount total=20.000 capped=false netFreight=9.500
INFO [zptW7YH4] c.m.s.service.LoyaltyShippingService : Shipping calculation result grossFreight=29.50, totalSurcharges=0, finalFee=9.500
INFO [zptW7YH4] c.m.s.c.CheckoutShippingController : Shipping calculation completed with final fee 9.50
INFO [30Ms1dgF] c.m.s.c.CheckoutShippingController : Shipping calculation requested
INFO [30Ms1dgF] c.m.s.service.LoyaltyShippingService : Calculating shipping for country=CA, zip=X0A 0A0, cartTotal=20.0
WARN [30Ms1dgF] c.m.s.service.LoyaltyShippingService : No database rate found for country=CA, zip=X0A 0A0; using carrier fallback
INFO [30Ms1dgF] c.m.s.service.CarrierRateAPIService : Requesting carrier rate for zip=X0A 0A0
INFO [30Ms1dgF] c.m.s.service.CarrierRateAPIService : Carrier request payload={zipCode=X0A 0A0, parcel=CalculateShippingRequest.Parcel(weight=0.95, length=20.0, width=15.0, height=10.0)}
INFO [30Ms1dgF] c.m.s.service.CarrierRateAPIService : Carrier response payload=CarrierRateResponse(baseRate=24.0, surcharge=true, carrierCode=UPS, estimatedDeliveryDays=8)
INFO [30Ms1dgF] c.m.s.service.CarrierRateAPIService : Carrier rate received baseRate=24.0, carrier=UPS, surcharge=true
INFO [30Ms1dgF] c.m.s.service.LoyaltyShippingService : Using carrier rate baseRate=24.0, carrierSurcharge=5.50
INFO [30Ms1dgF] c.m.s.service.LoyaltyShippingService : Applied tier=VIP discount=6.000
INFO [30Ms1dgF] c.m.s.service.PromoEvaluatorService : No promo code supplied
INFO [30Ms1dgF] c.m.s.service.LoyaltyShippingService : Applied promo discount=0
INFO [30Ms1dgF] c.m.s.service.LoyaltyShippingService : Discount total=6.000 capped=false netFreight=23.500
INFO [30Ms1dgF] c.m.s.service.LoyaltyShippingService : Shipping calculation result grossFreight=29.50, totalSurcharges=0, finalFee=23.500
INFO [30Ms1dgF] c.m.s.c.CheckoutShippingController : Shipping calculation completed with final fee 23.50
INFO [iB9buaNV] c.m.s.c.CheckoutShippingController : Shipping calculation requested
INFO [iB9buaNV] c.m.s.service.LoyaltyShippingService : Calculating shipping for country=CA, zip=X0A 0A0, cartTotal=40.0
WARN [iB9buaNV] c.m.s.service.LoyaltyShippingService : No database rate found for country=CA, zip=X0A 0A0; using carrier fallback
INFO [iB9buaNV] c.m.s.service.CarrierRateAPIService : Requesting carrier rate for zip=X0A 0A0
INFO [iB9buaNV] c.m.s.service.CarrierRateAPIService : Carrier request payload={zipCode=X0A 0A0, parcel=CalculateShippingRequest.Parcel(weight=1.15, length=20.0, width=15.0, height=10.0)}
INFO [iB9buaNV] c.m.s.service.CarrierRateAPIService : Carrier response payload=CarrierRateResponse(baseRate=24.0, surcharge=true, carrierCode=UPS, estimatedDeliveryDays=8)
INFO [iB9buaNV] c.m.s.service.CarrierRateAPIService : Carrier rate received baseRate=24.0, carrier=UPS, surcharge=true
INFO [iB9buaNV] c.m.s.service.LoyaltyShippingService : Using carrier rate baseRate=24.0, carrierSurcharge=5.50
INFO [iB9buaNV] c.m.s.service.LoyaltyShippingService : Applied tier=VIP discount=12.000
INFO [iB9buaNV] c.m.s.service.PromoEvaluatorService : Promo code SUMMER5 applied flat discount 5.0000
INFO [iB9buaNV] c.m.s.service.LoyaltyShippingService : Applied promo discount=5.0000
INFO [iB9buaNV] c.m.s.service.LoyaltyShippingService : Discount total=17.0000 capped=false netFreight=12.5000
INFO [iB9buaNV] c.m.s.service.LoyaltyShippingService : Shipping calculation result grossFreight=29.50, totalSurcharges=0, finalFee=12.5000
INFO [iB9buaNV] c.m.s.c.CheckoutShippingController : Shipping calculation completed with final fee 12.50
INFO [PTS87xDj] c.m.s.c.CheckoutShippingController : Shipping calculation requested
INFO [PTS87xDj] c.m.s.service.LoyaltyShippingService : Calculating shipping for country=CA, zip=X0A 0A0, cartTotal=30.0
WARN [PTS87xDj] c.m.s.service.LoyaltyShippingService : No database rate found for country=CA, zip=X0A 0A0; using carrier fallback
INFO [PTS87xDj] c.m.s.service.CarrierRateAPIService : Requesting carrier rate for zip=X0A 0A0
INFO [PTS87xDj] c.m.s.service.CarrierRateAPIService : Carrier request payload={zipCode=X0A 0A0, parcel=CalculateShippingRequest.Parcel(weight=1.05, length=20.0, width=15.0, height=10.0)}
INFO [PTS87xDj] c.m.s.service.CarrierRateAPIService : Carrier response payload=CarrierRateResponse(baseRate=24.0, surcharge=true, carrierCode=UPS, estimatedDeliveryDays=8)
INFO [PTS87xDj] c.m.s.service.CarrierRateAPIService : Carrier rate received baseRate=24.0, carrier=UPS, surcharge=true
INFO [PTS87xDj] c.m.s.service.LoyaltyShippingService : Using carrier rate baseRate=24.0, carrierSurcharge=5.50
INFO [PTS87xDj] c.m.s.service.LoyaltyShippingService : Applied tier=VIP discount=9.000
INFO [PTS87xDj] c.m.s.service.PromoEvaluatorService : Promo code WELCOME10 applied percentage discount
INFO [PTS87xDj] c.m.s.service.LoyaltyShippingService : Applied promo discount=2.950000
INFO [PTS87xDj] c.m.s.service.LoyaltyShippingService : Discount total=11.950000 capped=false netFreight=17.550000
INFO [PTS87xDj] c.m.s.service.LoyaltyShippingService : Shipping calculation result grossFreight=29.50, totalSurcharges=0, finalFee=17.550000
INFO [PTS87xDj] c.m.s.c.CheckoutShippingController : Shipping calculation completed with final fee 17.55
INFO [lpPYs7SX] c.m.s.c.CheckoutShippingController : Shipping calculation requested
INFO [lpPYs7SX] c.m.s.service.LoyaltyShippingService : Calculating shipping for country=CA, zip=X0A 0A0, cartTotal=100.0
WARN [lpPYs7SX] c.m.s.service.LoyaltyShippingService : No database rate found for country=CA, zip=X0A 0A0; using carrier fallback
INFO [lpPYs7SX] c.m.s.service.CarrierRateAPIService : Requesting carrier rate for zip=X0A 0A0
INFO [lpPYs7SX] c.m.s.service.CarrierRateAPIService : Carrier request payload={zipCode=X0A 0A0, parcel=CalculateShippingRequest.Parcel(weight=1.75, length=20.0, width=15.0, height=10.0)}
INFO [lpPYs7SX] c.m.s.service.CarrierRateAPIService : Carrier response payload=CarrierRateResponse(baseRate=24.0, surcharge=true, carrierCode=UPS, estimatedDeliveryDays=8)
INFO [lpPYs7SX] c.m.s.service.CarrierRateAPIService : Carrier rate received baseRate=24.0, carrier=UPS, surcharge=true
INFO [lpPYs7SX] c.m.s.service.LoyaltyShippingService : Using carrier rate baseRate=24.0, carrierSurcharge=5.50
INFO [lpPYs7SX] c.m.s.service.LoyaltyShippingService : Applied tier=VIP discount=30.000
INFO [lpPYs7SX] c.m.s.service.PromoEvaluatorService : Promo code VIP20 applied percentage discount
INFO [lpPYs7SX] c.m.s.service.LoyaltyShippingService : Applied promo discount=5.900000
INFO [lpPYs7SX] c.m.s.service.LoyaltyShippingService : Discount total=35.900000 capped=false netFreight=0
INFO [lpPYs7SX] c.m.s.service.LoyaltyShippingService : Shipping calculation result grossFreight=29.50, totalSurcharges=0, finalFee=0
INFO [lpPYs7SX] c.m.s.c.CheckoutShippingController : Shipping calculation completed with final fee 0.00
INFO [EYshHOtT] c.m.s.c.CheckoutShippingController : Shipping calculation requested
INFO [EYshHOtT] c.m.s.service.LoyaltyShippingService : Calculating shipping for country=CA, zip=X0A 0A0, cartTotal=40.0
WARN [EYshHOtT] c.m.s.service.LoyaltyShippingService : No database rate found for country=CA, zip=X0A 0A0; using carrier fallback
INFO [EYshHOtT] c.m.s.service.CarrierRateAPIService : Requesting carrier rate for zip=X0A 0A0
INFO [EYshHOtT] c.m.s.service.CarrierRateAPIService : Carrier request payload={zipCode=X0A 0A0, parcel=CalculateShippingRequest.Parcel(weight=1.15, length=20.0, width=15.0, height=10.0)}
INFO [EYshHOtT] c.m.s.service.CarrierRateAPIService : Carrier response payload=CarrierRateResponse(baseRate=24.0, surcharge=true, carrierCode=UPS, estimatedDeliveryDays=8)
INFO [EYshHOtT] c.m.s.service.CarrierRateAPIService : Carrier rate received baseRate=24.0, carrier=UPS, surcharge=true
INFO [EYshHOtT] c.m.s.service.LoyaltyShippingService : Using carrier rate baseRate=24.0, carrierSurcharge=5.50
INFO [EYshHOtT] c.m.s.service.LoyaltyShippingService : Applied tier=VIP discount=12.000
INFO [EYshHOtT] c.m.s.service.PromoEvaluatorService : Promo code VIP20 rejected below cart minimum 50.00
INFO [EYshHOtT] c.m.s.service.LoyaltyShippingService : Applied promo discount=0
INFO [EYshHOtT] c.m.s.service.LoyaltyShippingService : Discount total=12.000 capped=false netFreight=17.500
INFO [EYshHOtT] c.m.s.service.LoyaltyShippingService : Shipping calculation result grossFreight=29.50, totalSurcharges=0, finalFee=17.500
INFO [EYshHOtT] c.m.s.c.CheckoutShippingController : Shipping calculation completed with final fee 17.50
INFO [Wqbd4g5E] c.m.s.c.CheckoutShippingController : Shipping calculation requested
INFO [Wqbd4g5E] c.m.s.service.LoyaltyShippingService : Calculating shipping for country=CA, zip=X0A 0A0, cartTotal=100.0
WARN [Wqbd4g5E] c.m.s.service.LoyaltyShippingService : No database rate found for country=CA, zip=X0A 0A0; using carrier fallback
INFO [Wqbd4g5E] c.m.s.service.CarrierRateAPIService : Requesting carrier rate for zip=X0A 0A0
INFO [Wqbd4g5E] c.m.s.service.CarrierRateAPIService : Carrier request payload={zipCode=X0A 0A0, parcel=CalculateShippingRequest.Parcel(weight=1.75, length=20.0, width=15.0, height=10.0)}
INFO [Wqbd4g5E] c.m.s.service.CarrierRateAPIService : Carrier response payload=CarrierRateResponse(baseRate=24.0, surcharge=true, carrierCode=UPS, estimatedDeliveryDays=8)
INFO [Wqbd4g5E] c.m.s.service.CarrierRateAPIService : Carrier rate received baseRate=24.0, carrier=UPS, surcharge=true
INFO [Wqbd4g5E] c.m.s.service.LoyaltyShippingService : Using carrier rate baseRate=24.0, carrierSurcharge=5.50
INFO [Wqbd4g5E] c.m.s.service.LoyaltyShippingService : Applied tier=VIP discount=30.000
INFO [Wqbd4g5E] c.m.s.service.PromoEvaluatorService : Promo code FREESHIP10 applied flat discount 10.0000
INFO [Wqbd4g5E] c.m.s.service.LoyaltyShippingService : Applied promo discount=10.0000
INFO [Wqbd4g5E] c.m.s.service.LoyaltyShippingService : Discount total=40.0000 capped=false netFreight=0
INFO [Wqbd4g5E] c.m.s.service.LoyaltyShippingService : Shipping calculation result grossFreight=29.50, totalSurcharges=0, finalFee=0
INFO [Wqbd4g5E] c.m.s.c.CheckoutShippingController : Shipping calculation completed with final fee 0.00
INFO [N0ELrfFB] c.m.s.c.CheckoutShippingController : Shipping calculation requested
INFO [N0ELrfFB] c.m.s.service.LoyaltyShippingService : Calculating shipping for country=CA, zip=X0A 0A0, cartTotal=40.0
WARN [N0ELrfFB] c.m.s.service.LoyaltyShippingService : No database rate found for country=CA, zip=X0A 0A0; using carrier fallback
INFO [N0ELrfFB] c.m.s.service.CarrierRateAPIService : Requesting carrier rate for zip=X0A 0A0
INFO [N0ELrfFB] c.m.s.service.CarrierRateAPIService : Carrier request payload={zipCode=X0A 0A0, parcel=CalculateShippingRequest.Parcel(weight=1.15, length=20.0, width=15.0, height=10.0)}
INFO [N0ELrfFB] c.m.s.service.CarrierRateAPIService : Carrier response payload=CarrierRateResponse(baseRate=24.0, surcharge=true, carrierCode=UPS, estimatedDeliveryDays=8)
INFO [N0ELrfFB] c.m.s.service.CarrierRateAPIService : Carrier rate received baseRate=24.0, carrier=UPS, surcharge=true
INFO [N0ELrfFB] c.m.s.service.LoyaltyShippingService : Using carrier rate baseRate=24.0, carrierSurcharge=5.50
INFO [N0ELrfFB] c.m.s.service.LoyaltyShippingService : Applied tier=VIP discount=12.000
INFO [N0ELrfFB] c.m.s.service.PromoEvaluatorService : Promo code EARLYBIRD5 applied flat discount 5.0000
INFO [N0ELrfFB] c.m.s.service.LoyaltyShippingService : Applied promo discount=5.0000
INFO [N0ELrfFB] c.m.s.service.LoyaltyShippingService : Discount total=17.0000 capped=false netFreight=12.5000
INFO [N0ELrfFB] c.m.s.service.LoyaltyShippingService : Shipping calculation result grossFreight=29.50, totalSurcharges=0, finalFee=12.5000
INFO [N0ELrfFB] c.m.s.c.CheckoutShippingController : Shipping calculation completed with final fee 12.50
INFO [jPbKFebK] c.m.s.c.CheckoutShippingController : Shipping calculation requested
INFO [jPbKFebK] c.m.s.service.LoyaltyShippingService : Calculating shipping for country=CA, zip=X0A 0A0, cartTotal=30.0
WARN [jPbKFebK] c.m.s.service.LoyaltyShippingService : No database rate found for country=CA, zip=X0A 0A0; using carrier fallback
INFO [jPbKFebK] c.m.s.service.CarrierRateAPIService : Requesting carrier rate for zip=X0A 0A0
INFO [jPbKFebK] c.m.s.service.CarrierRateAPIService : Carrier request payload={zipCode=X0A 0A0, parcel=CalculateShippingRequest.Parcel(weight=1.05, length=20.0, width=15.0, height=10.0)}
INFO [jPbKFebK] c.m.s.service.CarrierRateAPIService : Carrier response payload=CarrierRateResponse(baseRate=24.0, surcharge=true, carrierCode=UPS, estimatedDeliveryDays=8)
INFO [jPbKFebK] c.m.s.service.CarrierRateAPIService : Carrier rate received baseRate=24.0, carrier=UPS, surcharge=true
INFO [jPbKFebK] c.m.s.service.LoyaltyShippingService : Using carrier rate baseRate=24.0, carrierSurcharge=5.50
INFO [jPbKFebK] c.m.s.service.LoyaltyShippingService : Applied tier=VIP discount=9.000
INFO [jPbKFebK] c.m.s.service.PromoEvaluatorService : Promo code EARLYBIRD5 rejected outside time window
INFO [jPbKFebK] c.m.s.service.LoyaltyShippingService : Applied promo discount=0
INFO [jPbKFebK] c.m.s.service.LoyaltyShippingService : Discount total=9.000 capped=false netFreight=20.500
INFO [jPbKFebK] c.m.s.service.LoyaltyShippingService : Shipping calculation result grossFreight=29.50, totalSurcharges=0, finalFee=20.500
INFO [jPbKFebK] c.m.s.c.CheckoutShippingController : Shipping calculation completed with final fee 20.50
INFO [qmElahKg] c.m.s.c.CheckoutShippingController : Shipping calculation requested
INFO [qmElahKg] c.m.s.service.LoyaltyShippingService : Calculating shipping for country=CA, zip=X0A 0A0, cartTotal=20.0
WARN [qmElahKg] c.m.s.service.LoyaltyShippingService : No database rate found for country=CA, zip=X0A 0A0; using carrier fallback
INFO [qmElahKg] c.m.s.service.CarrierRateAPIService : Requesting carrier rate for zip=X0A 0A0
INFO [qmElahKg] c.m.s.service.CarrierRateAPIService : Carrier request payload={zipCode=X0A 0A0, parcel=CalculateShippingRequest.Parcel(weight=0.95, length=20.0, width=15.0, height=10.0)}
INFO [qmElahKg] c.m.s.service.CarrierRateAPIService : Carrier response payload=CarrierRateResponse(baseRate=24.0, surcharge=true, carrierCode=UPS, estimatedDeliveryDays=8)
INFO [qmElahKg] c.m.s.service.CarrierRateAPIService : Carrier rate received baseRate=24.0, carrier=UPS, surcharge=true
INFO [qmElahKg] c.m.s.service.LoyaltyShippingService : Using carrier rate baseRate=24.0, carrierSurcharge=5.50
INFO [qmElahKg] c.m.s.service.LoyaltyShippingService : Applied tier=VIP discount=6.000
INFO [qmElahKg] c.m.s.service.PromoEvaluatorService : Promo code NIGHTOWL10 applied remaining-fee percentage discount
INFO [qmElahKg] c.m.s.service.LoyaltyShippingService : Applied promo discount=2.3500000
INFO [qmElahKg] c.m.s.service.LoyaltyShippingService : Discount total=8.3500000 capped=false netFreight=21.1500000
INFO [qmElahKg] c.m.s.service.LoyaltyShippingService : Shipping calculation result grossFreight=29.50, totalSurcharges=0, finalFee=21.1500000
INFO [qmElahKg] c.m.s.c.CheckoutShippingController : Shipping calculation completed with final fee 21.15
INFO [fhMmghTX] c.m.s.c.CheckoutShippingController : Shipping calculation requested
INFO [fhMmghTX] c.m.s.service.LoyaltyShippingService : Calculating shipping for country=CA, zip=X0A 0A0, cartTotal=20.0
WARN [fhMmghTX] c.m.s.service.LoyaltyShippingService : No database rate found for country=CA, zip=X0A 0A0; using carrier fallback
INFO [fhMmghTX] c.m.s.service.CarrierRateAPIService : Requesting carrier rate for zip=X0A 0A0
INFO [fhMmghTX] c.m.s.service.CarrierRateAPIService : Carrier request payload={zipCode=X0A 0A0, parcel=CalculateShippingRequest.Parcel(weight=0.95, length=20.0, width=15.0, height=10.0)}
INFO [fhMmghTX] c.m.s.service.CarrierRateAPIService : Carrier response payload=CarrierRateResponse(baseRate=24.0, surcharge=true, carrierCode=UPS, estimatedDeliveryDays=8)
INFO [fhMmghTX] c.m.s.service.CarrierRateAPIService : Carrier rate received baseRate=24.0, carrier=UPS, surcharge=true
INFO [fhMmghTX] c.m.s.service.LoyaltyShippingService : Using carrier rate baseRate=24.0, carrierSurcharge=5.50
INFO [fhMmghTX] c.m.s.service.LoyaltyShippingService : Applied tier=VIP discount=6.000
INFO [fhMmghTX] c.m.s.service.PromoEvaluatorService : Promo code NIGHTOWL10 rejected outside time window
INFO [fhMmghTX] c.m.s.service.LoyaltyShippingService : Applied promo discount=0
INFO [fhMmghTX] c.m.s.service.LoyaltyShippingService : Discount total=6.000 capped=false netFreight=23.500
INFO [fhMmghTX] c.m.s.service.LoyaltyShippingService : Shipping calculation result grossFreight=29.50, totalSurcharges=0, finalFee=23.500
INFO [fhMmghTX] c.m.s.c.CheckoutShippingController : Shipping calculation completed with final fee 23.50
INFO [Cla3egE0] c.m.s.c.CheckoutShippingController : Shipping calculation requested
INFO [Cla3egE0] c.m.s.service.LoyaltyShippingService : Calculating shipping for country=CA, zip=X0A 0A0, cartTotal=100.0
WARN [Cla3egE0] c.m.s.service.LoyaltyShippingService : No database rate found for country=CA, zip=X0A 0A0; using carrier fallback
INFO [Cla3egE0] c.m.s.service.CarrierRateAPIService : Requesting carrier rate for zip=X0A 0A0
INFO [Cla3egE0] c.m.s.service.CarrierRateAPIService : Carrier request payload={zipCode=X0A 0A0, parcel=CalculateShippingRequest.Parcel(weight=1.75, length=20.0, width=15.0, height=10.0)}
INFO [Cla3egE0] c.m.s.service.CarrierRateAPIService : Carrier response payload=CarrierRateResponse(baseRate=24.0, surcharge=true, carrierCode=UPS, estimatedDeliveryDays=8)
INFO [Cla3egE0] c.m.s.service.CarrierRateAPIService : Carrier rate received baseRate=24.0, carrier=UPS, surcharge=true
INFO [Cla3egE0] c.m.s.service.LoyaltyShippingService : Using carrier rate baseRate=24.0, carrierSurcharge=5.50
INFO [Cla3egE0] c.m.s.service.LoyaltyShippingService : Applied tier=VIP discount=30.000
WARN [Cla3egE0] c.m.s.service.PromoEvaluatorService : Promo code EXPIRED10 was not found or is inactive
INFO [Cla3egE0] c.m.s.service.LoyaltyShippingService : Applied promo discount=0
INFO [Cla3egE0] c.m.s.service.LoyaltyShippingService : Discount total=30.000 capped=false netFreight=0
INFO [Cla3egE0] c.m.s.service.LoyaltyShippingService : Shipping calculation result grossFreight=29.50, totalSurcharges=0, finalFee=0
INFO [Cla3egE0] c.m.s.c.CheckoutShippingController : Shipping calculation completed with final fee 0.00
INFO [4Qo8scFw] c.m.s.c.CheckoutShippingController : Shipping calculation requested
ERROR [4Qo8scFw] c.m.s.e.GlobalExceptionHandler : Bad request error
java.lang.IllegalArgumentException: Shipping is not available for country: XX
	at com.marketplace.shipping.service.LoyaltyShippingService.calculateShipping(LoyaltyShippingService.java:48)
	at com.marketplace.shipping.controller.CheckoutShippingController.calculateShipping(CheckoutShippingController.java:30)
INFO [EmF2UxgT] c.m.s.c.CheckoutShippingController : Shipping calculation requested
ERROR [EmF2UxgT] c.m.s.e.GlobalExceptionHandler : Bad request error
java.lang.IllegalArgumentException: Shipping is not available for country: null
	at com.marketplace.shipping.service.LoyaltyShippingService.calculateShipping(LoyaltyShippingService.java:48)
	at com.marketplace.shipping.controller.CheckoutShippingController.calculateShipping(CheckoutShippingController.java:30)
INFO [GtnA15tf] c.m.s.c.CheckoutShippingController : Shipping calculation requested
INFO [GtnA15tf] c.m.s.service.LoyaltyShippingService : Calculating shipping for country=US, zip=10001, cartTotal=50.0
INFO [GtnA15tf] c.m.s.service.LoyaltyShippingService : Using database rate baseRate=10.00, regionalSurcharge=2.50
ERROR [GtnA15tf] c.m.s.e.GlobalExceptionHandler : Bad request error
java.lang.IllegalArgumentException: No enum constant com.marketplace.shipping.domain.Tier.PLATINUM
	at java.base/java.lang.Enum.valueOf(Unknown Source)
	at com.marketplace.shipping.domain.Tier.valueOf(Tier.java:7)
INFO [ifj285sw] c.m.s.c.CheckoutShippingController : Shipping calculation requested
INFO [ifj285sw] c.m.s.service.LoyaltyShippingService : Calculating shipping for country=US, zip=10001, cartTotal=50.0
INFO [ifj285sw] c.m.s.service.LoyaltyShippingService : Using database rate baseRate=10.00, regionalSurcharge=2.50
INFO [ifj285sw] c.m.s.service.LoyaltyShippingService : Applied tier=GOLD discount=10.000
WARN [ifj285sw] c.m.s.service.PromoEvaluatorService : Promo code NOT_A_REAL_COUPON was not found or is inactive
INFO [ifj285sw] c.m.s.service.LoyaltyShippingService : Applied promo discount=0
INFO [ifj285sw] c.m.s.service.LoyaltyShippingService : Discount total=10.000 capped=false netFreight=2.500
INFO [ifj285sw] c.m.s.service.LoyaltyShippingService : Shipping calculation result grossFreight=12.50, totalSurcharges=0, finalFee=2.500
INFO [ifj285sw] c.m.s.c.CheckoutShippingController : Shipping calculation completed with final fee 2.50
INFO [BkzEk2fA] c.m.s.c.CheckoutShippingController : Shipping calculation requested
INFO [BkzEk2fA] c.m.s.service.LoyaltyShippingService : Calculating shipping for country=US, zip=10001, cartTotal=100.0
INFO [BkzEk2fA] c.m.s.service.LoyaltyShippingService : Using database rate baseRate=10.00, regionalSurcharge=2.50
INFO [BkzEk2fA] c.m.s.service.LoyaltyShippingService : Applied tier=GOLD discount=20.000
WARN [BkzEk2fA] c.m.s.service.PromoEvaluatorService : Promo code EXPIRED10 was not found or is inactive
INFO [BkzEk2fA] c.m.s.service.LoyaltyShippingService : Applied promo discount=0
INFO [BkzEk2fA] c.m.s.service.LoyaltyShippingService : Discount total=20.000 capped=false netFreight=0
INFO [BkzEk2fA] c.m.s.service.LoyaltyShippingService : Shipping calculation result grossFreight=12.50, totalSurcharges=0, finalFee=0
INFO [BkzEk2fA] c.m.s.c.CheckoutShippingController : Shipping calculation completed with final fee 0.00
INFO [bPp84vLv] c.m.s.c.CheckoutShippingController : Shipping calculation requested
INFO [bPp84vLv] c.m.s.service.LoyaltyShippingService : Calculating shipping for country=US, zip=10001, cartTotal=50.0
INFO [bPp84vLv] c.m.s.service.LoyaltyShippingService : Using database rate baseRate=10.00, regionalSurcharge=2.50
INFO [bPp84vLv] c.m.s.service.LoyaltyShippingService : Applied tier=GOLD discount=10.000
INFO [bPp84vLv] c.m.s.service.PromoEvaluatorService : No promo code supplied
INFO [bPp84vLv] c.m.s.service.LoyaltyShippingService : Applied promo discount=0
INFO [bPp84vLv] c.m.s.service.LoyaltyShippingService : Discount total=10.000 capped=false netFreight=2.500
INFO [bPp84vLv] c.m.s.service.LoyaltyShippingService : Shipping calculation result grossFreight=12.50, totalSurcharges=0, finalFee=2.500
INFO [bPp84vLv] c.m.s.c.CheckoutShippingController : Shipping calculation completed with final fee 2.50
INFO [vMJIpuP9] c.m.s.c.CheckoutShippingController : Shipping calculation requested
INFO [vMJIpuP9] c.m.s.service.LoyaltyShippingService : Calculating shipping for country=US, zip=88888, cartTotal=20.0
WARN [vMJIpuP9] c.m.s.service.LoyaltyShippingService : No database rate found for country=US, zip=88888; using carrier fallback
INFO [vMJIpuP9] c.m.s.service.CarrierRateAPIService : Requesting carrier rate for zip=88888
INFO [vMJIpuP9] c.m.s.service.CarrierRateAPIService : Carrier request payload={zipCode=88888, parcel=CalculateShippingRequest.Parcel(weight=0.95, length=20.0, width=15.0, height=10.0)}
INFO [vMJIpuP9] c.m.s.service.CarrierRateAPIService : Carrier response payload=CarrierRateResponse(baseRate=21.5, surcharge=true, carrierCode=DHL, estimatedDeliveryDays=7)
INFO [vMJIpuP9] c.m.s.service.CarrierRateAPIService : Carrier rate received baseRate=21.5, carrier=DHL, surcharge=true
INFO [vMJIpuP9] c.m.s.service.LoyaltyShippingService : Using carrier rate baseRate=21.5, carrierSurcharge=11.50
INFO [vMJIpuP9] c.m.s.service.LoyaltyShippingService : Applied tier=STANDARD discount=0.0
INFO [vMJIpuP9] c.m.s.service.PromoEvaluatorService : No promo code supplied
INFO [vMJIpuP9] c.m.s.service.LoyaltyShippingService : Applied promo discount=0
INFO [vMJIpuP9] c.m.s.service.LoyaltyShippingService : Discount total=0.0 capped=false netFreight=33.00
INFO [vMJIpuP9] c.m.s.service.LoyaltyShippingService : Shipping calculation result grossFreight=33.00, totalSurcharges=0, finalFee=33.00
INFO [vMJIpuP9] c.m.s.c.CheckoutShippingController : Shipping calculation completed with final fee 33.00
INFO [xT4xbc5O] c.m.s.c.CheckoutShippingController : Shipping calculation requested
INFO [xT4xbc5O] c.m.s.service.LoyaltyShippingService : Calculating shipping for country=US, zip=77777, cartTotal=120.0
WARN [xT4xbc5O] c.m.s.service.LoyaltyShippingService : No database rate found for country=US, zip=77777; using carrier fallback
INFO [xT4xbc5O] c.m.s.service.CarrierRateAPIService : Requesting carrier rate for zip=77777
INFO [xT4xbc5O] c.m.s.service.CarrierRateAPIService : Carrier request payload={zipCode=77777, parcel=CalculateShippingRequest.Parcel(weight=1.95, length=20.0, width=15.0, height=10.0)}
INFO [xT4xbc5O] c.m.s.service.CarrierRateAPIService : Carrier response payload=CarrierRateResponse(baseRate=13.25, surcharge=true, carrierCode=UNKNOWN, estimatedDeliveryDays=10)
INFO [xT4xbc5O] c.m.s.service.CarrierRateAPIService : Carrier rate received baseRate=13.25, carrier=UNKNOWN, surcharge=true
INFO [xT4xbc5O] c.m.s.service.LoyaltyShippingService : Using carrier rate baseRate=13.25, carrierSurcharge=0
INFO [xT4xbc5O] c.m.s.service.LoyaltyShippingService : Applied tier=STANDARD discount=0.0
INFO [xT4xbc5O] c.m.s.service.PromoEvaluatorService : No promo code supplied
INFO [xT4xbc5O] c.m.s.service.LoyaltyShippingService : Applied promo discount=0
INFO [xT4xbc5O] c.m.s.service.LoyaltyShippingService : Discount total=0.0 capped=false netFreight=13.25
INFO [xT4xbc5O] c.m.s.service.LoyaltyShippingService : Shipping calculation result grossFreight=13.25, totalSurcharges=0, finalFee=13.25
INFO [xT4xbc5O] c.m.s.c.CheckoutShippingController : Shipping calculation completed with final fee 13.25
INFO [CWIACl1m] c.m.s.c.CheckoutShippingController : Shipping calculation requested
INFO [CWIACl1m] c.m.s.service.LoyaltyShippingService : Calculating shipping for country=US, zip=66666, cartTotal=120.0
WARN [CWIACl1m] c.m.s.service.LoyaltyShippingService : No database rate found for country=US, zip=66666; using carrier fallback
INFO [CWIACl1m] c.m.s.service.CarrierRateAPIService : Requesting carrier rate for zip=66666
INFO [CWIACl1m] c.m.s.service.CarrierRateAPIService : Carrier request payload={zipCode=66666, parcel=CalculateShippingRequest.Parcel(weight=1.95, length=20.0, width=15.0, height=10.0)}
ERROR [CWIACl1m] c.m.s.service.CarrierRateAPIService : Carrier rate request failed for zip=66666
org.springframework.web.client.HttpServerErrorException$InternalServerError: 500 Internal Server Error: "{<EOL>  "message" : "Carrier service unavailable"<EOL>}"
	at org.springframework.web.client.HttpServerErrorException.create(HttpServerErrorException.java:100)
	at org.springframework.web.client.DefaultResponseErrorHandler.handleError(DefaultResponseErrorHandler.java:170)
ERROR [CWIACl1m] c.m.s.e.GlobalExceptionHandler : Unhandled application error
java.lang.IllegalStateException: Failed to communicate with external carrier service
	at com.marketplace.shipping.service.CarrierRateAPIService.fetchCarrierRate(CarrierRateAPIService.java:46)
	at com.marketplace.shipping.service.LoyaltyShippingService.calculateShipping(LoyaltyShippingService.java:76)
Caused by: org.springframework.web.client.HttpServerErrorException$InternalServerError: 500 Internal Server Error: "{<EOL>  "message" : "Carrier service unavailable"<EOL>}"
	at org.springframework.web.client.HttpServerErrorException.create(HttpServerErrorException.java:100)
	at org.springframework.web.client.DefaultResponseErrorHandler.handleError(DefaultResponseErrorHandler.java:170)
INFO [OLrPcgbD] c.m.s.c.CheckoutShippingController : Shipping calculation requested
INFO [OLrPcgbD] c.m.s.service.LoyaltyShippingService : Calculating shipping for country=US, zip=55555, cartTotal=20.0
WARN [OLrPcgbD] c.m.s.service.LoyaltyShippingService : No database rate found for country=US, zip=55555; using carrier fallback
INFO [OLrPcgbD] c.m.s.service.CarrierRateAPIService : Requesting carrier rate for zip=55555
INFO [OLrPcgbD] c.m.s.service.CarrierRateAPIService : Carrier request payload={zipCode=55555, parcel=CalculateShippingRequest.Parcel(weight=0.95, length=20.0, width=15.0, height=10.0)}
ERROR [OLrPcgbD] c.m.s.e.GlobalExceptionHandler : Unhandled application error
java.lang.IllegalStateException: Carrier API returned an empty or invalid rate response
	at com.marketplace.shipping.service.CarrierRateAPIService.fetchCarrierRate(CarrierRateAPIService.java:37)
	at com.marketplace.shipping.service.LoyaltyShippingService.calculateShipping(LoyaltyShippingService.java:76)
